[0.012605712807973712, 0.07548887415780055, 7.105082104460111e-40, 0.0, 0.10763215427303935, 0.03025482111694872, 0.013760430846064277, 0.01202490346993849, 0.0, 0.014677688702466066, 0.007957052139883371, 0.030929637280888145, 0.012319648932066204, 0.0, 0.012624767687570171, 0.005705514168734068, 1.7085332705198334e-161, 0.0, 0.01251690452549342, 0.08621371347605186, 0.06049605491177949, 0.029963157898797495, 0.013634475353866072, 0.011537503644019459, 0.011330042270662937, 0.032429629307114786, 0.015763238004891846, 0.0, 0.010582052694539547, 0.012532374444919149, 0.0125573704525646, 0.010756020250910027, 0.06941082131217687, 2.3974146687116813e-62, 0.012415055663148862, 1.9497341404669024e-99, 0.01396431392098647, 0.04844141161734462, 0.013326568934544545, 0.009125462871168851, 0.0, 0.018819844568672184, 0.019994710256195463, 0.03167604355402051, 0.0, 0.013077803610444602, 0.016367008117815145, 0.06336152178113642, 0.0015565753807790948, 0.012169115453479717]
[0.012618830972391864, 0.07543335192075479, 4.753305677228488e-40, 0.0, 0.1075164738981962, 0.030262501368808346, 0.013774046596429173, 0.012037742242769012, 0.0, 0.014691504164581072, 0.007967001625780446, 0.030936938297645752, 0.012332641048453597, 0.0, 0.012637903877799976, 0.005713143294313013, 2.423843510503316e-161, 0.0, 0.012529994427653913, 0.08613904958111604, 0.06046629001734421, 0.029971217039196748, 0.013647936442546716, 0.011550107234676458, 0.011342480444223204, 0.032435633085435484, 0.015777193023471036, 0.0, 0.010594055261656278, 0.012545451226292782, 0.012570470012138443, 0.010768091720845797, 0.06936432615715715, 1.533671191293675e-62, 0.01242808790158902, 1.4644186340177304e-99, 0.013977879318335606, 0.048428693746609935, 0.013339976546805734, 0.009136402656235509, 0.0, 0.018833890892881518, 0.020008410661916904, 0.03168301589533081, 0.0, 0.01309110223583901, 0.016380977447156442, 0.06332688691565919, 0.0015582753360524934, 0.012182025324461446]
[0.03565493117139625, 0.001589523961443352, 1.0492054838092843e-23, 0.0, 0.0005270377541622167, 0.016278959870373894, 0.035464302683004024, 0.03565651995241505, 3.074049155342038e-128, 0.03473021855835442, 0.03195937449024534, 0.015857997912968737, 0.03570008079229625, 0.0, 0.03568912057541446, 0.02638984715295167, 9.058620333391163e-63, 3.1689324847985027e-155, 0.035708537514131354, 0.0010553168161240474, 0.0032390872156733766, 0.016716517554600602, 0.03510939767986227, 0.03566325333799627, 0.035422536358152776, 0.014559054865072652, 0.033662422387494347, 1.892793027867901e-15, 0.035145888548612246, 0.03563273713516447, 0.03567336084944746, 0.03509001891883575, 0.0019222643761477272, 1.7278973174082996e-08, 0.03567298634354219, 4.225274833709387e-14, 0.03497138465216471, 0.005806072858657493, 0.03546388236252927, 0.03374491790366377, 1.4214931935292522e-14, 0.03058622019049305, 0.028776884009502787, 0.015511763858638353, 2.001078835548132e-62, 0.03549414679403132, 0.03294409391554962, 0.002779133997817081, 0.012489986649763606, 0.035660199013293536]
[0.01257020196697191, 0.0755690652997891, 5.390988302566823e-40, 0.0, 0.10759671194385342, 0.03032688146494079, 0.013728482635832135, 0.011987633794398753, 0.0, 0.014650498861093993, 0.007914886123776723, 0.031003928139523004, 0.012283145591078208, 0.0, 0.012589181552574347, 0.005668835679779535, 5.555757787268094e-191, 0.0, 0.012480943575952527, 0.08625711671641338, 0.06061196767544888, 0.030032435092559068, 0.01360319505028141, 0.011498568993766287, 0.011291581758711785, 0.032511521620225185, 0.015742119189432004, 0.0, 0.010541449114578452, 0.012496770253244235, 0.01252167073509341, 0.010716417142066085, 0.06951306840172432, 3.602318966628341e-62, 0.012378895579215397, 2.012234404539081e-114, 0.013934783223490134, 0.04856806227127274, 0.013293705806510398, 0.009083384579479568, 0.0, 0.01881494573877304, 0.019998822929082945, 0.031751889890791155, 0.0, 0.013044203262877124, 0.016349736961295217, 0.06347323489277304, 0.0014677692602476215, 0.012132287089073776]
[0.013790868850078885, 0.07041297167832622, 7.863906463412495e-24, 0.0, 0.09637824429008661, 0.031076336047670978, 0.015000687543709078, 0.013180000063776114, 0.0, 0.015944016655297318, 0.008822897510674495, 0.031721488504408084, 0.013491019564820014, 0.0, 0.01381170466505974, 0.00635716833588205, 9.177641850283357e-196, 0.0, 0.013698729607634881, 0.0792166079491041, 0.0579336049959986, 0.030818157559144962, 0.014859627247526954, 0.012667198541845068, 0.012443773448510474, 0.03311167501413438, 0.017051692394083006, 0.0, 0.011650107362892499, 0.013713308844843593, 0.013740420944642576, 0.01183195752724724, 0.0652065036055109, 1.1029790241109235e-41, 0.013590866870736512, 1.6071348389221605e-100, 0.015201997239050547, 0.04746041177360632, 0.014544138100122523, 0.010087518112336845, 2.8445044292423483e-193, 0.020142375723678087, 0.0212950278708245, 0.03244382960734017, 0.0, 0.014283480795224901, 0.017661906446127175, 0.06033023862412391, 0.001695620309862381, 0.013331819611737544]
[0.012606691403965217, 0.07551676230653137, 8.443393239661638e-38, 0.0, 0.10779674955970438, 0.03021106749388186, 0.013759016406242795, 0.0120271849588405, 0.0, 0.014673361475880548, 0.007965523582811804, 0.030885731117843995, 0.01232133623550592, 0.0, 0.01262576850941013, 0.0057150932594636685, 4.693362642856647e-152, 0.0, 0.012518179373415341, 0.08628252598303333, 0.060482313925813276, 0.029920207248789243, 0.013632341536269967, 0.011540970980225568, 0.011333862663600263, 0.032384183753441355, 0.01575552333819444, 0.0, 0.010587181424941108, 0.012533515234913199, 0.012558488963829429, 0.01076055231634177, 0.06941172709041168, 1.7600466829620023e-59, 0.01241648358023145, 2.414620010586131e-94, 0.013961606404703772, 0.048400770143525194, 0.01332579545357961, 0.009132763607050315, 7.405894410242291e-210, 0.018803765819466252, 0.019974576358262396, 0.031632585484887135, 0.0, 0.01307757350506866, 0.016357329234078132, 0.0633538561039586, 0.0015859580351532552, 0.01217107598806951]
[0.012485091914774404, 0.07601059172766421, 1.6919340139424388e-35, 0.0, 0.1087265082372176, 0.03016769270984829, 0.013634259635912627, 0.011907427617597667, 0.0, 0.01454837072813135, 0.007869137052775142, 0.03084638472335449, 0.012200502171448333, 0.0, 0.01250399404170845, 0.005639837136400673, 7.730400588926091e-151, 0.0, 0.012396682599595405, 0.0869196534005442, 0.06077317586228553, 0.02987293292804258, 0.013509259321935058, 0.011422737229687951, 0.011216995170254802, 0.032358200864215356, 0.015631176628394923, 0.0, 0.010473575122611385, 0.012412207236998068, 0.01243698606812726, 0.01064661386300156, 0.06983655260755266, 4.7363944381851483e-57, 0.012295422576205646, 1.1608403756364797e-90, 0.013837956478645856, 0.04854858539051366, 0.013202522342713024, 0.00902781734872311, 1.0313956671281504e-204, 0.01868370851685713, 0.019860065129749443, 0.0315967180204247, 0.0, 0.012954985538579874, 0.016233983703251388, 0.06368423790750236, 0.0015766047079063257, 0.012050845604320801]
[0.013942211817717393, 0.06976020710639633, 2.3897912942679853e-23, 0.0, 0.0949710920541367, 0.031180329802357902, 0.015158613768842333, 0.013327652355891333, 0.0, 0.01610527838123455, 0.008934829266977773, 0.031821201670914775, 0.01364065716523043, 0.0, 0.01396324793731364, 0.006442063603974544, 2.860234567169343e-197, 0.0, 0.013849637599696811, 0.0783248757859434, 0.05759674562008111, 0.03092620314821894, 0.015015993215822409, 0.012811685470869253, 0.012586300784590521, 0.03319706095862823, 0.017215738314634996, 0.0, 0.011787048273377147, 0.013864131475033183, 0.013891499411396294, 0.01196995596006091, 0.06466777967133445, 6.778069895382324e-41, 0.0137410562205036, 6.35665510954696e-101, 0.015359840115815895, 0.047329686165498056, 0.014699452847874404, 0.010211375256852215, 4.242942921800499e-191, 0.020310235179252675, 0.02146027366478245, 0.03253964331236443, 0.0, 0.014437357393207336, 0.017826794532111282, 0.05993445203995622, 0.0017173855986814819, 0.013480406886557673]
[0.012487912145265349, 0.07599521714479916, 1.9630022821988195e-35, 0.0, 0.10867731246866297, 0.030172971859328327, 0.013636903437359836, 0.011910205008237564, 0.0, 0.014551369544721603, 0.007871700367507941, 0.0308510994777728, 0.012203274824672214, 0.0, 0.012506781835781968, 0.0056420216435247, 2.0440920549013737e-148, 0.0, 0.012399449489317612, 0.0868941029814941, 0.060765092266382555, 0.029877904414593776, 0.013512415933468374, 0.011425400434449149, 0.011219674684338984, 0.03236272559028706, 0.01563447591409943, 0.0, 0.010476255160142198, 0.012415022033492429, 0.012439791148719589, 0.010649461867478026, 0.06983186464950891, 3.089844540878137e-57, 0.012298217162330292, 9.604232235415095e-89, 0.013841028739943233, 0.048549238678937845, 0.013205403700333148, 0.009030434360365632, 1.2582012318693419e-204, 0.018687073819573227, 0.01986395897734302, 0.03160039824122716, 0.0, 0.012957880473971306, 0.01623747884297495, 0.06367569872723414, 0.001589146710843969, 0.012053635105246893]
[0.013273441173900188, 0.07260935527918556, 2.1447817111437863e-34, 0.0, 0.10165281355662303, 0.030637841902442946, 0.014445933142916678, 0.012681191484193636, 0.0, 0.015371771950530312, 0.008484821121785245, 0.03129016353956485, 0.012982137125152957, 0.0, 0.01329296415917137, 0.006128602934825498, 4.570825419823178e-99, 0.0, 0.013183185977535195, 0.08233253791919379, 0.058959405339174736, 0.03036141805093907, 0.014314717465198712, 0.012183046041761845, 0.011971542254110097, 0.03272583491362609, 0.01646225767451712, 5.593253622789018e-204, 0.011202525372861656, 0.013198814247853867, 0.013224354886960306, 0.011381473848514168, 0.06702067700151339, 2.2216896577452928e-55, 0.013079099169204177, 8.036211371093445e-68, 0.014650861073074296, 0.0478012395501257, 0.014006000407219953, 0.009699266241385228, 3.2276957033165226e-161, 0.01951125198677915, 0.020670887240540472, 0.03201394574188565, 0.0, 0.013753346330603775, 0.017066526965297767, 0.06157497203938417, 0.001971384351988096, 0.012828390382893125]
[0.013158631459403386, 0.07311523497007112, 2.002085510438841e-33, 0.0, 0.1019398263503875, 0.030626896771275638, 0.014307481160180753, 0.012574475037964905, 0.0, 0.015232875165035286, 0.008443918246581592, 0.031266224175288085, 0.012870393164850065, 0.0, 0.013176843648204154, 0.006108261869232411, 4.512343404104469e-102, 0.0, 0.013068077023146286, 0.08280559166641532, 0.05924528435274401, 0.030332413026615768, 0.014196858550756556, 0.012081199525980107, 0.011871678023026966, 0.03272087835082815, 0.016320971068399276, 0.0, 0.01111775567210145, 0.013084724352131118, 0.013109777555953927, 0.011298236387877676, 0.06774474285391739, 5.82508617856117e-58, 0.01296660105920055, 1.6814094185151572e-59, 0.01452353158118607, 0.04805216746051342, 0.013881852724805339, 0.009638481436137833, 7.594149700945222e-181, 0.019348992853447298, 0.020524540191606516, 0.0319590402777058, 0.0, 0.013633303848648528, 0.016925890995647553, 0.06193930485029841, 0.0020674012067538033, 0.012719640931595918]
[0.013123141799805471, 0.073280076548774, 1.9331243341194558e-31, 0.0, 0.10234505295855252, 0.030608089809957526, 0.014277375993042005, 0.012537551587188408, 0.0, 0.015202405179947042, 0.008398139356030341, 0.03125309177052057, 0.012834424870728839, 0.0, 0.013141704546167544, 0.006064074191560941, 5.692153278997891e-131, 0.0, 0.013032788030608963, 0.08304738945415908, 0.05934800518773802, 0.0303160612811112, 0.014161768974861804, 0.012043795984461583, 0.011833547052712147, 0.03271088811382452, 0.01629112614631497, 0.0, 0.011077359400752555, 0.013049063016174941, 0.01307426513632045, 0.011256808261694238, 0.06783082653785492, 8.407866050763017e-55, 0.012930755021080991, 4.760041053320246e-70, 0.014490157876562495, 0.048082897943922835, 0.013848116361606048, 0.009594747498034793, 9.066859178012103e-197, 0.019327176345418424, 0.020500807943303473, 0.03195559471833602, 0.0, 0.013598657982270893, 0.01689604840751801, 0.06204691368890924, 0.0019062449137976542, 0.012683059958602496]
[0.013123264590586159, 0.07327957226793712, 2.008568947715039e-31, 0.0, 0.10234414118694114, 0.030608129476358863, 0.014277500455588106, 0.012537673058901536, 0.0, 0.015202529606113433, 0.008398241201812793, 0.03125312664000095, 0.012834547040480208, 0.0, 0.013141827401392667, 0.006064155879512763, 6.880198770492932e-131, 0.0, 0.013032910785663366, 0.08304674773837485, 0.05934770476213258, 0.030316104828101303, 0.014161892648357245, 0.012043916275361992, 0.011833666279116917, 0.03271090978136746, 0.016291249406390866, 0.0, 0.011077476112055118, 0.013049185643336287, 0.01307438794959741, 0.011256925457757444, 0.06783038655988756, 8.890473645773436e-55, 0.01293087738637584, 5.2489732839908156e-70, 0.014490281872917383, 0.04808274227496289, 0.013848240237521967, 0.009594856913744787, 1.2147633280001157e-196, 0.019327293212380862, 0.020500919199955794, 0.031955625583355664, 0.0, 0.013598781357613787, 0.01689617054282048, 0.06204657363967648, 0.001906282721272891, 0.012683181874498623]
[0.014284736997443974, 0.06785674178361564, 1.9585732844361174e-18, 0.0, 0.0893658776463434, 0.03185234979808688, 0.015515916072248679, 0.013659873425638808, 0.0, 0.01648643506416726, 0.00919608998939937, 0.03248571751162145, 0.0139775161334529, 0.0, 0.014305279394606216, 0.006657820738468411, 9.806767509122826e-75, 0.0, 0.014189489362243016, 0.0752752440561987, 0.05705912062412801, 0.03159049395218154, 0.015381185329751582, 0.01313329689403866, 0.012907207279345037, 0.03386012508368981, 0.01762343130282962, 9.568447099909888e-139, 0.012094088278376243, 0.014205678076552274, 0.014232959651308075, 0.012284125306406957, 0.06333401519670571, 1.2077435663846767e-36, 0.014079816791219418, 6.039401887878541e-41, 0.01573134903164307, 0.04757260701110806, 0.015055338575219717, 0.010493939465624508, 4.7650821455608985e-110, 0.020775132584111736, 0.021961132141168866, 0.03318862788824207, 3.0466901981192263e-189, 0.014789621664801704, 0.018250774595712907, 0.059167241872829, 0.0023043514554383217, 0.013815251813814471]
[0.0180720196273414, 0.05235416970638079, 1.9748422485947344e-10, 0.0, 0.06045564486553239, 0.03322326557690368, 0.01939685658188413, 0.017389660978716116, 0.0, 0.020379490614384266, 0.012196764638803448, 0.033721843640219386, 0.01774042390025558, 0.0, 0.018097528317160824, 0.008987307296654479, 2.5971710913944947e-78, 0.0, 0.017972782659755923, 0.05533109739356349, 0.04785921189969188, 0.03307912276768685, 0.019222022387344963, 0.016814560299807785, 0.016542727553981756, 0.0346764227017832, 0.021499400774257722, 3.338285403736522e-110, 0.015631921760824303, 0.017983339398382942, 0.018016937142462875, 0.015834119256700797, 0.05005173616186328, 5.734074087764421e-25, 0.017850249370124506, 6.927158305786634e-31, 0.019583826929353874, 0.042911863370294095, 0.018894581258916215, 0.01376110404330149, 3.7168046582164845e-90, 0.02451487208525606, 0.02553438042869368, 0.03429912275190329, 1.5558514340450865e-165, 0.018607834552611776, 0.022097026689914145, 0.048742290889473454, 0.0031126943407946933, 0.017559774959204758]
[2.5367758535452457e-06, 7.638757571859972e-14, 1.0905427796601254e-192, 0.9999275183842037, 2.358083647812978e-16, 1.7161114447935243e-08, 2.0087680001551605e-06, 2.8392419507152797e-06, 0.0, 1.613377132194879e-06, 5.242489408790594e-06, 1.4550773383671792e-08, 2.6892630466317547e-06, 1.0302921136103034e-55, 2.5327581749548084e-06, 6.43993465765513e-06, 0.0, 0.0, 2.5895037655577085e-06, 8.852118723622249e-15, 3.1448726650455963e-12, 1.939642405333462e-08, 1.9931287395869864e-06, 3.122868761363542e-06, 3.2321131279651727e-06, 9.192932786725553e-09, 1.2283434109156946e-06, 0.0, 3.6642129088438378e-06, 2.5714562942020427e-06, 2.5644744129005164e-06, 3.5365953149069778e-06, 2.2023673171406853e-13, 7.336670409093713e-42, 2.6332754760673097e-06, 0.0, 1.8739080274203157e-06, 7.168465249706402e-11, 2.183952027330545e-06, 4.557933411782825e-06, 0.0, 5.689317546027919e-07, 3.9976274769419944e-07, 1.2438349784891112e-08, 0.0, 2.294884031595292e-06, 1.0469969805274023e-06, 1.4236523009586193e-12, 3.681790080259647e-06, 2.7614601043633185e-06]
[0.013672025876452028, 0.07075162156541238, 9.678850058823291e-24, 0.0, 0.0964682430217442, 0.031206870392632705, 0.014884476756257755, 0.013059932783689387, 0.0, 0.015835832044296994, 0.008715120017666956, 0.031858285267105754, 0.013371220558105744, 0.0, 0.01369257172528891, 0.006271041827121029, 2.7585526757966496e-185, 0.0, 0.0135792089456125, 0.07948974633985714, 0.05829966521659648, 0.03094080967370999, 0.014746993524201417, 0.01254581781475938, 0.012323642390203319, 0.03327108480121719, 0.016954411269986203, 0.0, 0.011530140563743813, 0.013594461176866772, 0.0136213375063102, 0.011713262832790604, 0.06558172333420338, 5.365288486400852e-41, 0.01347144687421452, 1.6984068873346783e-96, 0.015090999606564204, 0.047796294183651646, 0.01442806623013945, 0.009972612248523034, 2.1103906473168896e-180, 0.020076727136609233, 0.0212500319190956, 0.03258474110964541, 0.0, 0.014166791013922903, 0.017572037691484455, 0.060699997780366, 0.0016986736467770936, 0.013212033175836278]
[0.012444032793201425, 0.07614866780745126, 8.70896787787869e-40, 0.0, 0.10898122783650172, 0.03020757565374391, 0.013597564764998899, 0.011864594863238249, 0.0, 0.014515147369596294, 0.007819944318011245, 0.030889600746769694, 0.012158541885571097, 0.0, 0.012462990898682774, 0.005594884443517494, 0.0, 0.0, 0.012355347367148798, 0.087089237827401, 0.06088943194531176, 0.029911893424467578, 0.013471680179378272, 0.011378525257430749, 0.011172702171080885, 0.032407284442074295, 0.0156026715825917, 0.0, 0.010427165805765042, 0.01237099254467673, 0.012395770524162672, 0.010600582240075504, 0.06994762989194128, 9.940664356997158e-61, 0.012253770438495865, 6.318171193923198e-132, 0.013801997429321686, 0.04863916670203495, 0.01316398659149583, 0.008979253368355374, 0.0, 0.018669824071175678, 0.01985205338114374, 0.03164418309662418, 0.0, 0.012915598159353085, 0.01620829659436091, 0.0638022580542726, 0.0013554754416989874, 0.012008447941686262]
[0.013805739361612812, 0.070234656253622, 8.439232333830953e-34, 0.0, 0.09576548078874399, 0.031159405964752883, 0.014989798024956646, 0.013204153780997955, 0.0, 0.01592944593347925, 0.008910327174944244, 0.031789432789585896, 0.013509721939029296, 0.0, 0.013825188411381245, 0.006465078520741572, 1.379887913186699e-148, 0.0, 0.013713609854272918, 0.07885110665789108, 0.0578797444235655, 0.030882842561776803, 0.014863360346589027, 0.01269665112462843, 0.01248098172327357, 0.03319082586209707, 0.01703213634633392, 0.0, 0.011697797048341506, 0.013729864691437542, 0.013755825880664839, 0.011882016811913084, 0.06530390345048774, 1.470386587116064e-51, 0.013608244259656588, 1.457045314346887e-94, 0.015202332855646095, 0.047602375330187206, 0.01454842336935815, 0.010159298272028664, 2.0001513406301662e-174, 0.020093209063271264, 0.021261496858679584, 0.032480362823537744, 0.0, 0.01429274535755832, 0.01764277299209825, 0.060281310187690215, 0.0019245766360122248, 0.013353756090056727]
[0.012475068408267053, 0.07601665722287625, 4.4196653884247525e-41, 0.0, 0.10868195381570075, 0.030236529491181264, 0.0136295489346009, 0.011894979953266908, 0.0, 0.014547975767362978, 0.00784367498912196, 0.030917512291802292, 0.012189258153767332, 0.0, 0.012494034479448546, 0.005613219179585075, 0.0, 0.0, 0.012386270311246178, 0.08690334617380169, 0.06082820959741609, 0.029941126151330898, 0.013503733692549315, 0.011408279469695175, 0.011202222623200522, 0.03243297199818769, 0.015636267746977798, 0.0, 0.010455629378240378, 0.012401949887688833, 0.012426754318225168, 0.01062937302608608, 0.06984243678617329, 1.7642498306702095e-61, 0.012284588456505454, 3.406115207661732e-148, 0.013834341035819903, 0.04862408252601127, 0.01319574026015626, 0.009005318846967718, 0.0, 0.01870437006267624, 0.01988692911069488, 0.03167077988490411, 0.0, 0.012947125517029232, 0.016242268313313137, 0.0637282219297314, 0.0012982494386058103, 0.012039000616901992]
[0.012471563281455576, 0.07603261263496007, 8.070514775813372e-41, 0.0, 0.1087249714298876, 0.03023243933138781, 0.013625871386106748, 0.011891562467249102, 0.0, 0.014544199027942477, 0.007841050363609927, 0.03091345842092908, 0.012185795148083827, 0.0, 0.012490522484263218, 0.00561125394464824, 0.0, 0.0, 0.012382774392679144, 0.08692748489892857, 0.06083417274003831, 0.02993698920567597, 0.013500087427978728, 0.011404933828369879, 0.011198940144017107, 0.03242908409661717, 0.01563237830679942, 0.0, 0.010452456402824177, 0.012398459460712268, 0.012423256584651763, 0.010626187980179972, 0.06985475041576382, 3.512835037426648e-61, 0.012281111366668557, 7.593395243060087e-148, 0.013830669764247508, 0.04862445598157911, 0.013192134181660715, 0.009002436313399986, 0.0, 0.018700187648271645, 0.0198826872972551, 0.03166675039480225, 0.0, 0.01294355877738042, 0.016238330766308574, 0.06373594696585287, 0.0012989133670792666, 0.012035561216937699]
[0.012469115803705227, 0.07604398179346072, 1.3968407813581303e-40, 0.0, 0.10875720102230979, 0.030229196190488545, 0.013623301617355185, 0.01188918120003097, 0.0, 0.014541546511582421, 0.00783921837659837, 0.03091023085031958, 0.01218337950236668, 0.0, 0.012488072155498787, 0.005609889658280769, 0.0, 0.0, 0.012380334705792353, 0.08694511921359031, 0.06083796065916481, 0.02993372510498752, 0.013497534133036828, 0.011402599676355972, 0.011196657528741338, 0.03242593377353368, 0.015629643013747276, 0.0, 0.01045024549212098, 0.012396026103626773, 0.012420813020067173, 0.010623969253587473, 0.06986333799615488, 6.588574932945727e-61, 0.012278684965314039, 1.601989068271836e-147, 0.01382809931648089, 0.04862414689522893, 0.013189614286236108, 0.009000428704669649, 0.0, 0.018697187493100165, 0.01987962467118272, 0.03166353693591541, 0.0, 0.012941068918232206, 0.016235548512790694, 0.0637410578980053, 0.0012996217837365211, 0.012033165109867816]
[0.012382433307291281, 0.07644765692321669, 1.0057326564580439e-37, 0.0, 0.10967250048065116, 0.0301261146867632, 0.013530896076710673, 0.011805668689942478, 0.0, 0.014444793892633923, 0.007781545480133868, 0.030809137504392688, 0.012098246422422427, 0.0, 0.012401313217273996, 0.005567493583674053, 1.255235670383604e-201, 0.0, 0.012294152247912823, 0.08751522331731337, 0.061015822400911225, 0.02982927263325606, 0.01340583391135151, 0.011321946210046913, 0.011116810428557439, 0.032331210960936406, 0.015528312114254247, 0.0, 0.010375220235410914, 0.01230968426942734, 0.012334383595856672, 0.010547674456659365, 0.07018861473219147, 1.7652655704997138e-58, 0.012193050131793927, 1.1737464960574033e-121, 0.013734446845003117, 0.048658343502323204, 0.01309917289676921, 0.008934669576516414, 0.0, 0.018586428471662197, 0.019766325401519545, 0.03156445778613129, 0.0, 0.01285185236768291, 0.016131865845646676, 0.06396104081348646, 0.0013875408835752753, 0.011948843558150618]
[0.012493131264522296, 0.07595367187055017, 6.674927296077737e-38, 0.0, 0.10865098615098673, 0.0302243727911404, 0.01364798143542567, 0.011912745801865134, 0.0, 0.014566264814473588, 0.007857149090509883, 0.030904088480842754, 0.012207195957286353, 0.0, 0.012512110422571209, 0.0056239184162073675, 0.0, 0.0, 0.012404303829540423, 0.08684689888893603, 0.060765860640659405, 0.029930091811955252, 0.013521832455854813, 0.011425714729083283, 0.011219685821921654, 0.03241568834221039, 0.01565404648260223, 0.0, 0.010472270159739717, 0.012420003428083035, 0.012444805200208412, 0.010646227874374367, 0.06977852963456091, 7.831051742241809e-58, 0.01230255902118039, 1.6302260184451413e-144, 0.013852673068947472, 0.048573132689889296, 0.013214042747951842, 0.009020388172426449, 0.0, 0.018719330272366722, 0.01989977896796026, 0.031656263858878084, 0.0, 0.012965366619196877, 0.016259595645145605, 0.06366452606730962, 0.0013159146229701167, 0.012056852296448504]
[0.0124135989505898, 0.07632654353514594, 3.652847820736766e-39, 0.0, 0.10938927256806082, 0.030146307183447713, 0.013561727579261178, 0.011836714693136368, 0.0, 0.014475753991831429, 0.00780891832239972, 0.03082760666122985, 0.0121293455970583, 0.0, 0.012432456261859204, 0.005589407211410908, 0.0, 0.0, 0.01232526807352004, 0.08734286162524248, 0.06095308240237778, 0.029849373381042855, 0.013437271744942721, 0.011352789322723182, 0.011147417228894566, 0.03234739318860195, 0.015559111404694436, 0.0, 0.010405596082006268, 0.012340811116754965, 0.012365532932516732, 0.010578247176289203, 0.07010102007103636, 2.3147658233073103e-59, 0.012224174061527588, 2.950790859462395e-138, 0.013765627567314004, 0.048639329823854015, 0.01313035339904414, 0.008963686071110127, 0.0, 0.018615384819100293, 0.01979503311170353, 0.03158034385995282, 0.0, 0.012883049830710175, 0.01616254785748831, 0.06388902725628358, 0.0013280882953505535, 0.011979925592367987]
[0.004383966774138643, 6.093458472886715e-05, 9.23887139026786e-53, 0.0, 1.2087348051738668e-05, 0.001741879965609923, 0.004271309413540318, 0.004410632668094452, 3.535175322296975e-85, 0.004196248540605996, 0.004207911844082414, 0.0016636284704072437, 0.00439761263583232, 0.0, 0.00438033314358372, 0.0037526860162416416, 9.269108826018148e-35, 9.237292074771219e-138, 0.004385586621715288, 3.302923387576429e-05, 0.00017053318182122618, 0.001786065831146067, 0.0042960593624362265, 0.004415275259387807, 0.004437950557954438, 0.0014862531132726455, 0.004066631736473125, 1.9861150515420265e-27, 0.004422177941597407, 0.004389252537722889, 0.0043869971694032684, 0.004448267744298341, 8.564891335175679e-05, 4.081282363853755e-19, 0.004391259424630343, 1.6966930824808757e-49, 0.004280699262857587, 0.0004165045710152668, 0.004334621515674764, 0.004351980010067397, 0.8734487169651907, 0.0035862317502566537, 0.003392460341526863, 0.0015836039053820506, 2.7703201823010585e-32, 0.004356122112071063, 0.003987009385570068, 0.00013778671648055076, 0.007038783375356277, 0.004405258793678665]
[0.014917534497153127, 0.06576983141000246, 1.6863780414127655e-17, 0.0, 0.08628014824579695, 0.03158079711830649, 0.016123924842088595, 0.014300921572525426, 0.0, 0.017065854350601893, 0.009805527222086247, 0.03217338812235069, 0.014615130059593372, 0.0, 0.014938335098483654, 0.007156054544897757, 1.6417729114772235e-98, 0.0, 0.014824336872940398, 0.07285483862265196, 0.055378537767491284, 0.03133724234162112, 0.015991811356653066, 0.013780886098703373, 0.013548462033917876, 0.033461115632680026, 0.01816106737309675, 1.4827190677515307e-161, 0.012742972043928031, 0.014838453851434348, 0.014866661279687535, 0.01292988025203347, 0.06155360316312896, 2.1924753284027404e-37, 0.014715790354555643, 2.1517659735019196e-43, 0.01632817997355558, 0.04638671958884209, 0.015672815175109316, 0.011128893460081947, 6.042963919104153e-135, 0.021177513843848625, 0.022296781202458014, 0.03282776210014759, 0.0, 0.01541162192200108, 0.01876116967108881, 0.05741567561748618, 0.002425444691837484, 0.01445431644740178]
[0.012768094869714766, 0.0747020178021793, 7.365410186388844e-30, 0.0, 0.10549889893109538, 0.030449776716433764, 0.01392817653143202, 0.012183567649832845, 0.0, 0.01485174870514151, 0.008083580346948366, 0.031120324234804656, 0.012480110616838376, 0.0, 0.012787072126841638, 0.00580996528046462, 3.653379018691006e-107, 0.0, 0.012678488310120459, 0.08501640763966734, 0.060199628885707596, 0.030158256368064185, 0.013803171639752802, 0.0116923490187369, 0.011484684707203433, 0.032612350605969266, 0.01594362111687929, 2.4454897338389127e-200, 0.010730550271712878, 0.012694441293507108, 0.01271942885397493, 0.0109069711743812, 0.06881821269574924, 7.648440774227764e-51, 0.012576122101110422, 1.0966437444350723e-64, 0.014135560439090058, 0.04842545826766375, 0.013493387347005115, 0.009262647875329776, 9.86520700779213e-161, 0.01901071079793543, 0.020191147794703816, 0.03186084470756681, 0.0, 0.01324338762785312, 0.01655097176558894, 0.06298135613651708, 0.00181776201758839, 0.012328746591312084]
[0.03486213183313103, 0.00426310570450692, 6.895888571570432e-11, 0.0, 0.0024517591796284714, 0.016759641113310866, 0.03444174477720312, 0.03503745854611347, 0.0, 0.033431239284677484, 0.032664571446009226, 0.016486280359236306, 0.03500165340594948, 0.0, 0.034905523279234615, 0.027385365146515926, 1.3256784162112519e-208, 0.0, 0.03495996044980622, 0.0034680680569129144, 0.006233954851378043, 0.01713758195945313, 0.03400216747745869, 0.03524406340505235, 0.03496970383167769, 0.015494527606356286, 0.03214362421075564, 1.0306153341224007e-131, 0.03500357841660414, 0.034848929746322754, 0.03489772028354457, 0.03479409117911156, 0.004641187762184683, 1.155012573898867e-11, 0.03494206262791437, 2.6765385569585954e-62, 0.03375525707700097, 0.008570666715258812, 0.03446403290953387, 0.03407212266203045, 1.8012477755310826e-96, 0.029022563489461497, 0.027239658091920766, 0.016301908555409115, 0.0, 0.03454296773508669, 0.031326945234014206, 0.0057242327962363886, 0.009513525952111825, 0.03499442059527802]
[0.013335368968401052, 0.072123707685628, 1.309056148959157e-26, 0.0, 0.09953101523844753, 0.030955664089499357, 0.014515758187483165, 0.012737887200472892, 0.0, 0.015456026709898625, 0.008516503759928542, 0.03160822082684415, 0.013041035771280343, 0.0, 0.013354533530084771, 0.006152778752765984, 3.169622280650089e-71, 0.0, 0.013243573290962752, 0.08136819460262232, 0.05898546814049862, 0.0306723150438158, 0.01439032553598644, 0.01223433687421299, 0.012022699847920341, 0.033055366632805304, 0.01656318657306443, 1.1457078681366856e-161, 0.011247955055729727, 0.013260234268033947, 0.013285667868523317, 0.011430690045659504, 0.06677097470552416, 4.422272378056221e-47, 0.013139079309496017, 4.718049221585326e-49, 0.01472939127419755, 0.048083546433409244, 0.014075219633391823, 0.009736347873244434, 1.40044531384644e-126, 0.019651317126654314, 0.020835326670388437, 0.03232776144806954, 1.2182575535214784e-207, 0.01382062587878384, 0.017177805412668046, 0.06152230613919839, 0.0021553853338969206, 0.012886398105916545]
[0.012425916052725113, 0.07629035981863073, 1.9979302336507264e-38, 0.0, 0.10931704324356048, 0.03013290953955545, 0.013572725393692385, 0.011849644436334713, 0.0, 0.014485372061750525, 0.00782394521460482, 0.03081339532452389, 0.012141993272899786, 0.0, 0.012444783080656193, 0.0056026369784387044, 6.602701536377421e-207, 0.0, 0.012337716391237265, 0.08729736171520187, 0.06092189989827997, 0.029836306485428055, 0.013448303955243237, 0.011366276764009618, 0.011160769764301574, 0.032331641213095876, 0.015566992139806982, 0.0, 0.010419762266215896, 0.01235316212008494, 0.012377910376466383, 0.010592112425410652, 0.07007312605470714, 9.824546771100597e-59, 0.012236710324181898, 2.551879364878272e-127, 0.01377604884957185, 0.04861398127003318, 0.013141784124930169, 0.008978525889251408, 0.0, 0.018618591457365358, 0.019796116437319204, 0.03156512560136726, 0.0, 0.0128947435811652, 0.016169376633615725, 0.06385769450418355, 0.0013745346294536467, 0.011992700566211574]
[0.01253839464429238, 0.07572219064365793, 1.2349941869163771e-29, 0.0, 0.10770258626696412, 0.030297137071134534, 0.013694883089896838, 0.011957123967023538, 0.0, 0.014614659656487795, 0.0078950370143987, 0.030977340882225986, 0.012252022932416723, 0.0, 0.012557415449121785, 0.0056550118166999825, 1.909291114893748e-153, 0.0, 0.012449433872181248, 0.0864188605634198, 0.060730690145873775, 0.03000265925803706, 0.013569009803436461, 0.01146941994913167, 0.011262489213742155, 0.032489988564262294, 0.015704127378459172, 0.0, 0.01051446200558491, 0.012465067140413623, 0.012489985725086474, 0.01068855588833125, 0.06963113490735, 1.0180533923787225e-49, 0.012347544011421118, 2.671928100139194e-86, 0.013899794645657474, 0.0486198907486634, 0.013260342893996342, 0.009060183124129947, 3.574286946073192e-188, 0.018774660357194675, 0.01995708812639787, 0.03172976132169262, 0.0, 0.013011252177020774, 0.016310555007584424, 0.06359943617815632, 0.0015783659236169073, 0.012101437502000363]
[0.01396220945993255, 0.06920200975324095, 1.2519684058854516e-19, 0.0, 0.09222116926261364, 0.03169456821594857, 0.015191040972583449, 0.01334050634116207, 0.0, 0.01615981534975425, 0.008925066791434887, 0.032342147281298014, 0.01365646291417461, 0.0, 0.013982704539719311, 0.006439972660910278, 5.633328082378768e-89, 0.0, 0.013867481167290582, 0.07709928589141811, 0.05780104664101914, 0.031427290301010644, 0.015054617162313145, 0.012817273475120232, 0.012593952197761955, 0.03374727786449384, 0.01729788790382555, 1.3436550209868277e-149, 0.011786363939260587, 0.013883729374815305, 0.013910674721204526, 0.011974480665468055, 0.06441588479284997, 2.365804932176787e-37, 0.013758285169444835, 2.301293478987177e-47, 0.015405344047449438, 0.04788932055006591, 0.014730296760298505, 0.010204058366930918, 8.525502008690966e-119, 0.020464347117907872, 0.021658846062661285, 0.03306254309261611, 2.257182363423169e-211, 0.014465389914180995, 0.017926880281155712, 0.06001644811214354, 0.002128268628397069, 0.01349505210499887]
[0.005648150508989526, 0.0008184392692000352, 9.982848877099118e-16, 0.0, 0.0003735014596873234, 0.0037534720688632917, 0.005661689042488296, 0.005623556092269683, 0.8295494460579602, 0.005626895529982433, 0.004998337817546936, 0.0036938479750238695, 0.005640256518082114, 0.0, 0.0056515984652849285, 0.004162060237370204, 8.65039723913987e-22, 1.0042960521442682e-81, 0.005648708703273958, 0.0006133981897643859, 0.00133591803006775, 0.0038112033366239193, 0.005636702183637858, 0.005600355657274861, 0.005562083435524026, 0.0035116699045938398, 0.005554850857202285, 4.241034155002501e-121, 0.005501266182320488, 0.005641973978749903, 0.0056478505042034865, 0.005509189710266239, 0.0009353687312512815, 1.2277951496081602e-07, 0.005641482762290231, 8.237413603707076e-145, 0.005629515045428566, 0.001974047251087284, 0.005656089795682594, 0.005269997230578669, 4.985694864788414e-18, 0.0053079834848324394, 0.0051465787248186345, 0.003641139203081937, 2.327584996299315e-15, 0.005650295756688325, 0.005500325908882725, 0.0012043519537768446, 0.0020361450123063682, 0.00563013407399758]
[0.014316372007111904, 0.06804044808280364, 3.95347692736398e-18, 0.0, 0.09035990436932202, 0.031546589938723175, 0.015529493277198677, 0.013699878486830235, 0.0, 0.016482152862647096, 0.00927089342971795, 0.03217053786280153, 0.014013546542560536, 0.0, 0.014336926362976258, 0.006723212633672058, 2.0997658747903886e-91, 0.0, 0.014222774047499357, 0.07571960224764793, 0.05687917508220056, 0.03128857582411592, 0.015396386953766895, 0.013180697635625179, 0.01295355109070692, 0.0335284126340794, 0.017596442258492384, 5.054915220969571e-154, 0.012151646912152996, 0.01423786908928561, 0.01426535254095391, 0.012338050191490023, 0.06344451776343747, 2.743591997904133e-37, 0.014114409993282248, 1.1225551659160323e-43, 0.015738205404278095, 0.047245517244859606, 0.015075126573458868, 0.01056298969177516, 3.538249995008598e-126, 0.020685291327491303, 0.021843172247905055, 0.03286174712535599, 0.0, 0.01481303675771113, 0.01821000960422578, 0.05905581424397638, 0.0022485098256996975, 0.013853159671898235]
[0.014695760516567404, 0.06571608371447621, 1.0909291287832974e-21, 0.0, 0.08505442029385335, 0.03238350253626363, 0.015955315087385354, 0.014054945583440306, 2.1186722889620904e-209, 0.01695080869764997, 0.00947102106979116, 0.03300585882694214, 0.014380526257594168, 0.0, 0.014716299913903379, 0.00688110123975441, 4.863939042096646e-51, 0.0, 0.014597584020984716, 0.07236823137604588, 0.05606075017076325, 0.03212704642291643, 0.01581596208927986, 0.013512885798746349, 0.013288824786564478, 0.0343459816216493, 0.018115030231539493, 1.1495337749682166e-123, 0.01244766063232397, 0.01461579595175288, 0.01464273484480737, 0.012646587550159415, 0.06156350018537461, 4.736715890056606e-38, 0.014485248259821755, 6.32489331139016e-43, 0.016181600122874715, 0.047347478514198085, 0.015486294563963051, 0.010805684825885068, 1.1667026940069527e-89, 0.021319795545943897, 0.022525571628712496, 0.03369825731771099, 7.097604877518055e-153, 0.015214813541627408, 0.018757802996276544, 0.05794749997497618, 0.0026012556309190533, 0.014214477468643615]
[0.024482736225309536, 0.02511338527952931, 7.137274126761272e-16, 0.0, 0.019869709284222402, 0.035315424309552416, 0.025988564482264016, 0.023673256703221627, 3.197642697135919e-50, 0.027086971805477984, 0.017112099157733037, 0.03547367397292326, 0.024090381276357736, 0.0, 0.0245094714220338, 0.012954648507734621, 2.793347423634062e-07, 6.853146169267032e-152, 0.02436277499787216, 0.023005094848353582, 0.029395967554178386, 0.035377317750489204, 0.025774172534846755, 0.022967140397305436, 0.022690047685830533, 0.035513030776951254, 0.028274158993477065, 8.771641090426719e-62, 0.02152142169580629, 0.024384960366392077, 0.02441886884048127, 0.021802659952439754, 0.025814143465009643, 3.139201873311732e-14, 0.024217971983168128, 4.521115689163857e-59, 0.026230016956428768, 0.032467632404686274, 0.02544012654828315, 0.019160170946832422, 4.435575074184971e-13, 0.031112056074765672, 0.03193681385434509, 0.03570329349702201, 2.20008090661821e-25, 0.025115083912541258, 0.028886154800836967, 0.02841320040229272, 0.006467729392681279, 0.023877386940534137]
[0.014806043202256858, 0.06606286931682463, 1.4192353371658402e-35, 0.0, 0.08674582851228126, 0.03164024669214514, 0.01596234274445435, 0.01420467732739297, 0.0, 0.016909821807733448, 0.009833588451873031, 0.03219303347339127, 0.014508853628759241, 0.0, 0.014823354220274788, 0.007235285680603815, 1.0091533032318044e-109, 0.0, 0.014711107300708542, 0.07312319996876082, 0.055405015902801696, 0.03135825654149412, 0.015873836661642278, 0.013690815314831007, 0.013471662203340732, 0.03349722574360263, 0.01800639543978651, 0.0, 0.012687853906467721, 0.014729601775096197, 0.014755543617425492, 0.012883855387750918, 0.0623296436950081, 5.241090740657189e-62, 0.014608042467046658, 2.0705521948877365e-57, 0.01619956866995336, 0.046615995703217776, 0.015544743058287902, 0.011121016199949834, 6.038062005945741e-203, 0.0209755829981385, 0.022135287635863855, 0.03276798704206242, 0.0, 0.015292586425501655, 0.018613051689529567, 0.05755177278120048, 0.0027699625952053632, 0.01435444400063453]
[0.01480596948772471, 0.06606324095374423, 1.4848831482733881e-35, 0.0, 0.08674701688875416, 0.03164010744192948, 0.01596226471309724, 0.014204606708768934, 0.0, 0.01690973764606399, 0.009833539648500663, 0.032192898575850865, 0.014508781583249728, 0.0, 0.014823280257884179, 0.007235250969002996, 1.1768910867825213e-109, 0.0, 0.014711034169159327, 0.07312382296674645, 0.05540513663737837, 0.031358120432104654, 0.01587375645423474, 0.013690747242053002, 0.013471594930811837, 0.03349709171861886, 0.018006306075614025, 0.0, 0.012687790512453691, 0.014729528609562214, 0.014755470003202075, 0.012883790298500017, 0.06232984607057338, 5.607848981685285e-62, 0.014607969507675195, 2.2352619285433137e-57, 0.01619948770603125, 0.0466159437797349, 0.015544665949468173, 0.011120960852858304, 8.130168396921691e-203, 0.020975481812583477, 0.022135178602916018, 0.03276785940677948, 0.0, 0.015292509813100581, 0.018612957743264467, 0.057551929627322466, 0.0027699517804730114, 0.014354372205507063]
[0.006447757810659047, 0.00028749658042984914, 3.6251033662058406e-43, 0.0, 8.386715944462626e-05, 0.0036743791550809916, 0.006441621506709872, 0.006411985765032603, 1.2319287879657804e-51, 0.0064372150115629455, 0.005630875046152545, 0.003558831500360486, 0.006431511267975608, 0.0, 0.006445785967654652, 0.004818300718948981, 6.209460070844646e-16, 2.3179501309755712e-126, 0.0064400960308323325, 0.00017999580142877313, 0.0006378529133413009, 0.0037440220690050144, 0.006445545809932108, 0.006358527825570704, 0.006368887213889651, 0.0032788877943299597, 0.006373681908709386, 1.7640690002970146e-44, 0.006245233617142292, 0.006447047631219941, 0.006446187839819289, 0.0062984718880445874, 0.00036992263325451644, 1.941977080161677e-13, 0.006434495787791603, 1.8262857151698313e-69, 0.006470994452046708, 0.0012598185690787312, 0.006469079676202891, 0.005966888595610102, 0.8093775740621351, 0.005984783379864489, 0.0057938841058267476, 0.0034417217517929387, 2.492741126997506e-16, 0.006468092253591488, 0.006324349443339612, 0.0005401704740404228, 0.006741363014145586, 0.006422794773413919]
[0.03126233085263869, 0.006117049922113934, 7.025907689056257e-28, 0.0, 0.0028269638842970497, 0.027545548669113788, 0.03217515169418901, 0.030665213243404474, 1.861565239531095e-107, 0.03280144356075504, 0.024448441826667635, 0.027144855178424333, 0.030977487017207185, 0.0, 0.03127645955216501, 0.01953881395373762, 1.967819611439745e-39, 1.0558254297830455e-174, 0.031170776858433946, 0.004572816913094289, 0.010030975600757544, 0.02785401168171478, 0.03206194464150491, 0.030092433358221517, 0.0298988931749623, 0.026002493551650234, 0.03329796486739635, 2.288539411934266e-32, 0.02887213097302176, 0.03119427717640672, 0.031218290137338588, 0.02916598620333454, 0.007092305159361892, 7.665459625837857e-14, 0.03106581665615459, 1.9239026452480576e-36, 0.03236833974003462, 0.015039953558771618, 0.03190188148490732, 0.026626037416187402, 2.0968488724113456e-09, 0.033725405830311535, 0.0335368958500388, 0.02675516445853172, 1.6216927888680496e-51, 0.03169697425514176, 0.03349035371425466, 0.009045432476127423, 0.0146225304548772, 0.03082015076526617]
[0.01301798239686023, 0.0736076215350526, 5.518372307388117e-32, 0.0, 0.10290939934184587, 0.030677288409646522, 0.014186517766837317, 0.012428212397294287, 0.0, 0.015115974840263422, 0.008275405700165356, 0.031339343050936296, 0.012727512952662622, 0.0, 0.013037142631872202, 0.005957899371705035, 3.0818879568278244e-153, 0.0, 0.012927628861116893, 0.08344462091249669, 0.05968711580273106, 0.030388008573279075, 0.014060748179228508, 0.011932286396831002, 0.011722075094447499, 0.03281357918779519, 0.016213243407052224, 0.0, 0.01095984516556622, 0.012943623644780347, 0.012968919862522769, 0.01113815022998745, 0.06799604244667684, 1.2997076537629158e-50, 0.01282432229549792, 4.098798813832918e-93, 0.014395344913902769, 0.04830442549179988, 0.013748967460202778, 0.009472719391613725, 4.121279527552446e-180, 0.019287969412332108, 0.020469520407332388, 0.0320687231605121, 0.0, 0.013497032010490895, 0.016823060909097787, 0.0623688455009462, 0.0016881531987155156, 0.012574727537454394]
[0.0015084109035971233, 2.2157636649664562e-07, 1.2443011558078466e-55, 0.0, 1.6900835566391156e-08, 7.551074603580411e-05, 0.0013154076850877192, 0.0016155468600658049, 2.038791904231467e-120, 0.0011367377791093576, 0.00226207790188375, 6.956894054368736e-05, 0.0015648084723560907, 0.0, 0.0015093633004916362, 0.0022759300041641896, 2.24285518298021e-71, 5.773193259151253e-89, 0.00153045906814899, 8.514754107070046e-08, 1.1771563316651335e-06, 8.118223160418944e-05, 0.0012961122709523962, 0.0017192795877814435, 0.0017300589580257553, 5.4501900880888204e-05, 0.0009507422535139776, 0.9600673144997702, 0.0018799017738573046, 0.0015182434913679423, 0.0015188689868647675, 0.0018226196315979217, 3.512744857475783e-07, 1.4094503356078338e-19, 0.0015444026261059022, 1.6774713956211784e-05, 0.0012384293480312899, 4.9053330284739414e-06, 0.0013733154075281678, 0.002112571058653961, 2.080302404990288e-21, 0.0005931058019403395, 0.00047140031706994844, 6.466109288221544e-05, 1.3094160730835542e-54, 0.0014132967730633283, 0.0008548113075557506, 8.203112581895457e-07, 0.001218958430222438, 0.0015880475731653066]
[0.013672398659057906, 0.07072441259038607, 2.4602662106967604e-22, 0.0, 0.09629180845481637, 0.031232227551417004, 0.01488640595903805, 0.013059779811899533, 0.0, 0.01583842438171776, 0.008712434314929535, 0.031885460368825336, 0.013371363681600032, 0.0, 0.013693006801596637, 0.006268363650538448, 1.8120351258201957e-162, 0.0, 0.013579560850207019, 0.07942155249801647, 0.05832426548543807, 0.030966244592067458, 0.014748067142649165, 0.012545360885986935, 0.012323015104889949, 0.033300411630373165, 0.016958106286379553, 2.6766287610306557e-213, 0.011528863527173952, 0.013594771949039474, 0.013621679765386707, 0.011711898000940416, 0.06555806279705413, 9.748698343104276e-40, 0.013471658470378319, 1.1199280843542885e-82, 0.015092607238862644, 0.047830890429099875, 0.014429150679946524, 0.009970440636028427, 2.5650656448162602e-166, 0.02008514205404414, 0.02125980282871194, 0.032614577237161047, 0.0, 0.014167580674848218, 0.01757637033584348, 0.06071479096848135, 0.0017570356830923874, 0.013212005870571955]
[0.013171835170503162, 0.07301893528556838, 7.241816516789156e-37, 0.0, 0.10182872504141373, 0.030672958087146283, 0.014328618876397145, 0.01258439833145121, 0.0, 0.01525772413037701, 0.008433383779023475, 0.03131502318425656, 0.012882087353394503, 0.0, 0.013190298954346856, 0.006092863582642126, 4.192660128746198e-112, 0.0, 0.013080982902894986, 0.08269535336813998, 0.05921073124488607, 0.03038123628366885, 0.014214665897786964, 0.012088698129325906, 0.011878196528532727, 0.032767524971142506, 0.016350545642341282, 0.0, 0.011119733087985525, 0.013097560422221459, 0.013122757203965987, 0.01130054047902138, 0.06762927081905704, 1.7565564699220077e-61, 0.012978779612580413, 3.539592323044216e-67, 0.014543887753899122, 0.04804560682989608, 0.01389916231109466, 0.009633071119627643, 2.7077590268675913e-195, 0.01939344626176196, 0.020570626270912083, 0.03201344917794228, 0.0, 0.013649071702544128, 0.016957758173952116, 0.06188721887661177, 0.0019828964538814715, 0.012730376543518258]
[6.222521030028621e-05, 4.504216626822237e-09, 3.3175813243178914e-107, 1.2026826882026446e-54, 1.5868872236399074e-10, 5.202567938896837e-06, 5.658100806703135e-05, 6.492267614379762e-05, 0.0, 5.161581755154423e-05, 7.65083473137973e-05, 4.754855735218297e-06, 6.363070821378503e-05, 0.9983596715515869, 6.217763634520031e-05, 7.61571656041722e-05, 0.0, 0.0, 6.271261615093982e-05, 1.2882204440373743e-09, 3.923194796736084e-08, 5.557980139297578e-06, 5.625044166968602e-05, 6.713224282431348e-05, 6.826737218879412e-05, 3.6977802274300106e-06, 4.578745521671034e-05, 0.0, 7.080250081618856e-05, 6.258222631280884e-05, 6.249689899092229e-05, 7.017090401540443e-05, 8.30563370159324e-09, 1.767545146949646e-12, 6.309824485316672e-05, 0.0, 5.5081779109126013e-05, 2.390291272133036e-07, 5.865503492278866e-05, 7.511247817890346e-05, 4.051239104152133e-211, 3.190852699839089e-05, 2.6903549136675246e-05, 4.364237325420033e-06, 0.0, 5.985148446923115e-05, 4.2622307756584864e-05, 2.4743470687455665e-08, 5.8916413670038616e-05, 6.426210559098058e-05]
[0.013218749183394225, 0.07277242219908937, 3.304645494299741e-39, 0.0, 0.10125020093849012, 0.03075866386076127, 0.014383318402263234, 0.012627764321031814, 0.0, 0.01531684819854419, 0.008452189791948712, 0.03140197569884018, 0.012927329638670968, 0.0, 0.01323742115989608, 0.006101388577022552, 6.917416222164796e-125, 0.0, 0.013127488634943571, 0.08234115897041074, 0.059124137364502345, 0.030468973897597007, 0.014266944661997287, 0.012129263465003865, 0.011917591547096573, 0.03285149751845096, 0.016414956191654187, 0.0, 0.01115420962764735, 0.013144057981256792, 0.013169410694908719, 0.011335694539207648, 0.06741718362004068, 7.707412741497199e-64, 0.013024565463533973, 5.169372355234817e-75, 0.014598566397200509, 0.04804615102568756, 0.013950431480593588, 0.009658684675163698, 2.5898986930498648e-210, 0.019472763868755214, 0.020652733501407387, 0.032103346019119135, 0.0, 0.013698765631868734, 0.017024828802801272, 0.06176835563965368, 0.0019153404562043828, 0.012774626198286594]
[0.012538395396577622, 0.07573246692043094, 3.0624755576714984e-40, 0.0, 0.10802559548945431, 0.03027794105302384, 0.013695343716200336, 0.011956907594387469, 0.0, 0.014615031600638586, 0.007892267826269917, 0.030956913778866658, 0.012251937937651535, 0.0, 0.012557442494678548, 0.005650888665023545, 5.77343539765006e-190, 0.0, 0.012449433339584376, 0.08650526932459794, 0.06068081616728091, 0.029984191425662627, 0.013569092675236944, 0.011469033645626356, 0.011262017758879181, 0.03246629071085785, 0.015704305357097097, 0.0, 0.010513520916186337, 0.012465049074822807, 0.012489977585178712, 0.01068761342185348, 0.06961917491562256, 6.293323346250099e-62, 0.01234748457907683, 2.7391713429158063e-116, 0.01390004696856283, 0.04856746978160865, 0.013260550371745549, 0.0090582844363054, 0.0, 0.01877361653988868, 0.01995489491157921, 0.03170808725702627, 0.0, 0.013011378833410817, 0.016310533550532764, 0.06355675191977547, 0.0014327035963792333, 0.012101278320128566]
[0.012473651412241693, 0.07606721323718998, 6.415662060921949e-35, 0.0, 0.10867301170666324, 0.03018990347270387, 0.01362167551099094, 0.011896402074023735, 0.0, 0.014536103855044469, 0.007861910521030186, 0.0308685592620309, 0.012189211714119453, 0.0, 0.012492487579792655, 0.005633327453291378, 1.754182479284094e-192, 0.0, 0.012385222558155837, 0.08694744069233358, 0.06083639126127835, 0.029892951436242363, 0.013497953262945258, 0.01141201802146116, 0.011206237129632552, 0.03238458919094548, 0.015619430965982041, 0.0, 0.010463809242559631, 0.012400782446675704, 0.012425551366200173, 0.010636812598083365, 0.06992187011028839, 1.529493817500554e-54, 0.012284102309919324, 4.380669011450122e-116, 0.013826082676411833, 0.048613339652759546, 0.01319065544920709, 0.009019437461216077, 0.0, 0.018673479744012064, 0.019852682783964643, 0.0316173593386383, 0.0, 0.012943297362621307, 0.01622277553658172, 0.06375064949810319, 0.001431910128569427, 0.012039709833226315]
[0.0141838636467438, 0.068111101269459, 1.1898284822261858e-24, 0.0, 0.09045400604586049, 0.03187309594334854, 0.015418063944847949, 0.013557782959617744, 0.0, 0.016393919541947723, 0.009099981125145463, 0.03250904630996309, 0.013875841718084439, 0.0, 0.014204076337685051, 0.0065939356415548505, 1.1524056216403705e-72, 0.0, 0.014088057908084893, 0.07572173723677998, 0.057177575399975096, 0.031607105513309225, 0.01528077517736822, 0.013029203140575048, 0.012809712217460405, 0.033890702510574335, 0.017538651902715675, 1.5333449764776307e-145, 0.011990792313861997, 0.014105610909191733, 0.014132021369919114, 0.012183469818059029, 0.06351097424525828, 1.546120208268819e-41, 0.013978224018419293, 5.703639427131798e-51, 0.015638437740382285, 0.047652853825947486, 0.014957324424423428, 0.01039418740571571, 4.120322321752179e-110, 0.02070734173995151, 0.02190577743084193, 0.033215396058852334, 7.725258292730462e-194, 0.014691413377225272, 0.018171881704515922, 0.05930197990377053, 0.0023305154998490025, 0.013713562550158485]
[0.012472512327008599, 0.07603461151152133, 6.364986479291435e-39, 0.0, 0.10877567638406185, 0.030222612643228335, 0.013626633547148957, 0.011892561398741164, 0.0, 0.014544759787993333, 0.0078419025155129, 0.030903217891382496, 0.012186769308454302, 0.0, 0.012491462435643782, 0.00561217104011218, 0.0, 0.0, 0.012383727687935673, 0.08694306893673753, 0.06082194965341281, 0.029927415419309246, 0.013500824045538456, 0.01140593255079393, 0.01120005847878502, 0.032417821559683334, 0.015632601434444605, 0.0, 0.010453483915643087, 0.012399430649050115, 0.012424211870194843, 0.010627275565570976, 0.0698519585556646, 6.174639373697861e-59, 0.012282073242773148, 1.1085211748632856e-143, 0.013831433816962398, 0.04860838423654157, 0.013192993822963942, 0.00900341448947775, 0.0, 0.018698958417353622, 0.01988071637235978, 0.03165610386103296, 0.0, 0.01294446727694563, 0.016238329841121737, 0.06372592679563274, 0.0013059924574358815, 0.012036554103004587]
[0.012416465114137278, 0.07632560184135057, 1.0948030099658425e-36, 0.0, 0.10934779346395028, 0.030135851089425684, 0.01356289704809904, 0.011840303437107251, 0.0, 0.014475894400074551, 0.007816544006468971, 0.030816365106916908, 0.012132559207669907, 0.0, 0.012435287081907453, 0.0055970860203122, 2.737266534719414e-206, 0.0, 0.012328224489427114, 0.08733288935987824, 0.06094819260947452, 0.02983851872479167, 0.013439023486170609, 0.011356954883073655, 0.011151645129232942, 0.03233604618350736, 0.015557942355707068, 0.0, 0.010410868116135081, 0.012343738955555175, 0.012368454079147852, 0.010583350412630796, 0.0701123443985848, 1.4477834594621987e-56, 0.012227276524637313, 1.4446476415929897e-125, 0.013766727433539093, 0.04863430168884665, 0.013132274964794681, 0.00897037988817007, 0.0, 0.018610345769624257, 0.019789047838286635, 0.031567694554915975, 0.0, 0.012885298730981728, 0.016160669663667214, 0.0638868483209346, 0.001374960577038558, 0.011983332899186067]
[0.02799207057807939, 0.013837555113193161, 5.255331221555924e-26, 0.0, 0.00886890240791674, 0.03240315569481936, 0.02925835893897314, 0.027257112655154746, 3.5217547296379615e-56, 0.030194328863236426, 0.020706943031071304, 0.03225417026328907, 0.027636216345774536, 0.0, 0.028010365739445542, 0.016274063307802206, 5.084124030997313e-09, 5.06546619460394e-160, 0.027878142670075726, 0.011665357778553286, 0.018680920808620684, 0.032574964669856814, 0.029084840677685336, 0.026581986611251968, 0.026384336611258597, 0.031663476598643665, 0.031126508729547742, 5.521378878544799e-60, 0.02521290247570952, 0.027911677923506753, 0.027935593366818643, 0.0255297458138748, 0.01499040127149021, 1.1541871140920608e-15, 0.027748731254872133, 5.214238672237683e-67, 0.029525019282215306, 0.023637228655248702, 0.028837271636843215, 0.022861491423893803, 8.527200361807885e-08, 0.03294255210531485, 0.03337208105135394, 0.032133488646060554, 1.3736592059409162e-26, 0.02856235795134648, 0.03158813956855273, 0.017531008954620297, 0.011901109264473323, 0.027445329407200764]
[0.013262657644583856, 0.07256003906583144, 8.135831499031519e-23, 0.0, 0.10023319298956085, 0.030854874501407975, 0.01444027088239597, 0.012667349801011007, 0.0, 0.015375338416726041, 0.008460473529220932, 0.03151072428117754, 0.012969559554715729, 0.0, 0.013282070623690157, 0.006097722568657549, 5.9009444168772524e-102, 0.0, 0.013171549802573589, 0.08192662240953101, 0.05920094426358047, 0.03057186490558922, 0.014314496607214443, 0.012166617333514351, 0.011952200296637872, 0.032964589929744194, 0.01647689748080894, 5.996584147266557e-177, 0.011182868971908526, 0.013187316929409042, 0.013213141840431783, 0.011362872727364168, 0.0671476027746979, 4.808900179950604e-43, 0.013067286552568657, 3.3080663330570105e-53, 0.014649499421804013, 0.04813814309094258, 0.013999447175547037, 0.009675751918474005, 2.832520921738392e-144, 0.01955724248419037, 0.020735094545498715, 0.03223403080286099, 0.0, 0.01374535659690314, 0.017087807540821336, 0.061782520845491885, 0.0019587106828721137, 0.012815248067839952]
[0.01365402157582884, 0.07066470681085521, 1.9342736302953294e-20, 0.0, 0.09562653989314736, 0.03135226936100853, 0.014864202362327529, 0.01304245863841284, 0.0, 0.015819721107298377, 0.008710269836840956, 0.032006071693260314, 0.013353180390030311, 0.0, 0.013674188716555813, 0.0062774272159528905, 2.5255914518896365e-97, 0.0, 0.013560793525238774, 0.07918116631875009, 0.05844447467465488, 0.031079182557062796, 0.01473064825271687, 0.012528152444500769, 0.012308114953851045, 0.033433936860236255, 0.016943938398258623, 3.586839183103065e-160, 0.011515518863506857, 0.013576730433563004, 0.01360327884082706, 0.011699997599740422, 0.06559347893951507, 8.072031575839439e-39, 0.013453415272960675, 1.149429325716675e-50, 0.01507553533614537, 0.048028184320072165, 0.014410201651543783, 0.009963193707328188, 1.8001836188329738e-128, 0.020080813555314922, 0.021269090392975348, 0.032732066679702215, 0.0, 0.014149302486166629, 0.01756604816552156, 0.060811407529350506, 0.0020218331859715925, 0.013194437307382683]
[0.013403558887271856, 0.07213025960181228, 7.227153418724446e-36, 0.0, 0.10082675939963416, 0.03064417149503335, 0.014577057815173747, 0.012810608283216143, 0.0, 0.015500186354018567, 0.008594445284589542, 0.031291456806418705, 0.01311213735358171, 0.0, 0.013423316175720602, 0.006214293311445837, 5.536788343742559e-113, 0.0, 0.013313506553388175, 0.0817375365586751, 0.05864318446949973, 0.03037213871072695, 0.014443656167558286, 0.012312082602626073, 0.012098897171805971, 0.03271188498454712, 0.016586529806226005, 4.650997817632007e-216, 0.011328050863263345, 0.013328703291669769, 0.013354498816437825, 0.01150654202429733, 0.06660751496911065, 2.5644161892501878e-56, 0.01320910469880449, 1.2194019347734225e-76, 0.014779309475445222, 0.04761423342079856, 0.014136122943603002, 0.009817230917745851, 2.1477728935510213e-170, 0.019622618407374958, 0.020772468051166056, 0.03201052722840409, 0.0, 0.013883235055591713, 0.01718768042021932, 0.061227081411898775, 0.0019094183060243085, 0.012957991744841859]
[0.012654778892824615, 0.07522655326857917, 3.2369887592221174e-30, 0.0, 0.10656625942617086, 0.030395968017502824, 0.013816008526108111, 0.012070569745384938, 0.0, 0.014739323508867206, 0.007980822379534824, 0.031071820291570306, 0.012366983316976917, 0.0, 0.012673883455632293, 0.005719116937428264, 8.917872849652483e-194, 0.0, 0.012565363974636048, 0.08572087566174016, 0.060483092809555376, 0.030103290702564997, 0.013690180979479586, 0.011580210244656941, 0.011371724078578477, 0.032574500952129555, 0.015831954365646692, 0.0, 0.010619525126623425, 0.012581027839765765, 0.012606128552183741, 0.010794726911341576, 0.06925053106976554, 6.806521638274723e-49, 0.012462984473452876, 7.104456142509088e-111, 0.014021870889278771, 0.048544698997631676, 0.013379956352214914, 0.009155145936004173, 9.356698623300938e-205, 0.018906899289173995, 0.020089494790445625, 0.031818797554202305, 0.0, 0.013129767879341048, 0.016439733341515154, 0.06330853766021668, 0.0014712648294120025, 0.012215626827487442]
[0.01242212798923688, 0.07627884543407708, 6.150972218052649e-39, 0.0, 0.1092883589694612, 0.030160916498202642, 0.013571804544934106, 0.011844551167731992, 0.0, 0.014486664176773762, 0.007812037972616467, 0.030842545339063786, 0.012137550090749643, 0.0, 0.012441027201994177, 0.0055908727934016675, 0.0, 0.0, 0.012333719361660044, 0.08727746678271832, 0.06093492215001658, 0.029864498512034796, 0.013446790870502382, 0.011360074199436678, 0.01115453227702028, 0.03236162817432637, 0.015571021100415403, 0.0, 0.010411699982000568, 0.012349267177118945, 0.012374014276286626, 0.01058449819944241, 0.07005656291226031, 3.3621170692038523e-59, 0.01223248331970831, 7.260003644211737e-134, 0.013775678887543065, 0.04863646080494608, 0.013139738551733917, 0.008968095719874126, 0.0, 0.018630123597894444, 0.019810179621721158, 0.031596081843228076, 0.0, 0.01289212952317357, 0.016174952914563178, 0.06386449036207349, 0.0013336506852236626, 0.011987935867564446]
[0.013105211653059409, 0.0731300183458445, 1.193392411984795e-23, 0.0, 0.10135523939881938, 0.030872668319015056, 0.014292548013526417, 0.012507056732618406, 0.0, 0.015232680887628993, 0.008299708642403841, 0.031541439671170034, 0.012810772698068157, 0.0, 0.013124904605456005, 0.005960545809426528, 4.5436134689035315e-125, 0.0, 0.013013907193830066, 0.08266838406536302, 0.05960246331949323, 0.030589289408870738, 0.014161712041926159, 0.012004718217648605, 0.011790678467857422, 0.03301308514772163, 0.016342658858638014, 2.8031165211615504e-191, 0.011018171295657235, 0.013029694823665509, 0.013055501448680291, 0.011197742743450824, 0.06756851923046239, 2.2188531330372733e-42, 0.012908927208163003, 2.8005291704014963e-66, 0.01450074686276627, 0.04836585902761297, 0.013846498969870492, 0.009511206562158305, 1.5623732763426872e-152, 0.019455948385520026, 0.02064385764027856, 0.03228332933448055, 0.0, 0.013590696099209194, 0.01695859988661711, 0.062206470056068996, 0.0017829081024716789, 0.01265563068690635]
[0.012515673158818534, 0.07583842159587499, 1.3530840268962468e-41, 0.0, 0.10825035396771807, 0.030272256057767323, 0.013671852344248206, 0.011934649339798127, 0.0, 0.01459119603909004, 0.007874352394782623, 0.030952353739510424, 0.012229433018729289, 0.0, 0.012534694371384386, 0.005636542205943377, 0.0, 0.0, 0.012426768683306668, 0.08664717376027888, 0.060747665957745764, 0.029977653023454457, 0.013545694045671894, 0.01144717792958219, 0.011240520750058677, 0.032464859202446864, 0.015680344902894668, 0.0, 0.010492623365025251, 0.012442409456456983, 0.012467291984984499, 0.010666576693652157, 0.06970076842773587, 5.8377963071693014e-62, 0.012324904923590027, 7.346038543990959e-146, 0.013876609487698841, 0.04860273771654158, 0.013237356810872071, 0.009039010303312691, 0.0, 0.018750198355306814, 0.019932603124606863, 0.03170473885194633, 0.0, 0.012988362875677274, 0.016286676211773418, 0.06363009480310215, 0.0012984962402024479, 0.012078903724502313]
[0.015591257684220412, 0.06213054947691505, 6.3744428817936336e-15, 0.0, 0.07767951487990023, 0.032775795017674164, 0.01689273268436951, 0.014929490238525741, 0.0, 0.017896270279121145, 0.010125365859586686, 0.033376963595455604, 0.01526712451883049, 0.0, 0.015614089248731351, 0.007347205444260519, 5.6581469634821864e-93, 0.0, 0.015492040849342182, 0.06761028846127458, 0.054046432722695895, 0.03255518366623603, 0.01673706881345768, 0.014372292067337434, 0.014127345899980454, 0.034621075355912675, 0.01906337712144943, 3.155749657361266e-131, 0.013258938105583946, 0.015507111485241537, 0.015536907616881836, 0.013457712745155587, 0.05849751228145583, 4.671021985625852e-30, 0.015374870470727244, 7.070908667908735e-43, 0.017104136487907984, 0.04635513304199583, 0.016402390011095242, 0.011534156885437333, 2.5606791889610642e-104, 0.02227059144526945, 0.02343383146458091, 0.03405689655406169, 2.592095833833781e-197, 0.016121720434671884, 0.019700659189497417, 0.055629462269755396, 0.0024123272321620124, 0.01509417821817016]
[0.014196538230028779, 0.06835691943613109, 4.463270794033531e-18, 0.0, 0.09064210939448938, 0.03167752954565619, 0.01541938787294325, 0.013576183292929412, 0.0, 0.016381925384237998, 0.009142382229259094, 0.032311590181619214, 0.013891622886732409, 0.0, 0.014217072581631596, 0.0066166194323150525, 4.064310925123318e-82, 0.0, 0.014102143923304864, 0.07602629526894825, 0.05722419531359978, 0.031415533430309665, 0.015284972003536009, 0.013053782624967402, 0.012827969527889756, 0.03368915144215157, 0.017509798584108078, 3.323674953397704e-143, 0.012021464691735068, 0.014117871938502911, 0.01414515102984504, 0.012209336951725719, 0.0637225060813359, 2.059076945961701e-36, 0.013993177715088689, 5.083710633919762e-42, 0.015631639224947882, 0.04754202835907364, 0.014961370777611763, 0.010431792987407592, 2.230091904904454e-115, 0.02064014962381884, 0.021817197915396866, 0.03301525324426314, 1.0332239847319247e-199, 0.014697419038574302, 0.018131903579538408, 0.05939385101200061, 0.0022337476790802186, 0.013730415406362625]
[0.013730771120440709, 0.0707271105120967, 2.2852417758834148e-40, 0.0, 0.09761799576813629, 0.03085655344941841, 0.014902019051156618, 0.01313449055129173, 0.0, 0.015833810299298545, 0.008876156739082193, 0.03147940671343266, 0.01343720212220418, 0.0, 0.013749895796531967, 0.006442183589857208, 1.4814749104803238e-87, 0.0, 0.013639184345421683, 0.07977212806000109, 0.05783828990533191, 0.030584036417094906, 0.014781713294837504, 0.012631045659005974, 0.012414988173881618, 0.03286710916588452, 0.01692491106492852, 0.0, 0.011640858841741838, 0.013655202060236989, 0.013681179262047682, 0.011824229520406045, 0.06562263348062428, 1.6475330875052946e-65, 0.01353504641458478, 6.6200084519147235e-62, 0.015113937814799224, 0.04731993558963761, 0.014466386708128796, 0.010114612708361056, 1.7360747449062883e-180, 0.019948099041988555, 0.021099847500380832, 0.03216179650248016, 0.0, 0.014213134465454911, 0.017528160429556506, 0.0603322925340669, 0.0022188912794271444, 0.013282753872689826]
[0.012467178390885281, 0.07607947139602372, 2.9192542126420285e-33, 0.0, 0.10885767193114658, 0.03018688585700817, 0.013620030594982024, 0.011887948670830994, 0.0, 0.01453644367343231, 0.007841316691077497, 0.030867469540353312, 0.01218182878769828, 0.0, 0.012486160277980867, 0.005612359749929125, 1.3719877948966728e-195, 0.0, 0.012378570078500835, 0.08700850983109783, 0.060827015383579014, 0.029892407118816997, 0.013494013529162322, 0.011402039219068065, 0.011195972747406815, 0.03238123479521336, 0.015622189202571975, 0.0, 0.010450502809702746, 0.012394130407536088, 0.012418947345137819, 0.01062383186874603, 0.06988569161138988, 2.3592747990205e-53, 0.01227700676131905, 6.040043132708224e-113, 0.013823874644049022, 0.048585365156727026, 0.01318665419481487, 0.009001766608723, 0.0, 0.018683507860455355, 0.01986226217990306, 0.03162062614648186, 0.0, 0.012938395351913701, 0.01622657452933334, 0.06373899571725988, 0.0014233948507559671, 0.012031754348214402]
[0.015247905419731261, 0.06375605650269929, 5.8032011124675095e-15, 0.0, 0.081002934704126, 0.032410424931506976, 0.016514464591583202, 0.014602881609445749, 0.0, 0.017499442438471482, 0.009927740519226482, 0.03301459901771535, 0.014931593979158725, 0.0, 0.015269755216082589, 0.007216921900047408, 8.963907652187951e-74, 0.0, 0.015150590069057873, 0.06979940870807716, 0.05483555398805363, 0.032176006536578226, 0.016369631486191943, 0.01405924111013545, 0.013820573361435046, 0.03429269362011708, 0.018646179986116118, 1.6098435667672871e-124, 0.012976302228672094, 0.015165802168254139, 0.015194762481692013, 0.013171408200082484, 0.05989391884220014, 1.050068186863862e-31, 0.015036808905817125, 2.1503463080130493e-36, 0.016726511524170238, 0.04661343018974762, 0.01603926645948146, 0.011298345250716378, 1.2948677377463372e-99, 0.02180239223517424, 0.02296308688678151, 0.033690939277439394, 3.533867317223813e-175, 0.015765750921044205, 0.01927423743757708, 0.056586732074128426, 0.002492333157752314, 0.014763371888877294]
[0.012541987696935626, 0.07576739346355132, 1.7761933143718175e-33, 0.0, 0.1082221749717745, 0.03023351382245842, 0.013697815726285803, 0.01196099572626492, 0.0, 0.014615839702293123, 0.007896729532852143, 0.030911588680884956, 0.012255816196034141, 0.0, 0.012561046614682107, 0.0056544656101343484, 0.0, 0.0, 0.01245315153841227, 0.08659193099406955, 0.06065726491752216, 0.02994101403663092, 0.01357119132725251, 0.011473509620206788, 0.011266630892809512, 0.03241775826111708, 0.015702838780982328, 0.0, 0.010518343370891421, 0.012468708319004202, 0.012493628096094004, 0.010692298314666693, 0.06962489372116988, 7.918843064268085e-53, 0.012351258694506083, 2.3810991031583545e-127, 0.01390180632397915, 0.04851349640887088, 0.013263345705280358, 0.00906317119255684, 0.0, 0.018765118891110447, 0.019942421847140967, 0.03166229514544716, 0.0, 0.013014432889181582, 0.01630758561753586, 0.06354230192736457, 0.0013749823971338938, 0.01210525287603564]
[0.012436222698165416, 0.0762300437211203, 6.09336144138124e-36, 0.0, 0.10916129897703179, 0.030162885184153235, 0.013585124063539313, 0.01185874986454908, 0.0, 0.014500017649852214, 0.007825567723143925, 0.030842994480054287, 0.012151664435850642, 0.0, 0.012455069282212182, 0.005602322979463444, 0.0, 0.0, 0.012347762406300021, 0.08720630247186095, 0.060901753893672, 0.02986625468112824, 0.01346093522400156, 0.011374209696783487, 0.011168695462651135, 0.03236049347594744, 0.015584083295337604, 0.0, 0.010425948324369794, 0.012363369862848144, 0.012388102315107332, 0.010598988082401608, 0.07002886234016419, 2.142009402018816e-55, 0.012246595935007888, 7.950128352451857e-134, 0.013789519179708016, 0.04862084339676551, 0.01315363712933546, 0.008982100510742058, 0.0, 0.018640736817815858, 0.01982042362098368, 0.03159417699786865, 0.0, 0.012906148023393675, 0.01618784180385912, 0.0638302792676443, 0.001337861122112007, 0.012002113453829346]
[0.022719116633528796, 0.03433239105061474, 6.27575639974387e-10, 0.0, 0.032889845753220466, 0.033505100491194026, 0.0241227224502352, 0.021983230664745716, 0.0, 0.02506988074819308, 0.015942023431630967, 0.03379801525302819, 0.022367136826746483, 0.0, 0.02275090898138534, 0.011914707196381106, 1.1624388145026619e-110, 0.0, 0.02261898332410318, 0.03383867631286928, 0.03547091105586724, 0.03353312439005016, 0.023885047800197772, 0.021361989448998503, 0.021042345121034218, 0.03413341391453184, 0.026102396077827782, 1.8392570924440774e-99, 0.0200198356750381, 0.02262146836049124, 0.022661981381996068, 0.020232275510412834, 0.03396317486366344, 5.989140083772006e-18, 0.02248259578373603, 1.4180106448324338e-37, 0.024255250965008912, 0.03534955310871088, 0.02358015178622301, 0.017831938900910758, 8.778077049240211e-78, 0.02874065638046045, 0.029445027177986294, 0.03418505952259826, 7.612511821686552e-181, 0.023276194689639762, 0.026621960942570886, 0.035180420742677875, 0.0040030038679436716, 0.022167482438123352]
[0.012857126852750323, 0.07432665041293537, 7.24844613085451e-32, 0.0, 0.10446906785140093, 0.030554800251739976, 0.014019551478367016, 0.01227093353725222, 0.0, 0.014945427708864669, 0.008153221627499442, 0.0312215323107576, 0.012568331813500587, 0.0, 0.012876147897469424, 0.005861576858603305, 9.723297119423195e-166, 0.0, 0.01276725028254038, 0.08443480033228778, 0.06004548444257082, 0.030262214725084342, 0.01389529624789145, 0.011778249855415718, 0.011569206275828671, 0.032709820253760194, 0.01603955400064503, 0.0, 0.010813005699822477, 0.012783169612811512, 0.012808314706977521, 0.010989920538957778, 0.06858340024313399, 1.787024879343996e-50, 0.012664626613766876, 1.3268420908069912e-99, 0.014227775128157445, 0.048428483201952775, 0.01358418813657634, 0.009338576405564552, 2.1285845301319057e-187, 0.019110378727786433, 0.020293239777756263, 0.031955558872043384, 0.0, 0.01333356784964098, 0.01664810388856779, 0.06279389653318232, 0.0016010210755720451, 0.012416527822144304]
[0.012475145610419049, 0.07602129107400304, 4.63310120847766e-39, 0.0, 0.10873011952334694, 0.03022794108046371, 0.013629381549548247, 0.011895134854114378, 0.0, 0.01454762493171747, 0.007843994829749157, 0.03090856167598413, 0.012189371994704988, 0.0, 0.012494101992023537, 0.00561375440260886, 0.0, 0.0, 0.0123863523799756, 0.08692013077001981, 0.06081947556268057, 0.029932694915133975, 0.013503594207754486, 0.011408459612875066, 0.011202521675115469, 0.032423253000084966, 0.015635610061189954, 0.0, 0.010455903178724904, 0.012402051007418403, 0.0124268406116211, 0.010629700113378542, 0.06984324719942965, 4.819874589652965e-59, 0.012284687694468496, 1.655177571926003e-142, 0.013834207423785662, 0.048611540003162666, 0.013195703607361999, 0.009005657462787385, 0.0, 0.01870241715495287, 0.019884397030050308, 0.031661413110189, 0.0, 0.01294714604754146, 0.01624142531033541, 0.06372168313218951, 0.001304323014619786, 0.012039141041549593]
[0.01249585578204281, 0.07592593804482567, 1.1909822231071003e-40, 0.0, 0.10846622978218597, 0.030253844389775058, 0.013651123895190862, 0.011915315125475749, 0.0, 0.014569991778609957, 0.007859546003358949, 0.030934287083151057, 0.012209836762180718, 0.0, 0.01251484550931184, 0.00562538759708232, 0.0, 0.0, 0.012407003324682414, 0.08677393182389623, 0.06078581390659938, 0.029958827224081, 0.013525170092287736, 0.011428233752429176, 0.01122189872163491, 0.032448155639514996, 0.015658674808136302, 0.0, 0.010474654005253839, 0.012422670803218067, 0.012447508644913254, 0.010648519566019709, 0.06977063488249347, 7.361097630441856e-61, 0.012305236821858783, 4.1055043434014584e-144, 0.013855927499326905, 0.048611857277582375, 0.013217011408996341, 0.009022705597043594, 0.0, 0.01872744232688738, 0.019909881099925274, 0.031686963012197006, 0.0, 0.012968219999308549, 0.016264823541966615, 0.06367717524050577, 0.0012994054011118575, 0.012059451671494843]
[0.012516753653963318, 0.07585532269046731, 1.0279041505380155e-36, 0.0, 0.10845046196023596, 0.030236137793582564, 0.013672383400527642, 0.011935892962620383, 0.0, 0.01459100639966389, 0.007875148635955783, 0.030915007513002263, 0.012230602723790094, 0.0, 0.012535758797906417, 0.005637838510493671, 0.0, 0.0, 0.012427872521136434, 0.0867160063972307, 0.060710506508277966, 0.029942506400558656, 0.013546024939256347, 0.011448430616218605, 0.011242166087440632, 0.032424100800127066, 0.015678973686218286, 0.0, 0.010493947782350415, 0.012443562418408228, 0.012468394905013894, 0.010668074725303706, 0.06969678405028706, 2.5420929924148827e-56, 0.012326032903229305, 7.535150471640968e-140, 0.013877057216676774, 0.04854775845381118, 0.013238152395274306, 0.009040182125688127, 0.0, 0.01874399321900739, 0.019923720764705687, 0.03166634373900092, 0.0, 0.012989304952588621, 0.016284513760724834, 0.06360116069246158, 0.0013219928495623217, 0.012080119893413711]
[0.012918731703922551, 0.0741409312642744, 3.4160651868542875e-33, 0.0, 0.10479141383821451, 0.030422335333499483, 0.014078560164397133, 0.012333715454328386, 0.0, 0.014999063595466083, 0.00821340333612094, 0.03108488324318738, 0.012630693872077348, 0.0, 0.01293785010806821, 0.005915114938549853, 2.3337415143709757e-102, 0.0, 0.012829260964445173, 0.08438727372577952, 0.05977001209525047, 0.030136635390974307, 0.013952071913830572, 0.01184196429032881, 0.011633222139658837, 0.03255475284261626, 0.01608567442106194, 1.559936765949923e-205, 0.010876936909884446, 0.012844946881561679, 0.012870102371534527, 0.01105347872104273, 0.06830827028613798, 8.145225596228132e-55, 0.012726678495548087, 2.798261901628567e-66, 0.014283990861313694, 0.048137030131289275, 0.013643670944545435, 0.009401348119899918, 5.895108141489377e-165, 0.019133195928064374, 0.020300945572049, 0.03181753207529271, 0.0, 0.013393690490792733, 0.016689157053664055, 0.06252258055679379, 0.0018598326712459987, 0.012479047148406027]
[0.014866102152457077, 0.06609208034783413, 5.72188297464671e-20, 0.0, 0.08688137206195308, 0.0314141216571876, 0.016025820597158253, 0.014267044659511374, 0.0, 0.01695465629476393, 0.009888831951203596, 0.03198224141984503, 0.014571232599800574, 0.0, 0.014884862352483317, 0.00726881068364414, 2.5238818580542025e-74, 0.0, 0.014773554514067805, 0.0732533471253024, 0.05539279473807898, 0.031150253223452613, 0.015920368620750556, 0.013758467557192082, 0.013533383425373932, 0.03327675482689576, 0.018031164615152553, 9.263443710186048e-156, 0.01275277376235503, 0.014789196072549348, 0.014816220987635721, 0.012941091105951551, 0.06208321182232534, 2.1430388701824165e-42, 0.014669544921142705, 5.856899045835624e-36, 0.016242997109935094, 0.04638925536016489, 0.015600064684355212, 0.011181653509209445, 1.4439245164967855e-130, 0.020972723177910785, 0.022095865932047192, 0.03258948257454904, 4.037534061635795e-204, 0.015347680157255008, 0.018623762346438342, 0.0575233606939974, 0.0027777212298953713, 0.014416128929651594]
[0.012407745293524087, 0.07632984132765992, 4.153459111292023e-35, 0.0, 0.10940728644772257, 0.030150570241374665, 0.013557984928379776, 0.011829981850855079, 0.0, 0.014473183072145021, 0.007797780531671201, 0.03083282795563524, 0.012123068696731801, 0.0, 0.012426646714786644, 0.005579416275757142, 3.580371162634527e-193, 0.0, 0.01231930410684661, 0.0873510046159052, 0.0609580723759656, 0.029854333974796476, 0.013432683562102487, 0.011345339312346155, 0.011139999506980552, 0.03235246789904188, 0.015557987010737896, 0.0, 0.010396841339874485, 0.012334894753946236, 0.012359616809977372, 0.010569732483409039, 0.07009387070433536, 1.5602918873010644e-55, 0.012218031969122098, 6.066051018760778e-114, 0.013761919061665446, 0.048640195607816135, 0.013125657635869441, 0.008953389580440424, 0.0, 0.01861837016717894, 0.019798569362653885, 0.03158741068197945, 0.0, 0.012877962801286603, 0.01616215800283281, 0.06389225842374774, 0.001408180874289308, 0.011973413898709267]
[0.012524323508582425, 0.07583751458419008, 2.7309545109639204e-33, 0.0, 0.10809889915015282, 0.03024984837871164, 0.013675711261577801, 0.011945096257009307, 0.0, 0.014593096721800584, 0.007895013500055977, 0.030926882194907943, 0.012238888548447737, 0.0, 0.012543184464190844, 0.005656865271087126, 7.918794938003418e-209, 0.0, 0.01243554393604144, 0.08661225643210234, 0.06073467004800774, 0.02995364769656588, 0.013552189773031841, 0.01145889456784415, 0.011252397309299281, 0.03243892880600963, 0.015679399950302646, 0.0, 0.010507269162551253, 0.012451204751177919, 0.012476048589965061, 0.010681130825520156, 0.06974688335402479, 3.451929205814139e-52, 0.012334120672012124, 5.102253166529473e-124, 0.013881156404413118, 0.04859438652108476, 0.013243663331449117, 0.009057271341881532, 0.0, 0.0187391292401665, 0.019919956123214892, 0.03167365152388653, 0.0, 0.012995549734386201, 0.016284229665938402, 0.06362650350276912, 0.0013956894362323943, 0.012088903311199174]
[0.0174591606538415, 0.053456638417951965, 1.3086252044618474e-22, 0.0, 0.06103020197902179, 0.0343246827292776, 0.018798201177335966, 0.016761929115405364, 0.0, 0.0198633741105958, 0.011610476408294821, 0.03481947730882822, 0.017116151161151824, 0.0, 0.017480142719544605, 0.00856166724616096, 2.343070096088468e-112, 0.0, 0.01735098193169799, 0.05613882591709105, 0.04921789556808907, 0.034114342084789084, 0.018667015958662818, 0.016164601884813886, 0.01591952636790564, 0.03587635589750753, 0.021083862734760723, 8.841268884863477e-140, 0.014988019131774845, 0.017372325800362364, 0.01740151000490326, 0.015216515035898283, 0.051625402972506194, 2.2187606847151483e-33, 0.01722989451937963, 5.525526942415019e-64, 0.019055574463841124, 0.04462952508423331, 0.0183107952701623, 0.013140520651739616, 6.212881313752952e-100, 0.024316104927004676, 0.025511387548097557, 0.035355715216819586, 0.0, 0.018020468610876045, 0.021750732893801177, 0.05010187426240197, 0.003222070837861494, 0.016936051122124818]
[0.013214697307286534, 0.07294919934985972, 4.601830268762244e-36, 0.0, 0.10248386649066209, 0.030534613912327462, 0.01438214795651743, 0.012625449921590114, 0.0, 0.015302242478748998, 0.00844845097099983, 0.03118816634247693, 0.012924984530148096, 0.0, 0.01323430164714696, 0.006098265831661252, 1.7391946596010955e-125, 0.0, 0.013125117086320718, 0.08282983951264593, 0.05908696576366719, 0.030257815719328573, 0.014250511449491798, 0.012130351987664219, 0.011918404509103397, 0.03262756739839498, 0.016386509940596008, 0.0, 0.011154158116896162, 0.013140254493168774, 0.013165884567577361, 0.011331108393165595, 0.06729422614217995, 1.9299105502310904e-56, 0.01302143625077476, 8.520128718774512e-83, 0.014584058331562061, 0.04780406905799343, 0.013943366127271843, 0.00965754904861653, 6.378245293574204e-179, 0.01942306089948079, 0.02057710954783579, 0.03191323466350759, 0.0, 0.013691780184777147, 0.016987202725670853, 0.061741843839218435, 0.0017983161761253581, 0.012771871172065668]
[0.012450363723727764, 0.0761507824408843, 1.927484071914257e-39, 0.0, 0.10899703802913809, 0.03018710526398651, 0.013601734969594739, 0.01187191987202336, 0.0, 0.014517486810341575, 0.007831865958107788, 0.030868284498017564, 0.01216538315245487, 0.0, 0.012469313125464605, 0.00560559918413729, 2.7055042659132158e-213, 0.0, 0.012361857575410837, 0.08709797793248603, 0.06087583141726689, 0.029891449750271516, 0.013476242129832805, 0.011386731082041981, 0.01118078162463702, 0.03238508394785993, 0.015602755731362128, 0.0, 0.010436683024071872, 0.0123773862518319, 0.012402187892306555, 0.010609682520643742, 0.0699506718941966, 8.049123617373878e-60, 0.012260445751199904, 5.705042184469437e-132, 0.01380557376133466, 0.04861913802235085, 0.013168956788985133, 0.008990331091463678, 0.0, 0.018663949165032404, 0.019843974263973958, 0.0316216007147882, 0.0, 0.012920988270635083, 0.01620707350695858, 0.06379239013777113, 0.001337855853507675, 0.01201552272243716]
[0.01239627145307688, 0.0763923093823119, 1.2698649235698967e-34, 0.0, 0.10951656356738498, 0.03013603055542957, 0.013544994876931976, 0.011819255059311041, 0.0, 0.0144592336938513, 0.007792405031553239, 0.030818402485112795, 0.012111955693653153, 0.0, 0.012415145679585482, 0.005575985805785041, 2.5296895828963482e-198, 0.0, 0.012307935380192328, 0.08743103478356876, 0.060990011238164936, 0.029839291541289944, 0.013420124974999684, 0.011335264201641696, 0.011130013931607587, 0.032339388402546146, 0.015542979943701532, 0.0, 0.010388034093325846, 0.01232348819829919, 0.012348199859802594, 0.010560661223353007, 0.0701494762565027, 1.6825650100131073e-54, 0.012206805315102924, 9.755177107632167e-118, 0.01374876578563936, 0.04865117465584261, 0.013113270015023337, 0.008946490592915432, 0.0, 0.01860093248688639, 0.019780754817624643, 0.03157281173964673, 0.0, 0.01286587635146784, 0.016146616836148306, 0.06393073323725051, 0.0013888132791972819, 0.011962497432848539]
[0.014711859434212682, 0.06633732310958938, 1.1764427199299875e-38, 0.0, 0.08716354138007104, 0.031719536789337914, 0.015878834343763325, 0.014106168170622076, 0.0, 0.016834871553251224, 0.009722144860976636, 0.032279957293170264, 0.014412455997791484, 0.0, 0.014729301519326301, 0.007136621788592429, 2.3743322477502195e-106, 0.0, 0.014616227852518662, 0.07344261253165743, 0.055645041956194415, 0.031436617878434936, 0.01578835401007245, 0.013588937652369371, 0.013369484980043544, 0.03359558620897648, 0.017942786597484425, 0.0, 0.012580890891764751, 0.01463501526077962, 0.014660973030654025, 0.012777876106342324, 0.06254952070945821, 2.700839664681132e-65, 0.014512407385803037, 2.1280081612107507e-59, 0.01611784935308885, 0.046797475206508066, 0.015456747490443741, 0.011009709174863588, 2.283067810620328e-205, 0.020946556948559313, 0.0221188644844573, 0.03286521262959982, 0.0, 0.015202490249223127, 0.018556026183076134, 0.05779434351231908, 0.0027027846202613733, 0.01425699064113788]
[0.012541001220398744, 0.07575496892205802, 4.9372316381863076e-36, 0.0, 0.10825087992730269, 0.030247243722461698, 0.013697510575771898, 0.011959622570563704, 0.0, 0.014616474446384179, 0.00789338952187324, 0.030925282143269357, 0.012254614752202473, 0.0, 0.012560033436618849, 0.005651854598714418, 0.0, 0.0, 0.012452061919367362, 0.0865840019346292, 0.06065301988019067, 0.029954375680931174, 0.013570870918715677, 0.01147170654341427, 0.011265182466254164, 0.032431699610179755, 0.01570462386780321, 0.0, 0.010516097795139122, 0.012467740596624895, 0.012492608691185115, 0.010690389222174131, 0.06961182890166143, 1.7009486679344542e-55, 0.01235011816142729, 1.983622562339313e-138, 0.013902120263149216, 0.04852004440783218, 0.01326292553056654, 0.009060317555712363, 0.0, 0.018769385067264867, 0.019948263716616527, 0.0316758708359771, 0.0, 0.013013888316153716, 0.016310133319363287, 0.06353550111861524, 0.001328363443537329, 0.012103984243516497]
[0.012443867836138389, 0.07621694423761986, 2.4513109881246336e-37, 0.0, 0.10914070322245333, 0.030143580720023596, 0.013590597252592991, 0.011867488338011269, 0.0, 0.014503339415222676, 0.007839560220331672, 0.030823110841059535, 0.012159888697020924, 0.0, 0.012462725532428876, 0.005615320271964575, 9.571213006689484e-202, 0.0, 0.012355635971208933, 0.08719209484072502, 0.06088362707242861, 0.02984701598006082, 0.013466436748610644, 0.011383973996231207, 0.01117834471687386, 0.03233992342565851, 0.01558489251236052, 0.0, 0.01043713377837716, 0.012371090214453035, 0.012395849957771148, 0.010609607024737596, 0.07002018228126307, 2.8016914061706126e-57, 0.012254625033927196, 3.1243249787156614e-124, 0.013794093016524577, 0.04860127094270818, 0.013159796813195531, 0.00899507715540999, 0.0, 0.01863549888830001, 0.019812769207367412, 0.031573463412998166, 0.0, 0.012912746437114037, 0.016187209923811747, 0.0638138972525147, 0.001376042695259587, 0.012010573969669437]
[0.012563453303737508, 0.07566182179773488, 1.4337570317639085e-35, 0.0, 0.10806401220092594, 0.03025790029626195, 0.013720801198461205, 0.011981589176917912, 0.0, 0.014640087564049515, 0.007910243017575973, 0.03093519856145954, 0.01227684824954451, 0.0, 0.012582515297004387, 0.005664780956294022, 0.0, 0.0, 0.012474461558483425, 0.08646105064342337, 0.06060020547288224, 0.029965734603059593, 0.013593888281530271, 0.011493249373861309, 0.011286479600570474, 0.03243916900097362, 0.01572842218319004, 0.0, 0.010536588433048612, 0.012490127839366292, 0.01251502757350564, 0.01071103022111365, 0.06953298840012408, 6.0309372401184525e-55, 0.012372418269555045, 8.707058293183764e-138, 0.013925341474653135, 0.04849490341437593, 0.01328587551495044, 0.009078933242607973, 0.0, 0.018793015203835247, 0.01997112967599875, 0.031685130070170445, 0.0, 0.013036658886206262, 0.016333915074088188, 0.06347500756877696, 0.0013339214765652591, 0.012126075168226558]
[0.015315323341436595, 0.06287170092256628, 1.2360520183983092e-17, 0.0, 0.07856414623499773, 0.033041770785748825, 0.016623940953655828, 0.014649838580361731, 0.0, 0.01764769036843674, 0.009867496235178092, 0.03365365321053198, 0.014988481177352153, 0.0, 0.015337286449362872, 0.007148881297965464, 1.5635282846000384e-88, 0.0, 0.015214211250688198, 0.06837103830884397, 0.05474143603215155, 0.03280358280432042, 0.016474679418408772, 0.014087972178488182, 0.013850005289252704, 0.034941173002251434, 0.018841720579999836, 7.014552668926214e-129, 0.012976944329776885, 0.015231683456476297, 0.015260397761501236, 0.01318072890038714, 0.0592609930177174, 1.1401829639612488e-31, 0.015097129144603205, 6.905025003489978e-47, 0.016850037162425745, 0.04699362346234593, 0.016134295753242694, 0.011262202709480598, 9.858306117644666e-99, 0.022119418779005317, 0.023330802231014972, 0.03433960402694213, 1.7069050130047995e-191, 0.015852242719814027, 0.019497586748935706, 0.056342170021251615, 0.0024186199134066124, 0.01481549126295241]
[0.02411986117230104, 0.026418865078075858, 1.5742169752555323e-15, 0.0, 0.021342042072934622, 0.03549660767656157, 0.025642341924857395, 0.023304010701530608, 9.796203733534225e-104, 0.026758163053288698, 0.016746242170684617, 0.03567171077346525, 0.023724017049032705, 0.0, 0.024146916625996894, 0.01260548252496809, 3.933896967066014e-28, 1.097871335764163e-192, 0.023998768545095618, 0.024389339079976168, 0.03045610958014216, 0.035542918912355406, 0.025433877929044592, 0.022594548595761363, 0.0223082648028852, 0.035766740041870554, 0.027968913914488205, 3.3465528140311924e-51, 0.021143313862526117, 0.0240202339119444, 0.02405513952020265, 0.021422531408210512, 0.02710851103631171, 2.91101284277682e-15, 0.023853234292168932, 1.2331753459908613e-35, 0.02588667938372368, 0.03327422197178316, 0.025086698554709415, 0.01878213886352096, 3.856388434236807e-24, 0.030885592297615942, 0.03174678065217502, 0.03591310053122569, 4.844744317874179e-58, 0.02475766836650665, 0.02859457220212183, 0.029540557668445627, 0.005983809676619417, 0.023509473064792646]
[0.012481751703173791, 0.07599634322384738, 4.2192981775812525e-38, 0.0, 0.10869945670914449, 0.030226809443247203, 0.013636134767583732, 0.011901629216534121, 0.0, 0.014554380857383286, 0.0078490332026957, 0.030907034936570738, 0.012195931132142889, 0.0, 0.012500712205535457, 0.0056177378819371486, 0.0, 0.0, 0.01239294506540645, 0.0868925747780915, 0.06079974967382631, 0.029931848628729905, 0.01351026657626561, 0.011414838163671188, 0.011208886306918636, 0.03242062587226622, 0.015642275751454868, 0.0, 0.010462010573075341, 0.012408649779298255, 0.012433439968540263, 0.01063587328603026, 0.06982037423082971, 6.845135211571415e-58, 0.012291259148157553, 2.485561084558603e-140, 0.013840944636484628, 0.04859791290613766, 0.013202406922762658, 0.009011230892596554, 0.0, 0.018708420963817307, 0.01988988617249928, 0.031659524078001246, 0.0, 0.012953822147009556, 0.016247992989984614, 0.06370075775297995, 0.0013088611804472298, 0.01204566612184513]
[0.012599584943023455, 0.07550613092261617, 6.946548807268469e-35, 0.0, 0.10755520921728674, 0.03025815372416511, 0.01375058725143064, 0.01201995247011949, 0.0, 0.014667894773315529, 0.007961036224456552, 0.030930479843606543, 0.012313950408434844, 0.0, 0.012618405428518121, 0.005712825513901275, 2.4529507652447086e-135, 0.0, 0.012510688663513141, 0.08620512566408331, 0.060509001181582485, 0.029963796320151993, 0.013627651538847502, 0.01153310053645919, 0.01132647794166096, 0.032432245385182336, 0.015753111322578655, 0.0, 0.010580174154667214, 0.012526427334458506, 0.012551280423165442, 0.010754691260890431, 0.06947011158085868, 4.271164331715202e-57, 0.012409234592443821, 8.831590476719357e-81, 0.013956556070982177, 0.04846678709933893, 0.013319102066024506, 0.00912694326925037, 4.0183555251331185e-197, 0.01880552401703225, 0.019982698414873712, 0.03167165787264579, 0.0, 0.013071009404808537, 0.016357056807842944, 0.06338106277192464, 0.0016503913489245227, 0.012163882098033848]
[0.012492448469238793, 0.07595404800778408, 2.0958012167467345e-37, 0.0, 0.10863096802217087, 0.030228309522103647, 0.013647174708457896, 0.011912112090791257, 0.0, 0.014565508566868501, 0.007857051269880603, 0.03090806708364852, 0.012206532412705055, 0.0, 0.012511419457683368, 0.005623950680689018, 0.0, 0.0, 0.01240361997480788, 0.08684131054607741, 0.06077117134059465, 0.029933781568414874, 0.013521160067378104, 0.011425120913666872, 0.011219089264667569, 0.03242016599577497, 0.01565337790936175, 0.0, 0.010471798376837852, 0.012419321487125429, 0.012444123399010593, 0.010645750756707397, 0.06978275878200957, 4.447965933456656e-57, 0.01230189000480084, 1.889668578848594e-139, 0.01385194759746501, 0.04858064212759846, 0.013213313690485094, 0.00902011767222419, 0.0, 0.018718976109989762, 0.019899818306535026, 0.031660144487982544, 0.0, 0.01296465578564201, 0.01625901200486423, 0.06366934243082495, 0.0013137942920209715, 0.012056204661803266]
[0.012479313912118014, 0.07600422188897415, 1.3964443595053636e-38, 0.0, 0.10869770447808114, 0.030229487605537567, 0.013633656109617255, 0.011899228434642304, 0.0, 0.014551944394503573, 0.007847231692235538, 0.03090990978040943, 0.012193507237113202, 0.0, 0.012498272212159831, 0.005616297319107365, 0.0, 0.0, 0.012390509329119233, 0.08689804185606329, 0.06080910250444129, 0.02993434670972745, 0.013507843966301841, 0.011412482869822533, 0.01120651887414223, 0.03242411818058579, 0.01563994010682295, 0.0, 0.010459762497882918, 0.012406211767024822, 0.012431003109089367, 0.010633593776102577, 0.06982907822384941, 1.9441430750253723e-58, 0.012288832448166014, 1.2146868699526766e-140, 0.013838487672386822, 0.04860632125030085, 0.013199944660737734, 0.009009202573921779, 0.0, 0.018706596086169546, 0.0198884199704283, 0.03166256536938592, 0.0, 0.012951363876328337, 0.016245742384921522, 0.06371005566229132, 0.0013058837947368931, 0.012043255261711237]
[0.01322128261713704, 0.07289655796881456, 1.6660976281826324e-28, 0.0, 0.10172126886527272, 0.0306311000318881, 0.014383081170836125, 0.012632582834699955, 0.0, 0.015308254161357013, 0.00846193667892318, 0.03127656336984895, 0.012931344671219916, 0.0, 0.013240284164117506, 0.006108044475609289, 5.366769394424163e-142, 0.0, 0.013130942575654664, 0.0825850008530263, 0.05912225080805854, 0.030345666767026935, 0.014261929604024354, 0.012136741395258855, 0.011924630497045846, 0.03272210172437521, 0.016396883005479118, 0.0, 0.011163132536263831, 0.013146773809818324, 0.01317227757287044, 0.011342290704157052, 0.0674411619990317, 3.125438757876956e-50, 0.013028023987994408, 7.092564824332311e-74, 0.014592332625213169, 0.047940452691202506, 0.013949474586976344, 0.009668933799109217, 9.31172000338992e-193, 0.019434577282221647, 0.020600517079602892, 0.03198375710768197, 0.0, 0.013698581343612994, 0.01700076518731017, 0.061783303237587524, 0.0018363238639229969, 0.012778872194479355]
[0.012462799603697533, 0.07609533897814949, 7.73942624365632e-32, 0.0, 0.1088223777287005, 0.030185722322169217, 0.013614573723374893, 0.011884037956588947, 0.0, 0.014530616212779101, 0.007841068607099903, 0.030866214171913355, 0.012177659265886851, 0.0, 0.012481745379047695, 0.005613337073466409, 4.609008039789667e-174, 0.0, 0.012374228041481515, 0.0870129242157844, 0.06084364564518257, 0.029890623953509873, 0.013489132833408593, 0.011398497158781273, 0.011192506806303733, 0.03238115673058878, 0.015615933909821215, 0.0, 0.010447842455149218, 0.012389792236346469, 0.01241459665513858, 0.010621091085063738, 0.06991062159004274, 4.173934225137841e-52, 0.012272774508264752, 2.2469065083370734e-99, 0.013818575390488825, 0.04859942161251586, 0.0131817216883466, 0.009000428401865834, 2.0880722933745286e-208, 0.01867612654499117, 0.019855190055511267, 0.03161881532193006, 0.0, 0.012933663772201178, 0.016220154671694506, 0.0637572194225866, 0.0014800990394474363, 0.012027725094139578]
[0.012480648797896315, 0.07599658733108029, 5.987677801881558e-39, 0.0, 0.10866618130192698, 0.030233688871309377, 0.013635089051118968, 0.011900518844629188, 0.0, 0.014553468770815217, 0.007848255464890763, 0.03091417658875963, 0.01219482009021006, 0.0, 0.01249960930951007, 0.005617025885637526, 0.0, 0.0, 0.012391839540308026, 0.0868834192808584, 0.060809305004237514, 0.02993849239476892, 0.013509283848239803, 0.01141374664790316, 0.011207729593483932, 0.03242856142390856, 0.01564158922300455, 0.0, 0.010460955739761565, 0.012407535329357566, 0.012432334912515322, 0.010634781010238091, 0.06982450524433342, 7.464723497677052e-59, 0.012290154028823955, 7.84907150337348e-141, 0.013839928983756852, 0.04861008032826479, 0.013201334882369027, 0.00901029880015195, 0.0, 0.01870869044178201, 0.01989073097943854, 0.031666876267169124, 0.0, 0.01295273024718153, 0.01624746625517644, 0.06370898435781727, 0.0013040191024715534, 0.012044555671808609]
[0.012511710016814248, 0.07585666025904449, 1.1917235281058227e-40, 0.0, 0.108300982665187, 0.030267220093691007, 0.01366761425834777, 0.011930814040151986, 0.0, 0.014586827917262382, 0.007871566268286502, 0.03094728880569101, 0.012225527294151332, 0.0, 0.012530720229528418, 0.005634557559725802, 0.0, 0.0, 0.012422815111773932, 0.08667501867584433, 0.06075374680016952, 0.029972523505163266, 0.013541536519191122, 0.011443432445316636, 0.011236875536519168, 0.032459951922936194, 0.015675823363282906, 0.0, 0.010489123585484953, 0.01243846956380434, 0.012463336912416904, 0.010663075524456857, 0.06971546539430722, 8.457377003438667e-61, 0.012320979017429734, 1.499489296214863e-142, 0.013872413799925357, 0.04860271143136093, 0.01323324863413773, 0.00903589884075597, 0.0, 0.01874517526232914, 0.0199275174185562, 0.03169957991268282, 0.0, 0.012984315852095547, 0.016282089830662972, 0.06363840454125329, 0.0012999427695127473, 0.012075038266896262]
[0.013812764599412294, 0.07028328705230857, 1.8183205997464825e-33, 0.0, 0.09567014035999877, 0.031088476781682414, 0.014970932194197614, 0.013219104876231094, 0.0, 0.015908490701908515, 0.00897658202750583, 0.03169589493316163, 0.013519727016167809, 0.0, 0.01383080601425401, 0.006533213127741687, 3.7318743298663415e-114, 0.0, 0.013720202910112875, 0.07886919645449583, 0.057755676255404474, 0.03079912207145172, 0.014866779486392423, 0.012715672988940956, 0.012501544935232792, 0.033093398196941376, 0.017004416786814882, 0.0, 0.011732113865818015, 0.013737553034225289, 0.013763066236344119, 0.011919020671336255, 0.06558945996444832, 4.453066386372817e-58, 0.013617524912712281, 1.1236947222222968e-61, 0.015195109848947678, 0.047544923536392364, 0.014545517800412477, 0.010212134640079288, 4.2081464484690954e-194, 0.02002305012650304, 0.02119589243490424, 0.03234535308048559, 0.0, 0.014294285608691892, 0.01761240607094563, 0.06022102029779226, 0.0022493796427059953, 0.013366758281158981]
[0.013879113567642444, 0.06991626523696844, 4.1011905245240174e-36, 0.0, 0.09483106218964388, 0.03121935909549901, 0.01504741336963743, 0.013280534154188324, 0.0, 0.015992056162617223, 0.009004719967269731, 0.0318271869601778, 0.013583679237801096, 0.0, 0.013897329383876403, 0.006548630619261545, 2.1375081687560343e-126, 0.0, 0.013785840227807466, 0.07834373531978113, 0.05762058638157359, 0.030931731772115736, 0.014941010615072782, 0.012772932306487418, 0.012557838654123075, 0.03322047499725797, 0.017096240766608647, 0.0, 0.011781310351416439, 0.013803404912836827, 0.013829029632334323, 0.01196974725017145, 0.06528667905671029, 8.931793495670854e-61, 0.01368225402057052, 2.05520852674983e-69, 0.01527296450978448, 0.04754915644550079, 0.014618014274715459, 0.010249465374130282, 1.4667720757799502e-209, 0.020135817857426346, 0.021314476675348946, 0.03247831147232879, 0.0, 0.014364713385186289, 0.017708646188593656, 0.06004046235596736, 0.002188378754208765, 0.013429426319329417]
[0.012480851452975719, 0.07599791149861676, 2.0422209948220242e-38, 0.0, 0.10868566653753342, 0.030230075866804165, 0.013635231380855707, 0.011900738292222558, 0.0, 0.014553536604226437, 0.00784842360791568, 0.030910433051347764, 0.012195031514929644, 0.0, 0.012499809133764802, 0.005617232218060792, 0.0, 0.0, 0.012392044259749015, 0.08688986294722606, 0.06080530093037492, 0.029934974542163584, 0.013509410179532843, 0.011413966708459025, 0.011207989648719262, 0.03242445651230321, 0.01564153874224919, 0.0, 0.01046118352598244, 0.012407745272558475, 0.012432537249808162, 0.010635025763704257, 0.06982385660035834, 3.150106335616728e-58, 0.012290361526138058, 5.3288770412620065e-140, 0.013840067632485816, 0.04860441835999741, 0.013201506561924916, 0.00901050676962825, 0.0, 0.018708139221856726, 0.019889907084406022, 0.03166300725273956, 0.0, 0.012952917631112117, 0.01624733375957283, 0.06370578829362747, 0.0013064423251606151, 0.012044769385825618]
[0.012522765937706471, 0.07587961200112747, 1.1902629909966334e-35, 0.0, 0.10833740517607444, 0.030195241124632653, 0.013670390508826989, 0.0119454909460595, 0.0, 0.014583897328820438, 0.007905504967693891, 0.030871515911540817, 0.01223836333032974, 0.0, 0.012541635533722806, 0.005668710810748268, 7.39527095580131e-187, 0.0, 0.012434385718441235, 0.08671011188635472, 0.060715059626675165, 0.029899440358119637, 0.013546514337088894, 0.011461056878879914, 0.011254865522621761, 0.0323820338758787, 0.01566570229791081, 0.0, 0.010512080500898465, 0.012449854052718085, 0.012474681772194497, 0.010685066449149648, 0.0697655690221823, 2.8695297916270004e-55, 0.012333232224171547, 9.424935255457963e-115, 0.013874309148215351, 0.04854616858464076, 0.013239516204015773, 0.009065613594158053, 3.503323824191224e-215, 0.01871426848178655, 0.01989043523488088, 0.031617576858474286, 0.0, 0.012992211521622785, 0.016267985214541113, 0.06361715231362543, 0.0014357632732792988, 0.012088811325041112]
[0.01310523264106698, 0.07336314020694093, 1.2324018428549116e-36, 0.0, 0.10304807686068476, 0.03053242800126749, 0.014264812272350278, 0.012518288319425462, 0.0, 0.015188769132962557, 0.008371440271786715, 0.03118226172621546, 0.012816088873263727, 0.0, 0.013124150004748106, 0.006040780719301174, 4.1332684717996484e-102, 0.0, 0.01301510635627931, 0.08330620338654557, 0.05931873060553399, 0.030247191150032635, 0.014143531401542881, 0.012024054797045793, 0.011813379204439376, 0.03263369102120652, 0.01627679787290438, 0.0, 0.011054816671204871, 0.013031025211594272, 0.013056353712453403, 0.011233406692907243, 0.06775800001240151, 2.9275499843197965e-60, 0.01291250643283558, 6.697137598955787e-66, 0.014473859823928108, 0.047965521130817465, 0.0138318221887349, 0.00956942124965057, 1.3955195945025548e-180, 0.019316145095394557, 0.02048276597631477, 0.03189622113680765, 0.0, 0.013581505679383914, 0.01688062288239665, 0.062021522447704855, 0.00193620403318186, 0.012664124644908802]
[0.012499891759855436, 0.07590905186380995, 4.571837123700801e-40, 0.0, 0.10843170799952451, 0.030255886996051196, 0.013655250041121322, 0.011919285903666458, 0.0, 0.01457417194080979, 0.007862734103097645, 0.03093614767078957, 0.012213843460742913, 0.0, 0.012518884540600605, 0.005627907115850445, 0.0, 0.0, 0.012411029418724366, 0.08675135235022255, 0.06077617537341197, 0.02996094790238272, 0.013529291409957346, 0.011432136357178848, 0.011225773264350928, 0.03244959715258212, 0.015662879301559646, 0.0, 0.010478410806282784, 0.012426697943854821, 0.012451540035925303, 0.010652310507863107, 0.06975712197858785, 4.0712313466291485e-60, 0.012309252096632773, 1.5324917758257597e-141, 0.013860073786762992, 0.048607629507127686, 0.013221112313000931, 0.009026176507266915, 0.0, 0.018731535936950445, 0.01991387293102724, 0.03168860389849698, 0.0, 0.012972303359574482, 0.016269024206626476, 0.06366625102292081, 0.0013006984024879697, 0.012063438678746718]
[0.015833182233410483, 0.06236632618589988, 1.4693036691882139e-40, 0.0, 0.08274173639571657, 0.031296003475305055, 0.01704013727614641, 0.015214944151580227, 0.0, 0.017954549509101362, 0.01059784836718128, 0.03184885329065678, 0.015531689441301054, 0.0, 0.015855208521039253, 0.00782431170269548, 1.369035502143936e-76, 0.0, 0.015741829279023328, 0.06922877853794293, 0.05271884284491129, 0.031094279441183592, 0.016882870834390988, 0.014692981523180996, 0.0144621618833479, 0.03299759834007939, 0.019009901316192627, 1.3730721442882173e-193, 0.013636058090882721, 0.01575466352851854, 0.015783063324169427, 0.013823112921111531, 0.05825179255412564, 1.285123829192121e-60, 0.01563130616584298, 1.2834439249006422e-68, 0.01722614622458966, 0.044495252662493816, 0.016584944989826732, 0.011977073789924126, 2.6189123134554517e-148, 0.021893290068253714, 0.02292184413327488, 0.032475506923986965, 0.0, 0.016324496670987954, 0.01958252260141313, 0.05456503736967422, 0.0027707785839708467, 0.015369074591058338]
[0.013237010542555397, 0.07285550090424965, 2.5965029361235455e-36, 0.0, 0.10240510313556304, 0.030520573203559484, 0.014403082082265152, 0.012647654941757002, 0.0, 0.015324413622991934, 0.008469564684615048, 0.031170151008144336, 0.012947105783985006, 0.0, 0.013256439419318491, 0.006116864907807783, 2.401832338523976e-97, 0.0, 0.013147163290113052, 0.08274006573363371, 0.05898361431496235, 0.030244386158118336, 0.014274303712054532, 0.012151989628203564, 0.011939986439320099, 0.03260332027794613, 0.016409015769960456, 9.436513715827873e-211, 0.011175937888597935, 0.013162525996680236, 0.01318812442994862, 0.011353861634403179, 0.06721762241091027, 9.195477823030027e-59, 0.013043662177488154, 1.0864359003778312e-66, 0.01460698449191825, 0.04772614156383039, 0.013965733130074022, 0.009678943470545504, 1.1233177705832525e-169, 0.019441257993609202, 0.020594505884689168, 0.03188969413506414, 0.0, 0.013714301417512472, 0.01700974239939447, 0.06164083495065307, 0.0019487029154930547, 0.012794113392516097]
[0.0149340361702596, 0.06587699827570667, 5.158105503161826e-39, 0.0, 0.08904126761327155, 0.031125629903137525, 0.016124626654707624, 0.014324355781465896, 0.0, 0.017051811815723166, 0.009862006154468118, 0.03170470985748105, 0.014635142516941865, 0.0, 0.014954379452014206, 0.0072389548140421095, 1.3764689544561524e-51, 0.0, 0.014841810514275711, 0.07367023779481571, 0.05485180974494996, 0.030892861788543866, 0.01598893980789199, 0.013808511512475195, 0.013585087838138395, 0.0329518910635816, 0.018127208009169202, 4.634187712690096e-180, 0.012780685505805696, 0.014856789224427971, 0.014883922269762633, 0.012968759232448035, 0.06134649518632068, 1.6584321709929504e-62, 0.014734332026197169, 3.5525897486429785e-54, 0.016327419600854265, 0.04567193316758964, 0.01568029974854363, 0.011179331576078073, 2.0639916832670138e-137, 0.021074155795610117, 0.022160912897286254, 0.03234951048272597, 1.7728785873873744e-206, 0.015422956146916269, 0.01871581109978092, 0.056973539180429286, 0.002804658506152068, 0.014476211038075077]
[0.018970260725177962, 0.04654100220748267, 1.6795316087029502e-17, 0.0, 0.04923088823841691, 0.03534937235580449, 0.020412305833347952, 0.018220465841867782, 8.781130808426114e-156, 0.021529602525064966, 0.012617625176107683, 0.035805963074029175, 0.018602842908090382, 0.0, 0.01899386394923367, 0.009321865149289161, 1.9152437539968395e-41, 0.0, 0.018855846494161808, 0.04749992356714405, 0.045205873062875816, 0.0352006540202078, 0.02024337253651555, 0.017577613521106223, 0.017321322118947283, 0.03667605376653279, 0.02280180110582385, 6.6630683437053255e-81, 0.0163012355700704, 0.01887829548803785, 0.018909076841709005, 0.016546797017622523, 0.04539433479473658, 4.0824345091903854e-25, 0.018724036869612926, 6.661237290024606e-39, 0.020670921096650932, 0.042710233457570974, 0.019882449634861736, 0.01429122544080342, 9.808101567324344e-51, 0.026130442153562694, 0.027304132710675624, 0.03632713143431631, 5.910673428146966e-103, 0.019571409710470555, 0.023490173328385204, 0.04546806714612889, 0.004013452065719717, 0.01840806675009438]
[0.013198878148077981, 0.07286656701601084, 1.0554080777102853e-36, 0.0, 0.10141655506828262, 0.030739080273614966, 0.014360202321195155, 0.01260925992590661, 0.0, 0.015292518141644942, 0.008443574513463526, 0.03138158796912258, 0.012908068958022989, 0.0, 0.013217426819788798, 0.006097087334463935, 2.616394066444714e-120, 0.0, 0.013107716591216872, 0.08245937889019048, 0.05916911161251307, 0.03044763921109079, 0.014245322719285872, 0.012111750838154233, 0.011900684880828006, 0.03283353930469076, 0.016389173410834068, 0.0, 0.011139209145122555, 0.013124364190184033, 0.013149627072555762, 0.011320610498938498, 0.06751482629535291, 8.44743609114892e-61, 0.013005110064599534, 7.298500077169872e-71, 0.014576047850071955, 0.04806771669469428, 0.013928937614957166, 0.009647299249666367, 4.024233693368886e-200, 0.019442261915030897, 0.020622675361768518, 0.03208076634063475, 0.0, 0.013677910558572181, 0.01699847518818123, 0.061825189384676175, 0.001928064536622611, 0.012755783935257847]
[0.033533764335259196, 0.004159440812319821, 1.7602789510151278e-19, 0.0, 0.0018588894857636525, 0.021894481143450377, 0.03400578212215293, 0.03319650824802673, 3.1496816859931753e-177, 0.0339490961933041, 0.027914163990543587, 0.021529381334557427, 0.033398951420722925, 0.0, 0.03356618196001479, 0.022411972453926503, 2.805369413090868e-88, 1.601755089339895e-210, 0.03351732833744607, 0.0030836984028287445, 0.0069911785682204635, 0.022301440323522322, 0.03371509272625687, 0.03289807343329738, 0.03260949713501071, 0.02032150156652435, 0.033662047030428126, 1.4675852283981287e-34, 0.03193712258773724, 0.03347668190200481, 0.03351859844704271, 0.03202872187570997, 0.004776455649350324, 1.6647802166130327e-11, 0.03343578716963613, 9.201801366038096e-21, 0.03378308846599994, 0.010652130217484134, 0.03379694762559263, 0.029981644272463647, 7.014726216658906e-25, 0.032427061780546884, 0.03134710884012599, 0.02123539116309613, 7.385429047106618e-103, 0.03368622619471747, 0.03338064296495669, 0.006253865370919726, 0.010479349278204434, 0.033284703893552134]
[0.032578367892987764, 0.004604392329287017, 1.6062486657183134e-22, 0.0, 0.0019714441838075145, 0.024775432843635637, 0.03338657301112893, 0.0320555124578167, 9.165145898001142e-95, 0.03373021856571064, 0.025902935388533478, 0.024385338856241646, 0.03234220137852798, 0.0, 0.03260440585298704, 0.020592857024011712, 2.989075333140885e-38, 5.357050744148311e-144, 0.03251756311640413, 0.003355269034461595, 0.007940685289091656, 0.025167615528542055, 0.03314829077165142, 0.03157283477002256, 0.031319921962204664, 0.023136553853987156, 0.033895564944516704, 9.877144456328846e-22, 0.030383522602339542, 0.032510273163384215, 0.032544670048265605, 0.03059161871156238, 0.005346941401664646, 2.2891372910357608e-09, 0.03241346012159025, 2.76902027696778e-25, 0.033372809720552905, 0.01231147988944399, 0.03309609124112435, 0.028136434590980718, 6.092656961798507e-09, 0.033609248448637205, 0.032956605839570385, 0.024052806659691683, 2.1618683786985723e-42, 0.032915485762149393, 0.033875710872042664, 0.0070722124487291125, 0.011635379397159482, 0.032191260370525075]
[0.009802950328914727, 4.939419487273848e-05, 6.754075902837016e-14, 0.0, 1.138365206648656e-05, 0.0014018880617494539, 0.008900081908436547, 0.010290952954513379, 9.22643497757716e-42, 0.008030089811104374, 0.012971143178863807, 0.0013353755349829616, 0.010062602882341128, 0.0, 0.009809704385366493, 0.01250244473634262, 5.10991669685742e-25, 7.298698988494928e-62, 0.009906644685519108, 2.8717708815155594e-05, 0.00012699067122064398, 0.0014659672216718858, 0.008809727999860923, 0.01076495657503449, 0.010771520958752008, 0.0011539048896472709, 0.0070886376279974605, 2.3325665999545163e-25, 0.011456940500808782, 0.00984293225529153, 0.009851297681717986, 0.011187924252190732, 6.398943607586697e-05, 0.7395063515016633, 0.009968776030490898, 1.9117486663431339e-28, 0.008513579143041372, 0.0002847054715390734, 0.009170227365116334, 0.01241042278426775, 1.5586832225139776e-27, 0.005156915440874098, 0.004424771401572023, 0.0012790490427973735, 1.3931443847207894e-14, 0.009354530407499567, 0.006584199202029266, 0.00010351863140459669, 0.005389127871229344, 0.010165659622988325]
[0.01262508779045672, 0.07537273470438283, 7.547204702089814e-35, 0.0, 0.10716167914603687, 0.030311829271105553, 0.0137780352863628, 0.012044205470341681, 0.0, 0.014697818282549293, 0.007976448890616014, 0.030982977901360495, 0.012338787842900873, 0.0, 0.012643879476021913, 0.005723337436031421, 2.494261544381426e-145, 0.0, 0.012535908513468497, 0.08599016397868364, 0.060465408900159855, 0.030016697176089895, 0.013655774094398792, 0.011556130434484868, 0.011349252388832819, 0.032484207269949716, 0.01578571870064546, 0.0, 0.010601289172341103, 0.012551794300417777, 0.012576659134316574, 0.01077650750285691, 0.06938989311494378, 5.370899585239211e-57, 0.012434302380213832, 5.676622105650433e-85, 0.013985300948525122, 0.04848521391686164, 0.013346171747563482, 0.009144926817151287, 2.454652923136883e-205, 0.018843553221314965, 0.020023807296637098, 0.03172189434891858, 0.0, 0.013097623057254298, 0.016391224944542204, 0.0633235744085588, 0.0016217282569888421, 0.012188452337234017]
[0.014293267918274979, 0.06793181233125134, 1.5509966882411017e-19, 0.0, 0.09004408860944638, 0.031771086723123905, 0.015538486349577054, 0.013663366193626623, 0.0, 0.01650963059153775, 0.009161089774255334, 0.032408404405388835, 0.013984057618264708, 0.0, 0.014314632035539027, 0.006607339446447366, 1.9818460891898565e-145, 0.0, 0.014198135767544591, 0.07553117585796609, 0.05697546409475577, 0.03151934972142473, 0.015394435990977055, 0.013133975478013508, 0.0129038194645278, 0.033770148725917416, 0.017647601506236277, 3.3433350875867336e-185, 0.012084156984947605, 0.014213352044401686, 0.014241246922182023, 0.012272653541736957, 0.06328956066311772, 1.2186227014236688e-35, 0.014087012155431107, 1.1248552965256784e-71, 0.015746973118767715, 0.04740471545919514, 0.015069417595340744, 0.010469347348565866, 3.999992057220366e-144, 0.02080864002606897, 0.021982525701194872, 0.033122486295352624, 0.0, 0.014801047737342955, 0.01827363759602463, 0.05909892180272567, 0.0019129734964073153, 0.013819962747050551]
[0.012410702972934172, 0.07634339801844288, 2.784173197468982e-35, 0.0, 0.1093931210612306, 0.030136982615858954, 0.013557920034492216, 0.011834241222109009, 0.0, 0.014471356250468642, 0.007809295846903761, 0.0308180898540293, 0.01212665187213064, 0.0, 0.012429541323066456, 0.005590693727008412, 1.0989076374080955e-197, 0.0, 0.012322426167667157, 0.08735906882733888, 0.06096027025908416, 0.029839850720670805, 0.01343371974511567, 0.011350663892323243, 0.011145363725398393, 0.032338155586927916, 0.015553993619483716, 0.0, 0.010404165564441589, 0.012337955396729404, 0.012362668901290116, 0.01057670361744833, 0.07012142432824879, 6.236522749027927e-55, 0.012221416730726272, 1.588598087365663e-119, 0.01376174205345227, 0.04863971689582627, 0.013126925920655905, 0.008963269146023972, 0.0, 0.018608289782229098, 0.019787388660646978, 0.031570401521069845, 0.0, 0.012879804488212084, 0.01615703758174516, 0.0638991722559306, 0.0013790650068527008, 0.011977344662116128]
[0.012604020789724921, 0.07540411052216481, 5.405014324637249e-39, 0.0, 0.10722805093291701, 0.030375473045928324, 0.013766007611133415, 0.012019673511810868, 0.0, 0.01469021282808877, 0.00793349122730663, 0.031052712602277276, 0.012316123568631796, 0.0, 0.012623087017747961, 0.005681137718401798, 8.546610152786288e-197, 0.0, 0.012514541654630637, 0.08602501239299912, 0.060547781501830475, 0.030082048425327156, 0.013639557801981077, 0.011529127288228367, 0.011321730225702192, 0.03255805792678223, 0.015784362402085132, 0.0, 0.010568873719549067, 0.01253040606681312, 0.012555362779146935, 0.010744326360962555, 0.0693702840309098, 4.04615739648608e-60, 0.012412138874460455, 4.9367962407934553e-119, 0.01397247893030888, 0.04856052956154636, 0.013329680496749067, 0.009105993240558176, 0.0, 0.01886372897592122, 0.020048881848380933, 0.031801630104444485, 0.0, 0.013079430497795306, 0.01639327145584372, 0.0633888648807815, 0.0014130208459770918, 0.012164776187344309]
[0.012921709172661814, 0.07405592920376552, 1.342795258936605e-31, 0.0, 0.10388836994234445, 0.030590962761543126, 0.01408471723912076, 0.012334822288106773, 0.0, 0.015011106728751807, 0.008207108462688104, 0.031254681283832145, 0.01263258678705616, 0.0, 0.012940734878656835, 0.005904939217585153, 1.4403447261456835e-162, 0.0, 0.012831713395519173, 0.08406416914338048, 0.05989760797792001, 0.030299144648397353, 0.013960750388674744, 0.011841400509906242, 0.011631913482261882, 0.032737068596283975, 0.0161052519975133, 0.0, 0.010874427585759664, 0.012847648566091927, 0.012872844798469929, 0.011051778683465636, 0.06837316740839666, 5.455238645691826e-50, 0.012728983512233566, 2.1052122668792938e-98, 0.014293296566587222, 0.04837073822670362, 0.013649373267820755, 0.009396334434732223, 4.396465429650036e-183, 0.019173590208839148, 0.020355196917962556, 0.031984803017444656, 0.0, 0.01339857352367464, 0.01671365174644397, 0.0626248446251835, 0.0016134582290287898, 0.012480600424002047]
[0.012659763657541118, 0.07520954701846735, 3.454756559919902e-30, 0.0, 0.10676807078934304, 0.03033324989028155, 0.013815254613179454, 0.012078073343697662, 0.0, 0.014734733576707505, 0.00800266498994963, 0.03100674218882653, 0.012373191595702663, 0.0, 0.012678714326522006, 0.0057460926880850294, 1.5285764128645355e-114, 0.0, 0.012570660786270968, 0.08575974073442114, 0.060415291629931235, 0.030040605080937723, 0.013690189753237887, 0.011589541237123907, 0.011382643194673603, 0.03250594875646209, 0.01582256101987289, 2.7789930871081413e-205, 0.010632841474453085, 0.012586426774563238, 0.012611333361696599, 0.010807874872296645, 0.06921191541052446, 6.787703821885804e-51, 0.012468745647995256, 8.574583491060325e-69, 0.014021032167401746, 0.048464131501251305, 0.013381757648371058, 0.009173745341418751, 5.897603266840795e-165, 0.01888253444195801, 0.020060674118293074, 0.03175084982322597, 0.0, 0.013132790732214968, 0.016427830029859748, 0.06324842574902591, 0.001731283558678067, 0.012222526339677728]
[0.01263832648550739, 0.07542116658763631, 9.954113970754486e-38, 0.0, 0.10747400784287812, 0.030226737642032223, 0.013787758873132574, 0.01205983648049684, 0.0, 0.014700638277286614, 0.008000463142285743, 0.030898799554620254, 0.012353460974539385, 0.0, 0.012657345976271299, 0.00574355255775748, 7.264446422629624e-184, 0.0, 0.012549929874295972, 0.08611993150721876, 0.06043886369589392, 0.029934438513958845, 0.013662609547969183, 0.011574406338860687, 0.011366918809765984, 0.032396632817027336, 0.015780793766447834, 0.0, 0.010621808395932103, 0.012565179928465228, 0.01259019244073342, 0.01079493034872071, 0.06937355931008454, 1.130111186159011e-57, 0.012448460985501461, 8.814568077539207e-116, 0.013990450037223514, 0.04840110968952628, 0.013355958247415221, 0.009168092542883564, 0.0, 0.018822484123727248, 0.019992604033858583, 0.03164085215478685, 0.0, 0.01310823481540503, 0.0163815542547917, 0.06330597215393012, 0.0014484660187154272, 0.01220347110359481]
[0.012504643224925081, 0.07594585470081097, 6.799677389056394e-39, 0.0, 0.10859930757312788, 0.030188083178537, 0.013655767731038012, 0.011926179653091276, 0.0, 0.014570217240953824, 0.007880170757850018, 0.030867060072407675, 0.01221973017295377, 0.0, 0.01252366415501771, 0.005644613320729386, 4.423470611595757e-192, 0.0, 0.012416233838387825, 0.08683363442699561, 0.060745230844661435, 0.029894149110995014, 0.013529804501837056, 0.011441031226950614, 0.011234395476903702, 0.032377678498824454, 0.01565349861319174, 0.0, 0.010490061912268405, 0.012431588946143992, 0.01245649172618173, 0.01066285725968072, 0.06977772080757381, 2.0977559696484736e-59, 0.012314762457758739, 7.902766650695857e-120, 0.01385862755899128, 0.04854262692558506, 0.0132229161562001, 0.00904138563337839, 0.0, 0.018708498890237464, 0.019884416565755864, 0.031618156899565555, 0.0, 0.012974969540630564, 0.016256388954866925, 0.06364821677354143, 0.0013895768474401211, 0.012069787678917776]
[0.01259397306970995, 0.07546900097009408, 2.0927638637978333e-29, 0.0, 0.10717071962599255, 0.03033692765277741, 0.013751134705256945, 0.012012054995821246, 0.0, 0.0146716296537032, 0.007941791452267408, 0.03101491795201369, 0.012307286833401867, 0.0, 0.012612981313329219, 0.005694324710040284, 4.031702483638273e-133, 0.0, 0.012504885633665105, 0.08607156922288678, 0.06060199339364678, 0.030042933800965402, 0.01362525399669533, 0.011523623848757946, 0.011316730954158149, 0.032522984266430584, 0.015761564587693306, 1.6859172024977188e-215, 0.010567256928001988, 0.012520609771297622, 0.012545520431052289, 0.01074186862797881, 0.06942987807886038, 3.593441999038129e-49, 0.01240289086177005, 1.0493586211120161e-77, 0.013956599500029084, 0.048576955483849396, 0.013316586962041615, 0.009110076121197078, 2.6474198860684653e-171, 0.018831207063170034, 0.020013382153924675, 0.031764595788800164, 0.0, 0.01306733439649765, 0.016368225527192855, 0.06344844925872058, 0.0016337352960133899, 0.0121565449759718]
[0.02131804624147291, 0.040384813189799085, 3.088310097094703e-33, 0.0, 0.04216046244684396, 0.031560680078411917, 0.02204335619916635, 0.020853467560857177, 4.1133037539544824e-194, 0.022811022803554917, 0.01686882037250825, 0.03165981482311963, 0.021082366959022283, 0.0, 0.02131990059620681, 0.013540562525968455, 6.1422794775434025e-31, 0.0, 0.021229325800367405, 0.04099468056865769, 0.03824414827808711, 0.031337746673542055, 0.022183506999568718, 0.020418200375925625, 0.020214408180895458, 0.032226956729824, 0.023605491231601574, 3.057382202189623e-169, 0.019602866139600796, 0.02125354271187135, 0.021276285935907902, 0.019826899480223953, 0.041036480549083536, 1.681713807434104e-66, 0.021161379861751994, 9.116819128048462e-29, 0.02235711137004943, 0.03687310829128574, 0.021861203799396423, 0.01817229710383936, 7.51633547802477e-132, 0.025385608577744214, 0.026214442805316318, 0.03163009652321785, 2.9389246789349038e-164, 0.02168633335248831, 0.02404002532494865, 0.03888624327008612, 0.011708042464344459, 0.02097025272441022]
[0.02088939608962342, 0.0420284871938843, 9.31290577536458e-33, 0.0, 0.044592648377812134, 0.03170172272047998, 0.02165764868461789, 0.02040883920505909, 2.9832109658980592e-195, 0.022446277166777273, 0.01634841909070276, 0.03183173104297725, 0.020646341642389408, 0.0, 0.020892614584285433, 0.013051373846195199, 1.8067277616172254e-31, 0.0, 0.020799390970334765, 0.04292655328831702, 0.03944661001167362, 0.03147269341586056, 0.0217797024376862, 0.019962796526622487, 0.019755591364578565, 0.032452509639437147, 0.0232715827240901, 3.37374155257144e-168, 0.01912290464171641, 0.020823279840850473, 0.020846509933494316, 0.019346377540157708, 0.042490206953898886, 1.3049268532193768e-65, 0.020727811351968446, 7.861972144493438e-29, 0.021967320475648984, 0.037662424091441035, 0.021453913869585374, 0.017665037862713017, 2.4498287024346424e-131, 0.02515848180403787, 0.026018504638130935, 0.03184107210706363, 1.4574411885910838e-164, 0.02127096974338844, 0.023723251172048095, 0.04017407239863598, 0.010815385033943336, 0.020529545539063755]
[0.012485461928412494, 0.07597710937728624, 2.69644738624831e-38, 0.0, 0.10863092076459514, 0.03023508388873074, 0.013640007045338546, 0.011905254382213822, 0.0, 0.014558430955674837, 0.007852015677511117, 0.030915334072500255, 0.012199598177497476, 0.0, 0.01250442624956699, 0.005619998861898968, 0.0, 0.0, 0.012396640953064034, 0.0868586645005773, 0.06079692830447411, 0.029940014623503614, 0.01351418166187068, 0.011418399916408011, 0.011212357263848444, 0.03242912124906596, 0.015646550771986432, 0.0, 0.010465425734565827, 0.012412339742875514, 0.012437141951148766, 0.010639295776366055, 0.06980823069912045, 5.0188443311931335e-58, 0.012294942837014176, 2.2897825564150596e-138, 0.013844862692567881, 0.04860349831175177, 0.013206225286264684, 0.009014412057250629, 0.0, 0.018713408604866373, 0.019895248916120874, 0.031667773637801294, 0.0, 0.012957595265580574, 0.016252402668306635, 0.06369527584770268, 0.0013061100495570693, 0.012049309141887033]
[0.013993606081703342, 0.06954524806337248, 3.746693667002346e-20, 0.0, 0.09430504596315774, 0.031206741716636493, 0.015206256460118167, 0.013380431881800088, 0.0, 0.016150803974086473, 0.008991389099543383, 0.03184518217935841, 0.013692730892754409, 0.0, 0.014014570714694528, 0.006491400622788425, 2.0908980202498176e-144, 0.0, 0.013901204498715932, 0.07797946901126959, 0.05751245904042243, 0.030951537534639993, 0.015065186785968392, 0.012865529543805536, 0.012639909850671413, 0.033219852115789816, 0.017258437286976454, 1.8460717185374035e-196, 0.011842588407063107, 0.013915601744537437, 0.013942999610201656, 0.01202521685968116, 0.06452582431319387, 5.191039014678021e-38, 0.0137929071270383, 1.1119352488028713e-69, 0.015407443657608814, 0.04731962142446696, 0.01474887423664576, 0.010268170203702028, 1.2712369613878476e-157, 0.020344410111666936, 0.02149304664846024, 0.03255934495104963, 0.0, 0.014487450169341977, 0.017867998972648347, 0.05983139967724927, 0.0018772674187379657, 0.013532840991957713]
[0.014652928689881946, 0.06614325482516122, 3.6580641426632346e-26, 0.0, 0.08661939539475383, 0.0321035525216852, 0.015892651692178048, 0.014021308594532687, 0.0, 0.016872115103122903, 0.00948627645181976, 0.032716385896735936, 0.01434233172411511, 0.0, 0.014673220529949859, 0.006904511689054413, 1.8015803456811663e-88, 0.0, 0.014556248699876187, 0.07312534244887656, 0.056029908625219615, 0.03184468905003268, 0.01575586595789315, 0.013486909777594185, 0.013264810880007322, 0.03405005062148042, 0.018016824381210102, 7.169034787784212e-154, 0.012434888485618486, 0.014573986811159633, 0.014600705224947635, 0.012630921426806881, 0.061941987234953075, 6.935630825390496e-42, 0.014445482123509571, 2.0365479551785636e-59, 0.016115252505980966, 0.04715141449581398, 0.015431360933306333, 0.0108100923429529, 5.89038398622857e-116, 0.02116585685312575, 0.022353065805236334, 0.03339387503761767, 2.0525618198026695e-214, 0.015163981420809977, 0.018648779613861452, 0.058007771631529655, 0.0023934258179549635, 0.014178568488926296]
[0.01586977540676628, 0.06172542271122279, 3.052211864863625e-33, 0.0, 0.08065508809806954, 0.03177004608958173, 0.017097614100842335, 0.015239626037652804, 0.0, 0.01804096398124862, 0.010567493965018696, 0.03232478801505402, 0.015561650583565434, 0.0, 0.015891163900189114, 0.007803469893168139, 9.161591457251951e-49, 0.0, 0.015775305241302284, 0.06811131032592405, 0.0527054768647604, 0.031559911119383444, 0.016944348111974566, 0.014705318970211352, 0.014479213982421347, 0.03348555962850754, 0.01913052548022779, 8.02947365329975e-150, 0.0136347905754587, 0.015790867384647776, 0.01581846756340627, 0.01383060877340293, 0.05783594382682899, 3.01591815764647e-51, 0.01566341304827279, 5.819244824045573e-55, 0.017300400284196417, 0.04484069691446641, 0.016638458289339606, 0.01195811371642663, 9.773533805264689e-108, 0.022092163212200984, 0.023164243074781668, 0.03295041517854872, 1.9219652916788115e-175, 0.016373676705268424, 0.019724430207122272, 0.05444058869210369, 0.0031018127402317906, 0.015396837037774735]
[0.012564203366702324, 0.07563615622152181, 1.5400962489354662e-37, 0.0, 0.10784160541221438, 0.03027144785389474, 0.013719579660727168, 0.01198316241232896, 0.0, 0.014638475456724108, 0.007918736681809641, 0.030948104546859395, 0.012277952912632357, 0.0, 0.012583200625806569, 0.005673848465634814, 8.255686031161515e-164, 0.0, 0.012475264715775525, 0.08638175684328175, 0.06060826510110667, 0.02997787352146084, 0.013594168397788115, 0.011495522590598288, 0.011288479153303362, 0.03245409425249717, 0.0157263674383266, 0.0, 0.010540472693240571, 0.01249088823984818, 0.012515814997755911, 0.010714672425516077, 0.06954973143096706, 3.6000133774853316e-59, 0.012373433315030347, 1.939182631555245e-99, 0.013924493343617885, 0.04852359706789153, 0.01328564926479848, 0.009085263797370315, 0.0, 0.01879004087382754, 0.019969451744468274, 0.0316960063349644, 0.0, 0.013036755533724232, 0.016331753171314262, 0.06348151818518702, 0.0015047635585021945, 0.012127428251224806]
[0.00873409773557804, 0.014009091495513938, 5.388988396180357e-43, 0.0, 0.015633082471874116, 0.011817259357820277, 0.00914135659631447, 0.008509342268474825, 1.2768029930166281e-87, 0.009425913484552961, 0.006535675917844648, 0.01190054231512558, 0.00862653341946847, 0.0, 0.008742270874315337, 0.0051391060651673525, 0.6146540925003396, 0.0, 0.008702095953924693, 0.014517772104251085, 0.013454124705046172, 0.011814525710691947, 0.009073177892771813, 0.00831192639706388, 0.008229286083641487, 0.012017049233971037, 0.009725078474232545, 1.890049418346351e-148, 0.007892110652281202, 0.008706350133792938, 0.008717023307732575, 0.007972222593302346, 0.01360445048606238, 1.1125401999741484e-59, 0.008660805664594247, 7.07285960393379e-96, 0.009196704494217086, 0.01287526203151234, 0.008993256648922846, 0.007181094345625758, 1.8927559907406567e-49, 0.010444559190200561, 0.010645230165370102, 0.012006382840215012, 5.647657326284177e-80, 0.00890448657477778, 0.009876078356700025, 0.013541014612304874, 0.0035033692091745276, 0.008566197016421608]
[0.015257134512851085, 0.06357459730941838, 4.5116463185669124e-15, 0.0, 0.08054378927006313, 0.03256954589840898, 0.016543873976359213, 0.01460349688854395, 0.0, 0.017540684690200623, 0.009879086927556556, 0.033180730960422046, 0.014936716697971664, 0.0, 0.015279479680104334, 0.0071610007619058004, 4.342138187524597e-88, 0.0, 0.015158807720687981, 0.06952063634838591, 0.05483672968070948, 0.032338896037943016, 0.016392368113754278, 0.014053195439422432, 0.013812617495625505, 0.03445943509888938, 0.018702382038862313, 1.809326863280816e-128, 0.012956716439653349, 0.015174130402881587, 0.015203348117006023, 0.01315333797882823, 0.05971652940844702, 1.9276756045420313e-30, 0.015043270852526991, 1.1747499954299055e-41, 0.01675607593637336, 0.04669646681473375, 0.01605958556823777, 0.011261169686174462, 2.667111395775934e-102, 0.021903057293620038, 0.023073859925325825, 0.033869339989616526, 9.730295768782072e-191, 0.015782100065766975, 0.0193383281491287, 0.05654590372853013, 0.002355449899050138, 0.014766124026114411]
[0.012639087721923854, 0.07535401316844857, 1.0892427277762305e-31, 0.0, 0.10724708148069136, 0.030305063173927314, 0.013797937350871101, 0.012056127945530438, 0.0, 0.014718058792225793, 0.00797178536590183, 0.030979715703433275, 0.012351976933088673, 0.0, 0.012658212006280499, 0.005712487147989486, 2.699960182821834e-215, 0.0, 0.012549959720451118, 0.08600597329483486, 0.060452260806877905, 0.0300142659791167, 0.013671324097186487, 0.011566842788923, 0.011358806041927032, 0.03247759851817725, 0.015806692158944226, 0.0, 0.010607636111302951, 0.012565513053585262, 0.012590573996437805, 0.01078235775430414, 0.06930241692767564, 3.3715120561164977e-50, 0.012447731720573665, 2.1085450831201373e-125, 0.014002428391258604, 0.048445132968229464, 0.013362523719159714, 0.009145111513988868, 0.0, 0.018870256023517988, 0.02004666002953431, 0.03172633795209709, 0.0, 0.01311289488051847, 0.01641199800684446, 0.06330098112393687, 0.0013832885654125847, 0.012200886911842363]
[0.009829087180723136, 0.001140885136187976, 0.7172606882927125, 0.0, 0.0006602279323952801, 0.004187470908428671, 0.009440723658464396, 0.010014730285153007, 5.596775733626068e-141, 0.00902883134762625, 0.010497018235452635, 0.004102004661400862, 0.009932362902763442, 0.0, 0.009834571192267761, 0.009388370353816828, 8.97844441388215e-58, 1.7321546779912146e-197, 0.009873008278711484, 0.0009312080548953538, 0.001619388896407175, 0.004268020048945382, 0.00939761442517224, 0.010192006188420505, 0.010148799452807663, 0.003860038392444728, 0.008537794399864, 3.1315335567847446e-59, 0.010386447372641926, 0.00983907705877358, 0.009849129154254075, 0.010284988776751592, 0.0012660089046896787, 2.238348633523181e-09, 0.00989404965381966, 6.813443296300037e-06, 0.009247851855727822, 0.002209765529369076, 0.00956110468336617, 0.010546134031667556, 2.1295649377448398e-64, 0.007403498259138732, 0.006906823252075111, 0.00402484162583466, 2.106487766729765e-93, 0.009636395872350555, 0.008255295108361335, 0.0015020702144676623, 0.0050674168502204036, 0.009967434954930228]
[0.009176249491861738, 0.001002091485034335, 0.7362022670131484, 0.0, 0.0005600329392926369, 0.003854723891186052, 0.008788303142409366, 0.009361354791716733, 4.167096300073517e-108, 0.008396791886990562, 0.009926458239938063, 0.003772070356121205, 0.009277815335534394, 0.0, 0.009180383725478601, 0.008933417387431367, 2.3674628243429688e-42, 1.7598640804012177e-167, 0.009218064733874527, 0.0008078789299609622, 0.0014458488946548567, 0.003928102721121495, 0.008760871077546568, 0.009536390880927583, 0.009498995882803094, 0.00354579974540405, 0.00793033089757918, 1.987599934118386e-53, 0.009743182943799063, 0.009186684409198917, 0.009195654540073806, 0.009646594130316509, 0.0011218178366996414, 1.4429794176845217e-09, 0.009240417658551377, 4.533648066709957e-09, 0.008612763472797413, 0.002001748904891799, 0.008913015804210465, 0.009934349894191948, 7.473990662967606e-55, 0.0068504328972752195, 0.006389230794878165, 0.0036952174047054057, 1.4245240246854988e-69, 0.008988079893977194, 0.00766367618532171, 0.001337383084047714, 0.00506136091921116, 0.009314138844498516]
[0.01249728091344099, 0.07593264084133487, 5.9194834441824915e-37, 0.0, 0.10857709639192735, 0.030232874251359575, 0.013652126415063002, 0.011916863862999571, 0.0, 0.014570561182782566, 0.007860924707065129, 0.03091247037435005, 0.012211325275835714, 0.0, 0.012516256174882974, 0.005626994490942043, 0.0, 0.0, 0.012408439849736856, 0.08680984454413579, 0.06076168671795426, 0.029938375987920367, 0.013526127338588205, 0.011429795395615268, 0.01122371249775841, 0.03242426613358393, 0.015658519435652333, 0.0, 0.010476303880025234, 0.012424141531860182, 0.012448950382679784, 0.010650288198947738, 0.06976686351873222, 1.9390974125979031e-56, 0.012306695206131658, 2.710136839027746e-136, 0.013856934226045213, 0.04857882411464644, 0.013218232096703753, 0.0090243023645119, 0.0, 0.01872423661376872, 0.0199051162714948, 0.03166431701035325, 0.0, 0.012969546549066483, 0.016264191036804276, 0.06365785126585294, 0.0013140469282160196, 0.01206097586774994]
[0.012572163443033857, 0.0756896862746934, 7.941888380891992e-37, 0.0, 0.10804036173224059, 0.03019747297787363, 0.013720846371449928, 0.01199434802391638, 0.0, 0.014633653500499512, 0.007945451022727259, 0.03087224204628008, 0.012287585505258788, 0.0, 0.012591138182171925, 0.005699799744540808, 6.455901227870513e-181, 0.0, 0.012483829231029897, 0.08648294355380552, 0.060589058281480535, 0.029903883926949988, 0.013595841102160312, 0.011509552814014796, 0.011302703332558875, 0.03237643675480466, 0.01571427848963863, 0.0, 0.01055882797256658, 0.012499140835532524, 0.012524069242160218, 0.010731707490714452, 0.06958912812852458, 9.83919146316503e-57, 0.01238249711811104, 6.229604035935704e-113, 0.013923704341351432, 0.048467291788152456, 0.013289269759399062, 0.009108999030352654, 1.9683476445055906e-215, 0.01875915805208183, 0.019931548389576868, 0.03161747633103115, 0.0, 0.013041749192942794, 0.01631554979696087, 0.06347717138790393, 0.0014416279937182785, 0.012137806691601733]
[0.013443226087246738, 0.07161656118450903, 8.011734721472304e-23, 0.0, 0.0980496758604563, 0.031104674924206634, 0.014629540386146592, 0.012842340000039702, 0.0, 0.015574924605761062, 0.008593392910228885, 0.03175533668831581, 0.013147203008712981, 0.0, 0.01346247952815757, 0.006209123143428094, 1.3288307603001948e-66, 0.0, 0.013350872632482769, 0.08057197954065809, 0.05881212500885058, 0.030821904150748248, 0.014504582430076799, 0.012335840695980689, 0.012122250913889165, 0.03319820981596377, 0.01668747289905506, 2.9543119906279116e-145, 0.011343422267924199, 0.013367561136938273, 0.013393222670870421, 0.011527276077283329, 0.0664020188758152, 2.0681435259606588e-42, 0.013245835891204427, 2.2346013664918883e-43, 0.014844581243838719, 0.04809760036876621, 0.014187049291360826, 0.00982177897141247, 2.2917599600101686e-114, 0.019788031551690198, 0.020976348433341455, 0.0324720205694414, 2.043433018966833e-188, 0.013931073985878456, 0.017304850896776684, 0.06129249510718632, 0.002179421647967064, 0.012991694443706727]
[0.017496120153333482, 0.05478432431727142, 3.011715790653261e-11, 0.0, 0.06505401066050401, 0.032978354261007474, 0.018818125593765382, 0.0168183989822468, 0.0, 0.019799806281241224, 0.01170587383408929, 0.033502260555182906, 0.01716658733285035, 0.0, 0.01752150018335142, 0.008589293587215281, 2.6202914455307065e-97, 0.0, 0.017397539739190875, 0.05849182039698883, 0.04927342425899992, 0.03282258182389521, 0.01864165498030553, 0.01624825673258319, 0.01598080982571117, 0.03451617025384611, 0.020923760280514018, 2.459906098853922e-122, 0.015079009776922819, 0.01740830295587697, 0.017441344452168762, 0.015278395967848407, 0.0520813544683752, 1.9433235377136258e-25, 0.017275788242493394, 5.515024403416975e-38, 0.019004286781257547, 0.04357265226516996, 0.018315418750018797, 0.01323785872129519, 4.599021709314554e-100, 0.023969549904033206, 0.025006719816948887, 0.03410898421834717, 5.441368339738234e-192, 0.01802975337472442, 0.02152543174512523, 0.05034782079877018, 0.0027993778490843215, 0.01698727563214468]
[0.010068412926848977, 0.01634205116395803, 6.829362644086981e-37, 0.0, 0.017762198735455124, 0.014203407774540643, 0.010580246448725508, 0.009788502615737861, 2.9600163774651484e-72, 0.010947286496654312, 0.007401326956067466, 0.01430910376091026, 0.009933699397208413, 0.0, 0.010077950963066325, 0.005785130547968407, 0.5508805552850262, 0.0, 0.010027661687549446, 0.01676888850983543, 0.015957902040828833, 0.014194351680604586, 0.010497990986049616, 0.009542332318627495, 0.009447564785135322, 0.014462194343451683, 0.011339521568386643, 9.86800308731525e-132, 0.009029350216905168, 0.010034845227785742, 0.01004690224202029, 0.00913048900410854, 0.015933746317504542, 5.316875954662228e-49, 0.009976747001938603, 2.3710016202218957e-95, 0.010658446178158504, 0.01543226090184146, 0.010395085681478821, 0.008171065537268016, 8.185885943561346e-37, 0.012288347808206448, 0.012570365533954485, 0.014441970766186432, 5.425138531143991e-64, 0.010284160447067089, 0.01154131292007613, 0.016006582048216738, 0.003880721818667867, 0.0098593187004259]
[0.013954750117301126, 0.0699034983316246, 9.794696180929432e-37, 0.0, 0.09650802865614669, 0.030833303941367192, 0.015136411558088005, 0.013355695074737927, 0.0, 0.016058881967434917, 0.009047186838574113, 0.03145909668781907, 0.013660824787020532, 0.0, 0.013975015235695368, 0.006575080230419167, 1.4749890306534145e-111, 0.0, 0.013864300368971207, 0.07882946947409693, 0.05733275062529077, 0.030575515190024036, 0.014998610291883697, 0.012851609851243796, 0.01263371875264682, 0.032821066954947416, 0.017139887244882263, 7.079884626479004e-213, 0.011850632480842898, 0.013878931523972049, 0.013905390396240374, 0.01203103168982919, 0.06474354729965377, 1.3313455773949627e-56, 0.013758498075863034, 1.258825265001621e-78, 0.015335576582038976, 0.046966393970475334, 0.014692176005311867, 0.010305637784815478, 1.2024573492411646e-166, 0.020146299927749082, 0.021272061772816552, 0.03215579513225751, 0.0, 0.014437374568676182, 0.017735645062528876, 0.05974525913347754, 0.0020203604612352975, 0.013504685772311589]
[0.013111437467143898, 0.07302449466583787, 1.1843440786997174e-24, 0.0, 0.10109306418855689, 0.03093877932715569, 0.014299369265127407, 0.012512649831074533, 0.0, 0.015242411604037978, 0.008304128343542974, 0.031606892718151564, 0.012816559894588582, 0.0, 0.013130959714778324, 0.005968695336711719, 4.937674478883148e-111, 0.0, 0.013019803909585872, 0.0824966187375306, 0.05958897972286165, 0.03065283510360869, 0.014169450953059735, 0.01200932806695156, 0.01179682681937579, 0.0330810645443531, 0.016355989251177105, 4.5450018706595917e-178, 0.011022673457700765, 0.013036069384440078, 0.013061650397933599, 0.011203420824012293, 0.0675099626085917, 8.842301063633212e-43, 0.012914826836798999, 1.9778843445038162e-63, 0.014510254364732614, 0.04841809395584411, 0.01385388343500987, 0.00951570192722993, 2.3506716535792056e-140, 0.019476500526017966, 0.020670927366089772, 0.032346775642059254, 0.0, 0.013597973576331041, 0.0169745411717143, 0.062177806812993196, 0.0018271908166686273, 0.012661407289675197]
[0.016442495707093, 0.058177610948966355, 4.0662978307117315e-21, 0.0, 0.07095839853682642, 0.03324696296811571, 0.01773088738608574, 0.015776741056581355, 3.198452500036127e-113, 0.01874914229264405, 0.010890015864948343, 0.033791554649791174, 0.016115259318989612, 0.0, 0.01646300098908094, 0.008043310484647183, 6.478769821666937e-14, 0.0, 0.016339871936571614, 0.06261250644462761, 0.05167043716918549, 0.033027770554895475, 0.017591669367459383, 0.015207894246930358, 0.01497931493421409, 0.03494156273075592, 0.019923302309824142, 1.0455577749577562e-99, 0.01408788031990263, 0.016360252918638917, 0.016387670381966184, 0.014304213476082076, 0.05521625211144584, 6.135075475662599e-36, 0.016223508094276043, 5.212877384397808e-48, 0.017971095072586468, 0.045310766409223185, 0.017257886790154862, 0.012336909183737334, 1.1436205866982068e-52, 0.023076135617713076, 0.024244068068180774, 0.034397144509197994, 2.286608992482119e-82, 0.016979558392928723, 0.020566937188449846, 0.052955779216572255, 0.0037012632565536522, 0.01594296878059415]
[0.012727099308631487, 0.07489771789591271, 4.901707189145108e-27, 0.0, 0.10579855130701991, 0.030457547691003974, 0.013893914768424718, 0.012140264181413436, 0.0, 0.014819510481960188, 0.008028393979324892, 0.031133388784354298, 0.012438120870178515, 0.0, 0.012746405212759352, 0.005753480829118707, 8.966131014014182e-164, 0.0, 0.012637451862205861, 0.08525966001316677, 0.06033661392158492, 0.030167898986746964, 0.01376584024327748, 0.011647848232518463, 0.011438155024907222, 0.032629839823694044, 0.015914533943503915, 0.0, 0.010682055698035257, 0.012653003692382115, 0.012678276862980972, 0.010857680394097449, 0.06896216103744544, 1.274159313186477e-45, 0.012534495974132342, 1.2774305385472223e-90, 0.014099038688528985, 0.04849418462331424, 0.01345526223285229, 0.00920959339943283, 1.9762063093829056e-181, 0.01899593804983816, 0.020177361125167853, 0.031882101194353675, 0.0, 0.01320393580185565, 0.01652318238203973, 0.06312616480943829, 0.0015473467946803935, 0.012285979738651418]
[0.014518250189725135, 0.06646467543024184, 8.735494936778822e-21, 0.0, 0.08638424174952648, 0.03233556601163943, 0.015779113257859606, 0.013878169086813849, 0.0, 0.016774792017152207, 0.009314581154083075, 0.032966665800525964, 0.014203386709166835, 0.0, 0.014538928533048393, 0.0067466611391794815, 2.697246551982612e-71, 0.0, 0.014420338674242724, 0.07331446863199927, 0.05651716817876369, 0.03207541806178807, 0.015638811485631766, 0.013337586558163804, 0.013112824301919141, 0.034327028178239384, 0.017941204143862566, 2.674422611469294e-129, 0.0122749877850533, 0.01443822664358481, 0.014465262182545756, 0.012472137055109227, 0.062215500649163806, 2.933167967168087e-36, 0.014308051831350888, 4.5531213981282285e-46, 0.016003783177012492, 0.04758725985686151, 0.01530851975163173, 0.010640222244666413, 6.923743790813817e-98, 0.021161282737811805, 0.022373553506498025, 0.03366880956962813, 1.1906494545162609e-177, 0.01503684840391037, 0.01858554391791841, 0.05846091657747395, 0.0023717602960369815, 0.014037454347271895]
[0.02466370571683754, 0.027203556547092965, 5.954792323345064e-46, 0.0, 0.024250439638355666, 0.030042378745553242, 0.025002506377358857, 0.02434270826498527, 1.1251464529195219e-212, 0.025601237560014232, 0.021134743553010652, 0.02988265011260737, 0.024492785114607472, 0.0, 0.02465152955159457, 0.01767336130712501, 1.4484192504950093e-30, 0.0, 0.024584171153846823, 0.02599446889128802, 0.028205325594727517, 0.029875803468471324, 0.02531650550627622, 0.02400095268111849, 0.023841180966104818, 0.02998853565879949, 0.026141244466851316, 4.909612717810121e-198, 0.02342166165658118, 0.024615060083489085, 0.024631551955764563, 0.02365980202353939, 0.028992323951331674, 1.3552921420942647e-83, 0.024550216779422904, 2.9006921769794336e-30, 0.02537178097368318, 0.029929359447786297, 0.025019468550350223, 0.022273934298105397, 3.94255367548853e-155, 0.027011633140554568, 0.0275880882874425, 0.0295328841520586, 2.9425422312614703e-187, 0.02491770739486035, 0.026436676149829464, 0.02819721157942358, 0.02253651141840711, 0.024424334892716896]
[0.025136137010859608, 0.02542529389416862, 1.2236669563700148e-46, 0.0, 0.022129373421976375, 0.029583209951481, 0.02538917165809057, 0.024850755397235743, 2.605656463978871e-211, 0.02594331808688432, 0.02186392576531648, 0.029386063236222185, 0.024981784699463203, 0.0, 0.025121370266579165, 0.018420166365893376, 4.217359785747696e-30, 0.0, 0.025060012794617528, 0.02407507048988859, 0.026717107975223864, 0.02942630801633344, 0.02573356300194243, 0.024535080635664574, 0.024385544512855933, 0.029424065783020762, 0.026423213248701793, 3.714759246155382e-199, 0.024015643199394705, 0.025091365248834582, 0.02510656339910732, 0.024251870829430908, 0.02729659692926328, 1.0146251929284337e-84, 0.02503365759536713, 3.177598083461617e-30, 0.025762568294785362, 0.028761203020647108, 0.02544665037029511, 0.022948190717561243, 1.454677264337543e-155, 0.027106517899178544, 0.027628554596393393, 0.028991682741369974, 7.179221620311189e-187, 0.025361575685841835, 0.026686180891384, 0.02664364577787079, 0.024933448590729462, 0.024923545290912806]
[0.012512021224517058, 0.07587267067158233, 3.030872524044356e-36, 0.0, 0.10846594704756919, 0.030237819497329788, 0.013667360816269247, 0.011931303758510014, 0.0, 0.014585959649975286, 0.00787204900378197, 0.030916846653359087, 0.01222593201054508, 0.0, 0.0125310125524613, 0.005635590713113274, 0.0, 0.0, 0.012423145856073481, 0.0867332411996054, 0.060725010821425424, 0.029943821838798842, 0.013541188036779818, 0.011443964123986128, 0.011237747126605356, 0.032426852141862694, 0.01567397107174169, 0.0, 0.010489803811151168, 0.012438847259902717, 0.01246367061253132, 0.01066389717768107, 0.06971534994497942, 1.4182392517986118e-55, 0.012321343529592823, 8.997127534685607e-135, 0.013872129215313774, 0.048559363197158686, 0.013233273281597884, 0.009036585565077878, 0.0, 0.018739268297927276, 0.019919510986353004, 0.03166817095524973, 0.0, 0.012984481689957278, 0.016279586116795457, 0.0636166551196501, 0.0013191123935482308, 0.012075494875816712]
[0.01318983387010543, 0.07275971495662335, 7.839192483858702e-28, 0.0, 0.1005072610717991, 0.030955391871597588, 0.014371074606725482, 0.01259277955942016, 0.0, 0.015312759059850295, 0.00838703743406509, 0.03161348141635297, 0.012895653452064042, 0.0, 0.013209065652127459, 0.006037204741527472, 1.5707009592413001e-164, 0.0, 0.013098135599028882, 0.08212461285306005, 0.05939101105569667, 0.030666455945550952, 0.014246711445577414, 0.01209028760904313, 0.011877263371408835, 0.03308008109847686, 0.016423188956618998, 0.0, 0.011105923886805489, 0.013114515407195007, 0.013140103313207283, 0.011287214600754696, 0.06739125732767817, 5.094107836224042e-45, 0.012993746857129297, 2.639437799679099e-95, 0.014584346846313944, 0.04833981339423824, 0.013929688177534443, 0.00959976352218561, 3.4628512212986786e-170, 0.01952717997717861, 0.020720186418421768, 0.03233665617495044, 0.0, 0.013674861497690387, 0.017040078880089148, 0.06197949479698973, 0.001665046874840252, 0.012741116264346182]
[0.012401653502410884, 0.07637520116197404, 1.0158672445186917e-34, 0.0, 0.10948682142935709, 0.03013390072422999, 0.01354966425562685, 0.011824931694267524, 0.0, 0.014463408973412861, 0.007799234423041267, 0.030815783451955677, 0.012117485789999431, 0.0, 0.012420517275041043, 0.0055820254517002605, 2.838351362654655e-191, 0.0, 0.012313361799817964, 0.08740917053886135, 0.06097696740761002, 0.029837056649079534, 0.01342499345094281, 0.011341181727599646, 0.011135918558030334, 0.032336320822193176, 0.015546526638188694, 0.0, 0.010394337552584017, 0.012328892286645915, 0.012353604718370288, 0.010566877945420508, 0.0701383653831462, 2.0876943786951098e-54, 0.01221228457453796, 4.48428071088024e-115, 0.013753354600636612, 0.04864392005236252, 0.013118243886440232, 0.008953187941116431, 0.0, 0.018602641017835094, 0.019781965234352477, 0.03156941725385433, 0.0, 0.012870985456369291, 0.016149820873620498, 0.06391737487110959, 0.0013844999008470946, 0.01196810058314235]
[0.014461660292900797, 0.06698221180538527, 7.705448597005894e-18, 0.0, 0.08747773751646298, 0.03204105596160342, 0.01569494403324385, 0.013833856812999621, 5.364010961920914e-198, 0.016672361064078094, 0.009342584176196649, 0.0326653717982731, 0.014152741900480402, 0.0, 0.014481850616373488, 0.006784217919194266, 6.909341650316097e-50, 0.0, 0.014365422446357868, 0.07405748646785616, 0.056639134254682186, 0.03177821217014541, 0.01556381610113907, 0.01330344929331392, 0.013078716009372274, 0.034026473501507094, 0.01781574379844032, 1.9258416468019813e-116, 0.012259726151330258, 0.014382542715618583, 0.014409576227804604, 0.01245332759280665, 0.06265636603710868, 2.0749738076538126e-35, 0.01425556203998226, 1.7578890216764882e-35, 0.015916605396093436, 0.047475700994562366, 0.015235862034628832, 0.010650232990501956, 2.71424584955922e-88, 0.02097243088239464, 0.022165580717209428, 0.033355298228463906, 1.2462178610666981e-145, 0.014969528648706596, 0.01844710393588678, 0.058666652864839165, 0.002518814093719178, 0.013990040332920884]
[0.02220930100815426, 0.036004400867216256, 2.413221386956856e-11, 0.0, 0.035088440451448974, 0.0337838626705496, 0.023623756937245426, 0.02146777456949217, 0.0, 0.02460200664588384, 0.015467093588304075, 0.03409587433828522, 0.02185311318022456, 0.0, 0.02223985951556826, 0.01153037633618439, 1.7554338385393157e-123, 0.0, 0.022106263756579245, 0.03570374189705844, 0.03678457467712936, 0.03378865032308184, 0.023400073631848206, 0.020840011799605995, 0.02052639325921443, 0.03449949547604958, 0.025674688892328528, 5.11588619681809e-109, 0.019501776695602397, 0.02211173218086052, 0.0221511486286885, 0.019720661439096513, 0.03554983080942099, 2.056319336846012e-19, 0.02197021208084094, 1.6597916163294054e-45, 0.023777373569564705, 0.036344242772551744, 0.023081944727298676, 0.017330951757410267, 2.699450347914536e-82, 0.02841979066756066, 0.029192297856905566, 0.034496182085151275, 5.9013978879603896e-198, 0.022775558064557798, 0.02622081540309533, 0.03657652724997687, 0.003835803025499151, 0.021653396793902383]
[0.018895476869020843, 0.048567125571766505, 4.0906623621762624e-13, 0.0, 0.05387308577752714, 0.03390416605974941, 0.02029098579968286, 0.018175745993156536, 0.0, 0.021318852696134684, 0.012688803815613285, 0.034373174795918136, 0.018545867359318895, 0.0, 0.018922317921446476, 0.009324358648609232, 1.7463725109853238e-130, 0.0, 0.018790903105894367, 0.05053799733142555, 0.04565111988254298, 0.033789847305714826, 0.02010213620495776, 0.017567857206618076, 0.017285044283836603, 0.03522215186230431, 0.022484125209106334, 5.4389346728336036e-132, 0.016318325293913687, 0.01880261051796558, 0.018837499007387726, 0.01653352553136985, 0.046803837910045935, 4.746472757783979e-24, 0.018661581586376482, 4.0938965133611895e-54, 0.020486027448679826, 0.04194354072865135, 0.019761920899540472, 0.014341163145856302, 3.506240488124608e-100, 0.02558421124823117, 0.026604895789290952, 0.034925755906162925, 0.0, 0.019460398154929007, 0.023102234380586548, 0.04621303582241737, 0.002952940408517891, 0.018355352264433158]
[0.012525514443160284, 0.07578393174291803, 1.3668471212809687e-36, 0.0, 0.10813094880927902, 0.030271068220505116, 0.013681279240898722, 0.011944440307421105, 0.0, 0.014600992495762698, 0.007883569973348176, 0.030949497811788452, 0.012239209291045128, 0.0, 0.012544479628502712, 0.005645150116609704, 1.3173601284348177e-177, 0.0, 0.012436524615417176, 0.08657252098317113, 0.060703893705814575, 0.029976295306708405, 0.013555870677947383, 0.011456756893035087, 0.011250232953595238, 0.03246006243867567, 0.01569023404805078, 0.0, 0.010502204025537979, 0.012452259828953545, 0.012477113501381103, 0.010676501504189305, 0.06967349542081949, 1.330275920106872e-57, 0.012334707695214863, 2.6811269768887906e-106, 0.01388670928512941, 0.04858008978619249, 0.0132472412594867, 0.009048403269170996, 0.0, 0.01875840148454117, 0.0199406021965703, 0.0316993207574823, 0.0, 0.012998304912817357, 0.016296600116498656, 0.06358648552219741, 0.0014503709645435606, 0.012088714624130059]
[0.01951243106742681, 0.045348039192056926, 5.939963299062539e-26, 0.0, 0.04850711105837054, 0.034433523480430744, 0.02080905939745413, 0.018819570043538365, 0.0, 0.021847056110730425, 0.01349176861873063, 0.03480163965400576, 0.019171876714348866, 0.0, 0.019531865192903754, 0.010167881810920529, 1.2552534751150146e-92, 0.0, 0.019403723819215065, 0.04640992122555326, 0.04359607380887067, 0.03426557803133138, 0.020692963174142657, 0.018217160809253417, 0.01797724996940045, 0.035594764630140975, 0.023011711431789858, 1.5286561426510742e-126, 0.017026445150729756, 0.01942700756269165, 0.019455485108576143, 0.017268484456610448, 0.044596314653611364, 4.887086658288237e-35, 0.019284105968587012, 2.431782703671698e-62, 0.021076114059226856, 0.041316789991748, 0.0203493733136303, 0.015114997334630386, 5.962030870334659e-87, 0.025981028526968222, 0.027068579875911554, 0.03518685035306286, 7.858686300501833e-191, 0.02006659842387346, 0.02364272757228263, 0.043992300960309164, 0.004542542187412088, 0.018993284836092618]
[0.013088629950858154, 0.07339549069866422, 7.074442275922652e-27, 0.0, 0.10276669141218644, 0.0306498735140683, 0.014268856326968034, 0.012493919981494272, 0.0, 0.01520038994005999, 0.008299964509476477, 0.031313384812212304, 0.012796055522143262, 0.0, 0.013108377386788158, 0.005960217961130635, 7.783991721912342e-199, 0.0, 0.012998089480495339, 0.08326720191355658, 0.05949477705522916, 0.030370711153961956, 0.014137381952925835, 0.011994622489992845, 0.011780531772954983, 0.03277160374809549, 0.01629925842733604, 0.0, 0.011011937509512456, 0.013013412194564289, 0.01303926152808796, 0.011189965831312812, 0.06770511952357447, 1.9317856187931155e-44, 0.012893585168724488, 4.365266678326851e-110, 0.01447338587764161, 0.048112110784392606, 0.013824937835686488, 0.00950932235513951, 1.014709887630644e-196, 0.019380390768727284, 0.020551478813580038, 0.032050303315423294, 0.0, 0.013570658297606683, 0.016908199042648446, 0.06215951502397137, 0.0015087391343901406, 0.012641646827810325]
[0.013533514838135067, 0.07157706223480687, 8.366406653718198e-28, 0.0, 0.0987029266798154, 0.030813274749733957, 0.01469078117473953, 0.012943765558544035, 0.0, 0.015618422773096836, 0.008741702833068856, 0.031439116333431764, 0.013242836233794306, 0.0, 0.013552105168917396, 0.006339900199374466, 1.5846160223899985e-117, 0.0, 0.013442439944925132, 0.0807278958350218, 0.05840329542746521, 0.030527195949303063, 0.014577448412903421, 0.012445526193969787, 0.012232093948883914, 0.03285793122943182, 0.016706183325454194, 2.6982927750787134e-211, 0.011468365107858472, 0.013458740385648827, 0.013484317778533681, 0.011650502702281157, 0.06648962990965687, 3.15723478052769e-50, 0.01333979487031289, 1.7546810054746017e-60, 0.01490551824085032, 0.0476886844306156, 0.01426189103985368, 0.009962692273147267, 2.1630061785371998e-177, 0.019723271519315723, 0.02088678824855632, 0.03211731423758192, 0.0, 0.01401140243742549, 0.017309337213440305, 0.06097043611490821, 0.0020655176413121204, 0.01309037664238653]
[0.02772616615527022, 0.02035499092854686, 2.359421905333011e-10, 0.0, 0.017525034001114596, 0.028429924815633927, 0.028732741464557125, 0.027175554563947713, 0.0, 0.02917816301172093, 0.021469404914456963, 0.028467158771966705, 0.02747895022158855, 0.0, 0.027763986697359615, 0.01668363024580189, 6.6408017098143545e-189, 0.0, 0.02767215269654003, 0.01925799480941901, 0.02274201418353475, 0.02864250321514094, 0.02841805682766611, 0.026720588523875616, 0.026382152931393045, 0.028141144023300695, 0.029575684225292265, 2.7486501511033793e-149, 0.025540086797244625, 0.027643280802374198, 0.027689682763304503, 0.025663353678373326, 0.020556790405746622, 3.408381307333783e-17, 0.027556647162950275, 1.0562615458900434e-68, 0.028636236756584575, 0.024509406058288753, 0.0283062416467202, 0.0234474549079185, 2.5400964216266054e-109, 0.03048957375686509, 0.030344377013072712, 0.02860632293882447, 0.0, 0.028085369766298912, 0.02970703625437411, 0.02215356494086347, 0.005212233843520379, 0.02731434229120916]
[0.012492236422794735, 0.07594935329326936, 1.463239321577067e-37, 0.0, 0.10857798031209893, 0.030237627405895102, 0.013646949151522453, 0.01191191149072626, 0.0, 0.014565448364427365, 0.007857284447214482, 0.030917571947482844, 0.012206319220783773, 0.0, 0.012511204825097615, 0.00562413998778593, 0.0, 0.0, 0.01240340258649157, 0.08682266887763673, 0.060780116665006816, 0.029942741681450086, 0.013521087062873756, 0.011424942762822982, 0.01121885200910308, 0.032430574786487205, 0.015653585715263745, 0.0, 0.010471701539120644, 0.012419101142306582, 0.012443909470491244, 0.010645628147300114, 0.06978522348668824, 4.405048286718736e-57, 0.012301680013791966, 1.6823351547370506e-135, 0.013851815887302195, 0.048595083254914524, 0.013213116136091824, 0.009020179282160031, 0.0, 0.0187201903782419, 0.019901781219546433, 0.03166968169375636, 0.0, 0.012964451186697052, 0.01625941214315396, 0.06367643861220079, 0.0013086098099292338, 0.012055997426650361]
[0.012784930747212066, 0.07473813948204992, 4.223789416992057e-32, 0.0, 0.1061617841174471, 0.03037242047334194, 0.013950396434327305, 0.012198373727750844, 0.0, 0.014872891539342785, 0.008077456379740906, 0.031042645574993113, 0.012496205869707058, 0.0, 0.012804277892617054, 0.005793103259014594, 0.0, 0.0, 0.01269544245589634, 0.08522783542153861, 0.060089653737232636, 0.030086835136322963, 0.013820955802997904, 0.011705957184911946, 0.011496665279005747, 0.0325235288052426, 0.015963157419013507, 0.0, 0.01073910054776663, 0.012710954429119188, 0.012736194775106055, 0.010914927620295622, 0.06875803533804385, 1.3432217351411115e-50, 0.01259244707319248, 1.9450007329946936e-129, 0.01415427891501838, 0.04826294673740437, 0.01351217878011143, 0.00926324551282775, 0.0, 0.019026894098878092, 0.02019813313358141, 0.031786193639981135, 0.0, 0.013261197550514183, 0.016568592525804855, 0.06288654185602595, 0.0013814184434375704, 0.012344062123055588]
[0.013095821611139282, 0.07329226341222232, 3.80527525068936e-23, 0.0, 0.10194862760450984, 0.030715599119196902, 0.014264729741356142, 0.012505111728700467, 0.0, 0.015195386704287822, 0.008340415291096142, 0.03137461996143149, 0.012804843561224043, 0.0, 0.013114957979729742, 0.006008243736932942, 5.113905766533611e-95, 0.0, 0.01300522612392352, 0.08296142161790898, 0.0595417522302949, 0.03042815847788559, 0.014141225001649048, 0.012008183988281448, 0.0117962565212163, 0.03284212855672362, 0.016292761426214736, 1.797695874904033e-170, 0.011033603186523772, 0.013021139328739011, 0.01304663487037549, 0.011212526202421455, 0.06774850719582831, 2.934648192417182e-43, 0.012901881317901766, 2.2604374031537005e-51, 0.01447428527394905, 0.048245272525721146, 0.013827538612387457, 0.009541929742080213, 4.6458194217217925e-139, 0.019364401630102845, 0.0205437401753161, 0.03210010609912987, 0.0, 0.013575325159202352, 0.01690211938095833, 0.06219586211239914, 0.001935538005688448, 0.012651854644568944]
[0.012406160883368617, 0.07635435183639083, 9.149637254468615e-34, 0.0, 0.10943454291831943, 0.030131447119668735, 0.013554023621805881, 0.011829542072816642, 0.0, 0.014467423248413281, 0.007804149012744168, 0.030813321601380967, 0.012122057512292726, 0.0, 0.012425037168410993, 0.00558660521474148, 1.7784459898865495e-172, 0.0, 0.012317906331053487, 0.08737980892259296, 0.06096565857105892, 0.02983486123908918, 0.013429172440650417, 0.011345906661724523, 0.011140616842152033, 0.03233337839242514, 0.015550129671999305, 0.0, 0.010399143740238027, 0.012333405559874545, 0.01235812690268868, 0.010571596404651626, 0.07011980004610076, 1.0580249565213703e-53, 0.012216831657295929, 2.786193907950509e-103, 0.013757475619737003, 0.048636179897158786, 0.013122596004103182, 0.00895808780114665, 1.051524580801404e-206, 0.018605326746979803, 0.019783995764350713, 0.03156710761107418, 0.0, 0.01287537333816048, 0.016153160394494128, 0.06390436235385916, 0.0014386442733659171, 0.011972684463436124]
[0.012828991852667516, 0.07440078996698746, 1.6772383990312655e-38, 0.0, 0.10487013089488101, 0.03056486442620564, 0.013996985203874148, 0.012240137378928909, 0.0, 0.0149274353851849, 0.008109472135397061, 0.03123225624482508, 0.012538827862708591, 0.0, 0.01284805126419383, 0.005819659966929036, 8.292833415847972e-168, 0.0, 0.012738641279709799, 0.08459608439373291, 0.060050059900119336, 0.030273390074755654, 0.013872311166258117, 0.011745128138997158, 0.011535734020084615, 0.032719050166296455, 0.016026809819348512, 0.0, 0.010776182392058546, 0.012754771495561227, 0.012779935621514554, 0.01095410527948773, 0.06861820944278038, 1.7306917850334442e-60, 0.012635603027064363, 1.597834751798537e-100, 0.014206543779245994, 0.04841657500820953, 0.01355955967454847, 0.009297167784673722, 0.0, 0.019110358949651553, 0.020296757208372398, 0.0319678164817943, 0.0, 0.013307806853937692, 0.01663813056244691, 0.06280566942510364, 0.001553597628650278, 0.012386397695140518]
[0.01247194852095837, 0.07608330667235831, 5.177609050635761e-38, 0.0, 0.10884834134929608, 0.03018075062284481, 0.013621313718837277, 0.01189422420530249, 0.0, 0.014535819160158833, 0.007856001609850206, 0.030860013849554023, 0.012187320508103673, 0.0, 0.0124908579744081, 0.005626328685705999, 1.2487848649413523e-207, 0.0, 0.012383527580308478, 0.08700643395322426, 0.060826293069082826, 0.029884938627328037, 0.0134966295594805, 0.01140956132512354, 0.011203519686641019, 0.03237466867143854, 0.015619311519545064, 0.0, 0.010460363835245196, 0.012399016241351386, 0.012423825576583964, 0.01063325806341623, 0.06990677178704598, 1.0669345860723947e-57, 0.012282269980494379, 2.7532682140026837e-129, 0.013825103187985402, 0.04859044084981934, 0.013189488814239429, 0.009014601033652151, 0.0, 0.01867453633098463, 0.019852791074926626, 0.03161043263786695, 0.0, 0.012941886192679225, 0.016222606382643487, 0.06374148356805746, 0.0013323629944746937, 0.012037650428803654]
[0.013321650528399653, 0.07243322610181471, 6.050205105645183e-31, 0.0, 0.1006984331850402, 0.030676858372834865, 0.014472489421657226, 0.012735717388249341, 0.0, 0.015398398772649839, 0.008580064484877, 0.03130982681872448, 0.013032616846677633, 0.0, 0.013339919047485662, 0.006220631017090436, 4.027314103812053e-73, 0.0, 0.013230861979467878, 0.08193755747174016, 0.058837770001609876, 0.030387298045265645, 0.014361244425174013, 0.012240578339903488, 0.012030330625739136, 0.032745626145577224, 0.01648551232845917, 1.293580435741283e-180, 0.01127264906747631, 0.013247536459446757, 0.013272691790974034, 0.0114542428993303, 0.06714387128598698, 1.7111082961974166e-54, 0.013129046913746492, 1.0827968954719392e-48, 0.01468862789065915, 0.04783625878827373, 0.01404640351383672, 0.009784226997226829, 3.562261099793706e-147, 0.019504893714369944, 0.02067368194085022, 0.031996702503075514, 0.0, 0.013797377741253565, 0.017089228179543642, 0.06147745084130507, 0.0022271368033261935, 0.012881361157853093]
[0.013909629392790706, 0.07000362943631386, 1.4818225174561388e-35, 0.0, 0.09624941345829767, 0.03088687572015465, 0.015075195567906517, 0.013314300429316363, 0.0, 0.016005064586897183, 0.009045805412739194, 0.03149819539076974, 0.01361644998016859, 0.0, 0.01392847868718083, 0.006589333655406227, 8.718713557511274e-63, 0.0, 0.013817905713496175, 0.07883493274986811, 0.057382235569843176, 0.03061606431583789, 0.014958373090952977, 0.01281064209645201, 0.012595212648192453, 0.0328662055928014, 0.017091546156995794, 1.5302641066930677e-183, 0.011820616200017262, 0.013834228803645024, 0.013860097569737375, 0.012005529314777141, 0.0650400403605465, 6.919296640942094e-60, 0.013714130629979473, 2.84254539754795e-50, 0.015289302396437558, 0.04708424017706606, 0.014643334373732506, 0.010290725856870186, 9.947126998395202e-147, 0.020091088061677084, 0.021235563657183487, 0.03216536611844863, 0.0, 0.014391062871788967, 0.0176919934418707, 0.05983047292078175, 0.0024543325313754294, 0.01346238487399847]
[0.017854575801783745, 0.05375236917221372, 1.678313771193922e-34, 0.0, 0.06359508342141736, 0.03211723038785736, 0.018851005404595125, 0.017294165654740176, 5.851511413004231e-178, 0.019754253487668523, 0.012953435964212931, 0.03245099385112356, 0.01757429004021388, 0.0, 0.017864759063919985, 0.009973388738525588, 4.5500898928858994e-23, 0.0, 0.017758182843862245, 0.057207014799639064, 0.0475458401592869, 0.031849440540668565, 0.018873653459963106, 0.016796133019168383, 0.016578769315484226, 0.03342525565153053, 0.0207540562063731, 1.927860062945819e-161, 0.01584494312952398, 0.01778117988693437, 0.017805999940762807, 0.01606350291969861, 0.05254016892815364, 1.410186904697088e-65, 0.017668239795903533, 1.0175285966483284e-36, 0.019139728253519304, 0.04257116459620885, 0.018530716017538227, 0.014287822478320413, 9.039280740934354e-117, 0.02326450201675235, 0.024314222109544918, 0.03272226293892101, 6.076783649929929e-150, 0.018305648699221053, 0.02130489113528225, 0.04894562286725718, 0.006651162450477958, 0.017434324282243403]
[0.01575326593709885, 0.0622037400892966, 7.172512741546478e-24, 0.0, 0.07896428591828722, 0.031832317195056914, 0.01686538312552833, 0.015163196563152575, 3.689645273614278e-134, 0.01779888943538177, 0.01079172880639558, 0.03232771604835026, 0.01546085962546806, 0.0, 0.015768676424996488, 0.00808124270647875, 3.627175945337779e-16, 0.0, 0.015658064731963905, 0.06801644214344141, 0.05310830202549156, 0.031558261115685694, 0.016805355865197494, 0.014653575819026154, 0.014435718074315084, 0.03353702338746805, 0.018866426594860153, 6.373876823390399e-125, 0.01366384241218582, 0.01567777226033096, 0.015703367590187797, 0.01386637535289208, 0.059173408033854395, 2.9123838313692374e-48, 0.01555847716612591, 1.886455567836621e-40, 0.017115568244281953, 0.04546592653184491, 0.0164743870434707, 0.012096760005564476, 2.8811104187853137e-79, 0.021704344021823228, 0.022829331444084524, 0.03282598268618876, 2.4972423784700056e-107, 0.016229798554880964, 0.019456150445947933, 0.05498351644825429, 0.0042141772619815, 0.015310342518661044]
[0.0144305300420932, 0.06781020900504171, 4.718540854651212e-38, 0.0, 0.09162680616317315, 0.031160409969504258, 0.01559822662281892, 0.013829898402792126, 0.0, 0.016534194443324674, 0.009486131621044284, 0.03174409176802551, 0.014134609893616465, 0.0, 0.014449136078759178, 0.006945790881872995, 4.4221166730284394e-58, 0.0, 0.014337487578633437, 0.07586191368533053, 0.05614148579043172, 0.03089586242187542, 0.015488491777423351, 0.013319947323866562, 0.013100747775188415, 0.03306056419723088, 0.01762187326555161, 2.303692942642403e-188, 0.012317445639880274, 0.014354234110134062, 0.01438048433926427, 0.01250701858050262, 0.06333104220000609, 9.002919131042649e-64, 0.014233229273591715, 5.378601232888235e-49, 0.0158182021315302, 0.046567413592792754, 0.01516879205696984, 0.010759967607317584, 7.322836241276616e-151, 0.020598679938502455, 0.02173408543903532, 0.032374748531677294, 0.0, 0.01491539742855377, 0.018221621971183176, 0.058426118946238045, 0.0027337166570927554, 0.013979392636155398]
[0.013534651397834512, 0.07151414649293902, 4.715720289510184e-38, 0.0, 0.09902436109183264, 0.03081548430446011, 0.014703581951194575, 0.012940343732795805, 0.0, 0.015635939718267065, 0.00871333617127795, 0.03144636084784813, 0.01324189236352533, 0.0, 0.013553628304377207, 0.006310709564668084, 2.8186749003014908e-93, 0.0, 0.013443209319564416, 0.08076444258165223, 0.05832993667657142, 0.030536756895962767, 0.014584616096311398, 0.012438811674251269, 0.012224209236776218, 0.03285741292903003, 0.016729615434507624, 0.0, 0.011454265209792435, 0.013459384548381033, 0.013485154242960967, 0.011636795216967189, 0.06630853406592194, 2.121914028961068e-62, 0.013339512133526016, 4.511589521720505e-62, 0.014916496705040676, 0.04759294729220421, 0.014268802716555307, 0.009939608773201825, 6.124846417460781e-179, 0.01976617080854825, 0.02092826432191961, 0.032136458212452576, 0.0, 0.014016106323906692, 0.017335272338079008, 0.06088185671121465, 0.002102843669211688, 0.013088079758518355]
[0.012848412212669991, 0.0744510828792033, 1.6068987430349056e-32, 0.0, 0.10528692685745648, 0.030389495595318002, 0.014001548630851561, 0.012265981033441665, 0.0, 0.014921481613170808, 0.008168999224120678, 0.031049956528293232, 0.012561399220306737, 0.0, 0.012867187649183303, 0.005881958199234083, 1.6765976235138198e-101, 0.0, 0.0127589453202799, 0.08476502786510105, 0.05992693828962745, 0.030098686523628557, 0.01388042961772775, 0.01177600329710023, 0.0115678920362116, 0.032527646123728264, 0.016007209789472614, 3.827154266748353e-205, 0.01081650990435049, 0.012774861313070112, 0.01279987610500038, 0.010993133498747545, 0.06863886619068414, 7.410731749712047e-55, 0.012657123637226226, 5.195159290819241e-63, 0.014209603871080615, 0.048226409709154726, 0.013570449592872997, 0.00934939265737582, 1.3934494618265918e-167, 0.01904983727280926, 0.020222026972905455, 0.031776100624127286, 0.0, 0.013321671076046385, 0.01661076719613824, 0.06271689476004928, 0.0018526111879764355, 0.012410655780822196]
[0.016062570783289796, 0.06116866108940223, 1.6263941949037965e-35, 0.0, 0.07965133427385138, 0.031533339451297604, 0.01722828344041025, 0.015453076486023398, 2.1721607193851424e-165, 0.018157075722459923, 0.0109025619885468, 0.032042288119978245, 0.01576293368274258, 0.0, 0.01608111294497219, 0.008130045490605515, 5.776017747302412e-18, 0.0, 0.01596814885744125, 0.06743164270639405, 0.0520422023736929, 0.03130932442207137, 0.017119010582379798, 0.014930897832977505, 0.014708250836758748, 0.0331723790866453, 0.019219397017404577, 7.643091328397151e-148, 0.013897051916313616, 0.015985410895407615, 0.01601216779997007, 0.014097020391556407, 0.05762195701920599, 7.621499636134818e-60, 0.0158623223658447, 6.391647692022673e-50, 0.017450329370151247, 0.0443719227130888, 0.01680462882500904, 0.012264115446455578, 7.273528978351548e-96, 0.022060071169568096, 0.023120209707081348, 0.03259241455563386, 2.3087334037086057e-134, 0.016550853221266638, 0.0197994478973881, 0.053838756371810854, 0.003991585994716674, 0.015605196792106946]
[0.01811529752493263, 0.05302733767815248, 2.194029887658926e-13, 0.0, 0.062096728290859174, 0.032176482143421406, 0.019203803687321278, 0.017527187938955663, 1.8887025225317087e-139, 0.020092227554241324, 0.012931315748921366, 0.032576343394071366, 0.01782608132481513, 0.0, 0.01813231403599252, 0.00982768262670934, 1.4257592276431746e-27, 0.0, 0.018022845093084106, 0.056314508071707355, 0.047455737100037976, 0.031966078309810346, 0.019140805068022643, 0.01701898209349487, 0.01677711944145931, 0.03353289512155396, 0.021086743367422892, 1.7515022748407766e-104, 0.015999838741056104, 0.01803724492585818, 0.01806628300658404, 0.016198880177506095, 0.05126908888436942, 5.714910806109641e-35, 0.017922362980582196, 3.509492995388587e-26, 0.019428478880312263, 0.04235890261059316, 0.018820792403623998, 0.01434601115579346, 1.2151259970751287e-76, 0.023680306829166862, 0.024663585422758667, 0.032974267372757535, 3.0187672678197564e-105, 0.018579251982094182, 0.02162533641898136, 0.04865561418296295, 0.004851261789117568, 0.017673976235955718]
[0.015430318450323853, 0.0635356827041282, 3.6934410673693046e-22, 0.0, 0.08138075314896945, 0.03176205832171909, 0.01655524269107105, 0.014837901926816105, 5.762748634803815e-147, 0.01749060497224818, 0.010475951508939069, 0.03228049277623509, 0.015137102079680246, 0.0, 0.015446460909503532, 0.007804346625380967, 1.0806081424425915e-21, 0.0, 0.015335592397322214, 0.06971991022920156, 0.053963191659475156, 0.031485958032463665, 0.01648502590456819, 0.014328487967611972, 0.01410960098343694, 0.03352633789231374, 0.01856507992480026, 6.460447577593579e-123, 0.013336347061668155, 0.015354532890639426, 0.015380365099022799, 0.013535475758574929, 0.06024207853924208, 8.271601866888627e-46, 0.015234990372481981, 3.927350473783413e-36, 0.01679903086904877, 0.04590188875266814, 0.016155478471353728, 0.011772581306485197, 1.3514306694089149e-83, 0.021444503744394813, 0.022579161104373927, 0.03281010398530975, 2.4726890098225427e-115, 0.015908763938451184, 0.019158853991974627, 0.055920624552864805, 0.003823577478379282, 0.01498554068076444]
[0.01295644508753767, 0.07380400240948432, 4.333647594190556e-27, 0.0, 0.10296802855295538, 0.030744425116940536, 0.014131834824947755, 0.012363862854514076, 0.0, 0.01506710832039354, 0.008202947193708603, 0.03141238923897085, 0.012664519007912895, 0.0, 0.012975701649155113, 0.005891475636136395, 2.1044421677289192e-156, 0.0, 0.012865628971426955, 0.08361936978944537, 0.05989220671234883, 0.03045422880797496, 0.014005667355740013, 0.01186584350987085, 0.011654589436039824, 0.03289662974043402, 0.01617198176753854, 0.0, 0.010890101355118071, 0.012881696216667453, 0.012907106270832329, 0.011068853001008737, 0.06817261644713458, 1.0611061417658858e-44, 0.012761867621271622, 1.9390088850276738e-89, 0.014341749135493216, 0.048466239470027386, 0.013691400793437676, 0.009400133963494844, 4.873377879103169e-168, 0.01927085087775636, 0.02046132743545265, 0.032149244293518744, 0.0, 0.013438041897961108, 0.0167861191415079, 0.06257288260059564, 0.0016198362921638586, 0.012511047056675186]
[0.021016854236010254, 0.040805742321506584, 1.47326336442901e-07, 0.0, 0.04204786390728834, 0.03354115917919062, 0.02238352540726348, 0.020305107246796517, 4.830089928045987e-190, 0.023339904077629033, 0.014609725131619108, 0.033916580665984485, 0.020674540785755587, 0.0, 0.021046258788779394, 0.010887645426567035, 4.496035596336387e-68, 0.0, 0.020917748312009363, 0.041339611316955745, 0.04016330885912461, 0.03350101299071001, 0.0221713359030406, 0.0197052444884298, 0.019402871662190797, 0.03449786552196817, 0.02440231786004753, 5.025872141785167e-81, 0.018429760262539202, 0.020922755624952497, 0.02096080864950837, 0.01863602356984349, 0.03981411078205595, 4.872700406947764e-18, 0.020787220124156725, 4.31244208993176e-24, 0.022534988555901424, 0.03836275680934777, 0.021858635278088893, 0.016370789360518712, 2.723294335335808e-66, 0.02718571428580567, 0.02801560383568727, 0.03438006811186118, 1.0099016168593178e-129, 0.02156249187553935, 0.024950550184371353, 0.04025567401517081, 0.003812704575613021, 0.020482972385448356]
[0.013404889309159061, 0.07204712798834152, 2.9777390256766677e-25, 0.0, 0.09987876617005384, 0.030850638932803383, 0.014598254273819482, 0.012802795906048095, 0.0, 0.01553588857453918, 0.00853538008776616, 0.031505113022322916, 0.013108935218643375, 0.0, 0.013425063138712097, 0.006139296865836389, 1.5660428406514084e-197, 0.0, 0.013313521972581276, 0.08143364689146208, 0.05878801622015746, 0.03058031057055141, 0.014463269103493118, 0.01229717729029998, 0.012079082573633153, 0.03293269867695607, 0.01663951404813071, 0.0, 0.011299077024820438, 0.01332862721081516, 0.013355006323572319, 0.011479169305105279, 0.06658565671523736, 2.8023293900324385e-42, 0.013207549293106417, 2.2093503388128843e-107, 0.01480220031954655, 0.04782395667907912, 0.014149028424103411, 0.00976952163230461, 4.741552376934593e-190, 0.01972579779693474, 0.020889917494285315, 0.03223399609529239, 0.0, 0.013891888591297042, 0.017249563862159225, 0.06133268695066247, 0.0015645726135352668, 0.012952396669461753]
[0.012496492299150645, 0.07592941147318598, 1.2097873517407716e-37, 0.0, 0.10852058026754066, 0.030243477788319918, 0.013651380898671711, 0.01191606636338169, 0.0, 0.014570013581317959, 0.007860585823342495, 0.030923368993516744, 0.012210525958852242, 0.0, 0.012515464603661113, 0.0056266525495519, 0.0, 0.0, 0.012407642501221892, 0.08679140484266178, 0.06077354460822363, 0.02994859309184237, 0.013525515911563925, 0.011429022739189014, 0.011222855713661151, 0.032436258637207525, 0.01565830055464524, 0.0, 0.010475597475267773, 0.01242333734211672, 0.01244815562541015, 0.010649540802113444, 0.06977075875381361, 3.9850586128170507e-57, 0.01230590388419762, 2.0019798539418532e-134, 0.01385626554545249, 0.048596013691792894, 0.013217480183940027, 0.009023761869071723, 0.0, 0.01872531764549456, 0.01990705755350873, 0.031675386041429505, 0.0, 0.012968772082532923, 0.016264210813609285, 0.06366759710314873, 0.001307506426379669, 0.012060177806454304]
[0.012580782477578234, 0.07560318932380759, 8.091553666391173e-32, 0.0, 0.10786237857612546, 0.03025782066526648, 0.01373787798365899, 0.011999011106815208, 0.0, 0.014656560567864508, 0.007926506334091858, 0.030934580544609014, 0.012294249907342422, 0.0, 0.012599878636956491, 0.005677494632056505, 4.127607700500158e-205, 0.0, 0.01249184881642027, 0.08636636776522388, 0.060571057912459175, 0.02996620511830514, 0.013611017211419513, 0.011510826680806415, 0.011303525095110954, 0.032437100328887754, 0.015744018443343135, 0.0, 0.01055399485645141, 0.012507394141522628, 0.012532368632379364, 0.010728221242687052, 0.06949215432970891, 1.557374700480818e-50, 0.012389807586822253, 1.4624797276702116e-119, 0.013941906554606675, 0.04847952574855241, 0.013302949496374117, 0.009095803653269346, 0.0, 0.018806377828192864, 0.01998290241400267, 0.03168388184669494, 0.0, 0.01305375099511855, 0.0163488603425051, 0.06344197492021576, 0.0013823589383506719, 0.012143468194422816]
[0.012497733017039632, 0.07594711498776009, 1.295545575631509e-37, 0.0, 0.1085719057216614, 0.030209745619103594, 0.013650833506651135, 0.0119183485509789, 0.0, 0.014567093921895716, 0.007868383598273661, 0.0308895501601517, 0.012212340563966563, 0.0, 0.012516757547920513, 0.005633987853744192, 1.2027302357693526e-181, 0.0, 0.012409148284717512, 0.0868249311609212, 0.06076317900148948, 0.029915653923630204, 0.013524669049104517, 0.011432389908316791, 0.011225811398953822, 0.03240133910409833, 0.01565260658895409, 0.0, 0.010480254679868344, 0.012424609529532053, 0.012449497669867703, 0.010653435845625893, 0.06978026951778207, 3.920555902552806e-58, 0.01230753257748696, 3.777794443171319e-112, 0.01385432105712409, 0.04856683635073529, 0.013217277497943915, 0.009030238114549895, 0.0, 0.01871356227529637, 0.019891837320608074, 0.031641776407727085, 0.0, 0.012968934776455141, 0.016256796362513343, 0.06366263939630731, 0.0014044686649890528, 0.012062188343099176]
[0.012522358989651743, 0.07586581611796754, 9.25636551773704e-37, 0.0, 0.10846098679211785, 0.03019145069687045, 0.013674159088825046, 0.011943510932972884, 0.0, 0.014588835384968798, 0.007893721560211092, 0.030869747905047654, 0.012237271522242348, 0.0, 0.01254139962025149, 0.005655681194308065, 9.560285580878477e-167, 0.0, 0.01243390564805155, 0.08673413206036514, 0.06069383461736173, 0.02989831424353234, 0.01354789819627428, 0.011458011701998866, 0.01125127212382211, 0.032377832372713106, 0.015672193895178484, 0.0, 0.010506241308562713, 0.012449264608944756, 0.012474183339443747, 0.010679193025371464, 0.06970703738843329, 2.0501753751232247e-57, 0.012332354554522095, 3.8501909596563717e-103, 0.013876966207165307, 0.04851268602006178, 0.013241032544359918, 0.009056188682325545, 1.150929355141289e-212, 0.018726700654550156, 0.01990166156313056, 0.031620376577813775, 0.0, 0.012992948856173522, 0.01627501078035692, 0.0635910315477519, 0.001457567763894388, 0.012087219771456256]
[0.014861318225426367, 0.06596907711472103, 1.3452213589481955e-32, 0.0, 0.08884491673564507, 0.031308201407892186, 0.016066052134650455, 0.014246260501160617, 0.0, 0.017002774366856394, 0.009762255448748576, 0.03189933068028834, 0.014559818989634769, 0.0, 0.014881884738728418, 0.0071556779595566885, 1.9583651207590735e-49, 0.0, 0.014768401076687166, 0.07366297549393695, 0.05512190256106313, 0.03107263127920679, 0.015923647671326403, 0.013726141395340492, 0.01350510180082293, 0.03316494154045763, 0.018092209095588178, 1.3706469607047836e-153, 0.012691417851915023, 0.014783996459373217, 0.014810849118916182, 0.012880905510779807, 0.061417560423746305, 1.2794901013465305e-52, 0.014659740654059243, 1.9688755663357702e-51, 0.016270481353583537, 0.045964222590368815, 0.015615435487638961, 0.011083178958513186, 4.3148969637745e-114, 0.021084318345827035, 0.022189340125512123, 0.03256083492845091, 4.018235650990861e-180, 0.015355572937773993, 0.01868967860406548, 0.0572056226230116, 0.0027418445459531956, 0.014399479037959033]
[0.012722129870191076, 0.0750166426564061, 8.788191639007237e-34, 0.0, 0.10672453058668288, 0.03028071224655198, 0.01387702810139998, 0.012140702180796208, 0.0, 0.014793266924192435, 0.008057661612706454, 0.030950693356263322, 0.012435852534790664, 0.0, 0.012741236226169936, 0.005789026562216732, 7.028211122334751e-122, 0.0, 0.012633302945008393, 0.08560002881518594, 0.06021418943928873, 0.029991967060316278, 0.013750373891867543, 0.011652577851665106, 0.011444719670115625, 0.03243804200694111, 0.015876586646409382, 0.0, 0.010694710726486121, 0.012648719635315622, 0.01267378157574425, 0.010869126185490094, 0.06901010243396076, 6.5588953018946e-55, 0.012531289372055414, 2.3582296563546486e-76, 0.014080401667206466, 0.04829362584418638, 0.013443201622201372, 0.009232528815166032, 7.70036323865912e-178, 0.018923346136213832, 0.020092237483765523, 0.03169207791757626, 0.0, 0.01319436763360681, 0.016478681566789617, 0.06304417576756544, 0.0016812595255204382, 0.012285094765711038]
[0.016827492916883017, 0.05815784187406595, 5.979365473736216e-46, 0.0, 0.0738827943760223, 0.031754983621102635, 0.018004302924776068, 0.016208791864971296, 0.0, 0.018934432065984295, 0.011528039212853562, 0.032229100046253616, 0.016523850230758533, 0.0, 0.016846763703108152, 0.008607893683258174, 9.235611410344689e-37, 0.0, 0.016732233171309938, 0.06353300218108822, 0.05017922719153849, 0.031552342848667966, 0.017896132625050812, 0.01567869527213338, 0.015442967352861176, 0.0332716319537732, 0.01998997813322573, 6.000063921600437e-190, 0.014620123923591095, 0.016747997309943537, 0.016776411563597774, 0.014821942075039524, 0.05513745530166715, 6.657989904895364e-74, 0.016624694812815616, 7.261744455775239e-50, 0.018222424464935178, 0.04340195354623309, 0.01757661609678272, 0.012937797819383489, 2.1540177997979644e-144, 0.02278859605519811, 0.023812684907269822, 0.03273991829055273, 2.0588468424510277e-199, 0.017319656712062762, 0.0205616816906806, 0.05176544907040679, 0.0039988838365516794, 0.01636321492082863]
[0.01906805665626395, 0.04952530166784053, 1.6781439141366896e-49, 0.0, 0.05935253969345118, 0.03169417014801407, 0.020178653971896877, 0.01846431679245442, 4.628687175494061e-189, 0.0210619408376381, 0.013663276292424807, 0.032042710477972185, 0.018772162313696193, 0.0, 0.019085762854493517, 0.010436759789332117, 2.3819452437751795e-16, 0.0, 0.01897406041521976, 0.05289545214265757, 0.04435448163548807, 0.031543006666666755, 0.020095555896176044, 0.01793895128882115, 0.01769968637302595, 0.03281352808180604, 0.022034394439656595, 4.587523771850154e-182, 0.016880575993273143, 0.018989503343999275, 0.019018394128928567, 0.01709095297466414, 0.04771301405594587, 3.176936100644859e-79, 0.01887006834170522, 2.6640227528444784e-54, 0.020397658212233875, 0.03991972227911397, 0.01978717192638927, 0.015152221683516827, 3.642528568267974e-122, 0.024504746637146215, 0.025385705759802257, 0.03240674269905164, 2.9502326798913086e-162, 0.01954183323732915, 0.022552216870857785, 0.045410440445576794, 0.006068751799909547, 0.01861551054258371]
[0.012501048985075622, 0.07590809809972127, 6.49140185871362e-38, 0.0, 0.1084595341487635, 0.03024970050537834, 0.013656159417764067, 0.011920514918287816, 0.0, 0.014574938445315056, 0.007864050670163429, 0.030929556461363566, 0.01221503171900919, 0.0, 0.012520031125482077, 0.005629257443744512, 0.0, 0.0, 0.012412188295412022, 0.08675809838665553, 0.06076653552451766, 0.029954844237228714, 0.013530270889904212, 0.011433381271268417, 0.011227126640796442, 0.03244231033228382, 0.01566339321045122, 0.0, 0.010479738979415136, 0.01242787719751517, 0.012452704780823989, 0.010653698635886449, 0.06975492666376398, 2.0322905271697423e-57, 0.012310427030844734, 3.1457478623756534e-134, 0.013861049364453875, 0.04859685936992249, 0.013222168174895148, 0.009027543619665516, 0.0, 0.01873088273258628, 0.019912773671331454, 0.031681524284941816, 0.0, 0.012973410583596698, 0.01626938657250049, 0.06365810466717385, 0.0013061998675838057, 0.01206465292082889]
[0.016061711926366067, 0.06088271866945582, 1.454186497447013e-15, 0.0, 0.07705551749226648, 0.03224790039704638, 0.0173479332212977, 0.015406754313325399, 0.0, 0.01831724926403273, 0.010565825619732079, 0.03282186260155351, 0.015742280390839865, 0.0, 0.01608562321687983, 0.0076968620729345955, 1.1738963397846165e-149, 0.0, 0.015965414002624006, 0.06653593975009338, 0.05267923696814132, 0.032055301734531125, 0.01718145113747683, 0.014856549526653644, 0.014604971154270044, 0.03398086061242981, 0.01943783982275784, 7.043039572445079e-175, 0.013740571970846294, 0.015977490682831275, 0.016008411715557468, 0.013933342153796286, 0.05719922906525033, 1.969674476174527e-30, 0.015848313021202043, 4.416846964709213e-67, 0.017538343525269846, 0.045098743089290655, 0.016859174344520937, 0.011999589449930482, 2.460658143738532e-137, 0.022510629099742496, 0.023590532781104307, 0.03347925167945016, 0.0, 0.016581730380658355, 0.020043797183461245, 0.0542653843817812, 0.0022258581537460426, 0.01556980322754573]
[0.01250185743192874, 0.07590448009633916, 6.40471834366523e-38, 0.0, 0.10845031422522726, 0.030250519524530728, 0.013656995557385726, 0.011921302553700146, 0.0, 0.014575798285730168, 0.007864666983493876, 0.03093036428212974, 0.012215829962193534, 0.0, 0.012520835719190947, 0.0056297267743463135, 0.0, 0.0, 0.01241299115964467, 0.0867527803175509, 0.060765032451969646, 0.029955679349442692, 0.013531104719779, 0.011434154794969963, 0.011227886031615682, 0.0324430714206315, 0.015664272987900216, 0.0, 0.010480476474057795, 0.012428678720782236, 0.012453510242659182, 0.010654438529374158, 0.06975213977067471, 2.0263325095516312e-57, 0.012311228721196603, 4.087817596620317e-134, 0.013861887427335932, 0.0485966075387688, 0.01322299496970626, 0.00902821736994232, 0.0, 0.018731808824873294, 0.019913702439457937, 0.03168231482859601, 0.0, 0.01297422894471511, 0.01627027371414781, 0.06365623259061055, 0.001306149071644484, 0.012065445038050016]
[0.012701379699111746, 0.07502509131875128, 1.9536263131387104e-28, 0.0, 0.10612147579660179, 0.03042909352409664, 0.013864488144880227, 0.012116078836788273, 0.0, 0.01478884374259551, 0.008015642692864547, 0.03110353266268912, 0.012413075046562406, 0.0, 0.012720535986872422, 0.005745752918083617, 8.202750212007415e-180, 0.0, 0.01261182592355648, 0.08544287602346468, 0.06038047193764826, 0.030137515364190126, 0.01373829352192405, 0.011624760738094918, 0.011415728545938003, 0.03260194283182428, 0.01588233974081801, 0.0, 0.010661849513975384, 0.012627479470392736, 0.012652649315994443, 0.010837408099878678, 0.06908679243965425, 1.7242474103244287e-46, 0.0125092403906329, 1.0681895767117256e-102, 0.014070425855785966, 0.04850676912359446, 0.013427732727320832, 0.009193564101491587, 3.207000505487992e-189, 0.01895833591070829, 0.020140281804639542, 0.031849089788266415, 0.0, 0.013177128879835232, 0.016490404633808596, 0.06318780171467696, 0.0014808870437620855, 0.012261414042843387]
[0.012822175413673231, 0.07455828005676306, 3.741392038409991e-32, 0.0, 0.10552485002180613, 0.030395323983720194, 0.013981046091171376, 0.012238456019108418, 0.0, 0.014900128860480394, 0.008133768347605668, 0.031063202486821713, 0.012534809099492984, 0.0, 0.012841356697410176, 0.005848836345938525, 2.674529326346735e-132, 0.0, 0.012733021036366345, 0.08491018618468556, 0.06003714596958387, 0.030106974578220144, 0.013853641013552496, 0.011748279638983018, 0.011539743376483282, 0.03254582582607509, 0.01598644207409377, 0.0, 0.01078598395037387, 0.012748514919407561, 0.012773660710053156, 0.010961256246958947, 0.06866725379869318, 1.1121624504420137e-51, 0.012630580056294043, 1.5781334584154093e-82, 0.014185164910946442, 0.0482830278392948, 0.013545864190464649, 0.009316025600460213, 3.0696478705508e-172, 0.019039287171334223, 0.020210264880749146, 0.031801833456517874, 0.0, 0.013296165176711684, 0.016590134255956103, 0.0628187055083516, 0.001659348930231585, 0.012383435130643682]
[0.012731445461118108, 0.07485902443859217, 6.946083515096882e-26, 0.0, 0.10564611720660762, 0.03045478611707827, 0.013892504241499088, 0.01214673361074354, 0.0, 0.014816712778037294, 0.008048988428528471, 0.031127808462812455, 0.01244336754749136, 0.0, 0.012750472135657666, 0.005778560264346261, 1.370528317008499e-109, 0.0, 0.012641845258154248, 0.08518462583069103, 0.06031907842850204, 0.03016237563731926, 0.013767507729783114, 0.011655593266643617, 0.011447334412848604, 0.032625415537414076, 0.015909752059377603, 4.07810448470711e-187, 0.010693798311428688, 0.012657687134682384, 0.012682749719312863, 0.010869839891116576, 0.06896345036277521, 1.0730820453176945e-45, 0.01253944062240412, 6.697473959855129e-62, 0.014099574734972904, 0.04850129172337583, 0.013457087989151904, 0.00922663002398407, 4.957172734023088e-151, 0.01898249539273533, 0.02016516790562182, 0.031871033502569895, 0.0, 0.013206873696543458, 0.016517779984409352, 0.06310957562835466, 0.0017535368224502012, 0.012291937566543275]
[0.015858834213180635, 0.0603838113433816, 2.7089993609661152e-20, 0.0, 0.07394331666458788, 0.033431181957287906, 0.017172884635622297, 0.015185671784433898, 0.0, 0.018209672270395078, 0.010315021076739192, 0.03401056824314234, 0.015527862307964357, 0.0, 0.015880155717627638, 0.0075244013732900655, 6.462571477652188e-81, 0.0, 0.015755554916054293, 0.06511723805163687, 0.053312867278702256, 0.033194950269654994, 0.01702960506772999, 0.014614084271189948, 0.014378619118532698, 0.03524281398446809, 0.019413622077008367, 1.1952453589418517e-122, 0.013488459814679905, 0.015774991446489254, 0.015803232255704965, 0.013700600601326643, 0.05729117160941402, 4.725542507579479e-33, 0.01563770586641835, 1.239926733750933e-49, 0.01741157272224488, 0.04644814687039686, 0.016686261104276866, 0.01174283888649823, 1.655342039410996e-90, 0.022682269659699588, 0.023898152531721565, 0.03465263252859211, 3.6202444583837586e-179, 0.016402696782181675, 0.020075303253721373, 0.054722198433382094, 0.002725574548162328, 0.01535345425252095]
[0.012552178526112774, 0.07569965520025641, 2.4404065116081337e-33, 0.0, 0.10794388795124876, 0.03024633738655441, 0.013703596912365544, 0.011972680354243103, 0.0, 0.014621128762157808, 0.007918719822605964, 0.03092117905344895, 0.012266603797500187, 0.0, 0.012571013050923228, 0.005677557258921847, 4.745320701651668e-142, 0.0, 0.012463321366094939, 0.08646054050894966, 0.06062668163260651, 0.02995108731496683, 0.013580225784758884, 0.011486076816214373, 0.01127971754777061, 0.03242816486645321, 0.015707147732644672, 0.0, 0.010533820568300854, 0.012479061838224116, 0.01250388345827478, 0.010708083572859453, 0.06962642269424858, 1.2104731172459659e-54, 0.012361871188901065, 1.2848602180598959e-83, 0.013909407735526886, 0.04852647787564477, 0.013271744351642223, 0.009082434351812657, 3.0185397819054354e-195, 0.01876382538755408, 0.01994301915198643, 0.03166545679279171, 0.0, 0.013023614581683463, 0.01631170006847694, 0.06351193362001771, 0.001583172312520536, 0.01211656866592209]
[0.013248182501395448, 0.07271769533776053, 2.7570422416389412e-24, 0.0, 0.10128277322002993, 0.030742731529746742, 0.014435559612163857, 0.012649803188532056, 0.0, 0.015369182319891565, 0.008418325471411017, 0.031403084265319056, 0.01295400534620747, 0.0, 0.013268241580133806, 0.0060497705589527126, 3.0757009496086237e-173, 0.0, 0.01315736673762183, 0.08234114465065094, 0.05914837983024678, 0.03046890462623487, 0.014301023616343937, 0.012147586859797428, 0.011931214160248506, 0.032846220367810985, 0.016469522847146378, 0.0, 0.011156874733717329, 0.01317241817231019, 0.013198588607501432, 0.011335474143581731, 0.06712867535583425, 6.324485100396065e-42, 0.01305203662314728, 5.597102562489897e-92, 0.014638550839440208, 0.04796544254167409, 0.013988296670792596, 0.009640421242029105, 3.5691347553535706e-179, 0.019552764277032956, 0.020718656295993905, 0.03213848599886506, 0.0, 0.013732511980642511, 0.017078376676359915, 0.061749915128139134, 0.001603337117560063, 0.012798454815990746]
[0.01415066934096164, 0.06914313614504619, 7.100814180540286e-38, 0.0, 0.09539016269644059, 0.030825920372757283, 0.015337273717842612, 0.013548537421381717, 0.0, 0.016259505706261956, 0.009201027867903087, 0.031443741457380756, 0.013855449301241704, 0.0, 0.014171207928721645, 0.006695305896200254, 8.299943647572967e-85, 0.0, 0.014060019389134816, 0.07794641148928838, 0.056790608197465314, 0.030577920313265578, 0.015197024334235905, 0.01304176343836788, 0.012821435717487234, 0.03277633730415712, 0.017337830266382467, 5.380448269941605e-199, 0.012032983753727956, 0.014074333527462903, 0.014101135813107506, 0.012214223644324626, 0.06402937307612558, 1.1394698172458352e-59, 0.013953529039530644, 3.105033039021329e-65, 0.015534357991187521, 0.04660437465421944, 0.014890730445285287, 0.010473432712513296, 5.126327778483748e-158, 0.02033036471236283, 0.021441326877338785, 0.03213473546080695, 0.0, 0.014634847519396298, 0.017930499344705482, 0.0591538165652321, 0.002196322518578936, 0.013698323856327872]
[0.016673902585557752, 0.05713270427931076, 4.646681347435151e-13, 0.0, 0.06771986229003547, 0.033700429700072566, 0.018031338639470925, 0.01598051745007176, 3.788679182445141e-213, 0.019072687543584797, 0.010899523044653555, 0.03426729478482935, 0.01633458745411409, 0.0, 0.016697756313808685, 0.007938067187879701, 1.0110630232625855e-70, 0.0, 0.016570067598725806, 0.060940148731909664, 0.051431778520055524, 0.03350556696044152, 0.01786649342866602, 0.015394970941358034, 0.015139657805080269, 0.03540507371013656, 0.02027644652705208, 4.27255273069863e-101, 0.01422236914200939, 0.01658608904111524, 0.016617139239804676, 0.014433175064059578, 0.05434151806035043, 1.1426926059047079e-25, 0.01644720373279622, 9.167014607753895e-35, 0.01825123455238545, 0.04540741877491965, 0.01752118955226387, 0.01239757664521964, 4.1677644561943343e-78, 0.023546762309744864, 0.024713168309009086, 0.0349134356533606, 5.7042463402065226e-151, 0.01722845119261861, 0.020930531145190525, 0.05255626030608178, 0.002754333779832327, 0.016153267804149902]
[0.012804082696674376, 0.07460277265410081, 5.850280060266498e-29, 0.0, 0.10525405251202567, 0.030484589179513567, 0.013969432292786844, 0.01221703567100242, 0.0, 0.014895426214397338, 0.008096577884707877, 0.031154255590665154, 0.012514940993330918, 0.0, 0.012823273237195308, 0.0058087031938216, 6.035684595407877e-198, 0.0, 0.012714247676389725, 0.0848771744050786, 0.060139315235847104, 0.030194964792005504, 0.013843565853353392, 0.011724010126520943, 0.011513948928905915, 0.03264205205128538, 0.015989772406681344, 0.0, 0.01075728496758674, 0.01272992220747516, 0.012755212990751502, 0.010933707031194515, 0.0687501945409617, 1.4026017319143704e-46, 0.012611383290373, 4.459330201017591e-114, 0.014175994394832012, 0.04840264443437158, 0.013532164607933262, 0.009281655459320894, 5.065008045718067e-198, 0.01906365335890291, 0.02024343436496173, 0.03189398267918627, 0.0, 0.013280996720808657, 0.016597913665760636, 0.06291441008080197, 0.0014484289726227667, 0.012362822481669505]
[0.021960447858534744, 0.0345799005722284, 8.045216363827521e-13, 0.0, 0.03153573351375678, 0.03576933421377874, 0.023472829595446214, 0.021164446487291995, 5.867703879558613e-89, 0.024597794183445536, 0.014967191370512327, 0.03608624386672704, 0.021573164428890717, 0.0, 0.02198727496402972, 0.011162588246211537, 4.4412722033815195e-20, 2.9859784992916966e-180, 0.021842082555190847, 0.03341936119521332, 0.03689392339403172, 0.035736612732202896, 0.023270958048777757, 0.020479421482536054, 0.02019682519730694, 0.03653328409079902, 0.025848470487950158, 3.4771722351729005e-55, 0.01908811205305969, 0.021862209781822097, 0.02189666084061665, 0.0193496121352166, 0.03459261741049131, 1.7661691365785788e-16, 0.02170024216914348, 1.6260572334575572e-35, 0.02371493361957401, 0.03765157401925084, 0.022914258285397244, 0.016858899448779257, 4.982318888309831e-26, 0.02900723612261432, 0.03001465664390984, 0.03647843008164673, 6.463890337670295e-52, 0.022587918057120692, 0.026507476323144534, 0.036368621375720646, 0.004964485113060004, 0.021364167620630745]
[0.012440401822236083, 0.07620064334118141, 3.129524553347211e-32, 0.0, 0.10908693837007628, 0.03016866074032357, 0.013591133890711916, 0.011862240154572247, 0.0, 0.01450652645332102, 0.007824601468781577, 0.030849751044205585, 0.012155548651086203, 0.0, 0.012459326579047577, 0.005600434151416823, 1.589262275892568e-185, 0.0, 0.012351916246110761, 0.08716519652048321, 0.06089350616326571, 0.029873008135234046, 0.013465864352602778, 0.011377238594979874, 0.011171481990526654, 0.032366673771728416, 0.015591278770747044, 0.0, 0.0104277311178448, 0.012367471492196868, 0.012392245139972018, 0.010600748901181603, 0.06999372444127465, 2.0498994550960953e-51, 0.012250571160081191, 3.2641394163388423e-109, 0.013795026268173742, 0.048616128084552505, 0.013158657610863045, 0.0089822556759281, 7.645149092861783e-209, 0.018650656509707177, 0.019829962506545083, 0.03160292089015825, 0.0, 0.012910826849073293, 0.01619528579316032, 0.06381679743855666, 0.001400843986464163, 0.01200577477950203]
[0.020306965209566537, 0.041040316842570757, 3.8869807779282096e-16, 0.0, 0.04065128294590498, 0.0357232411153923, 0.021778501711747073, 0.019534923378622615, 2.3932227751372902e-166, 0.022910914774816382, 0.01366792625232524, 0.03610807715644274, 0.019929176428932383, 0.0, 0.020331260166262785, 0.010141382711041617, 7.842969368106983e-53, 0.0, 0.02018938801192444, 0.04087559013970636, 0.041494964915198516, 0.0356158401687598, 0.02160767335679381, 0.018870417587879985, 0.018602114271949473, 0.036795531249246956, 0.024185825385154163, 3.9509362544656935e-74, 0.017543479173979526, 0.02021193452363985, 0.020244163792849726, 0.017799614690862883, 0.040588050765702016, 3.60724500498559e-22, 0.0200536959186857, 5.8085882895827145e-36, 0.02204094602775514, 0.040616992216121806, 0.021240522428817733, 0.015436419519384128, 1.2356782461376902e-48, 0.02745807572695321, 0.02858018941753084, 0.03655113614449874, 4.253909710385034e-109, 0.020922448361312587, 0.02486925300910801, 0.04139152291153972, 0.004361907021671145, 0.019728334228220554]
[0.012446160920454656, 0.07616794450185532, 1.841698775357023e-36, 0.0, 0.10904629959506248, 0.030183225229414214, 0.013597374867753517, 0.011867755851996438, 0.0, 0.014513218216239488, 0.007828274963424782, 0.030864262916597583, 0.012161186567868654, 0.0, 0.012465090509259733, 0.005602980523935212, 2.2746710328774482e-199, 0.0, 0.012357636347201521, 0.08712438577176919, 0.06088085609588895, 0.02988741549639612, 0.013472032418196032, 0.011382543147908684, 0.01117676272435364, 0.03238115094412102, 0.01559855792797223, 0.0, 0.010432638003312972, 0.01237320994299713, 0.012397985474907895, 0.010605735348447881, 0.06996565250133387, 4.219195757434603e-56, 0.012256245554704528, 4.265590125786809e-122, 0.013801428530050492, 0.04861921180059621, 0.013164736146342872, 0.008986521858508753, 0.0, 0.018659546225361746, 0.019839722930640496, 0.03161731808746379, 0.0, 0.012916803643826823, 0.01620294412204865, 0.06379973865859306, 0.001344095257146073, 0.01201135022881297]
[0.012521520565044145, 0.07583213587305175, 1.5591040800507373e-35, 0.0, 0.10837498976668757, 0.030244245811239717, 0.013677113829569229, 0.011940631189705994, 0.0, 0.014595867715220964, 0.007879510264878528, 0.03092291772804298, 0.012235348872231435, 0.0, 0.012540517411495035, 0.005641428324698326, 4.4707706159112304e-216, 0.0, 0.012432622976881464, 0.08667683014341948, 0.06070418249361537, 0.02995040466960356, 0.013550919411423482, 0.011453134661233497, 0.011246825669713457, 0.03243209937547427, 0.01568398208658903, 0.0, 0.010498609115395163, 0.012448320427900644, 0.012473158077935932, 0.010672769891392105, 0.06968340244969763, 1.3899649672039947e-54, 0.012330787235878387, 9.777471054901584e-131, 0.013881912257592856, 0.04855189545709783, 0.013242945349847775, 0.009044708830862577, 0.0, 0.018749266427233454, 0.019929372117105465, 0.03167383553162055, 0.0, 0.012994093971620308, 0.016289625275468067, 0.06359234923960003, 0.0013208522706162054, 0.012084867079195708]
[0.025981306465883872, 0.02347428254706224, 2.218960043015365e-05, 0.0, 0.01924990954108665, 0.03165480045291983, 0.027190568560029924, 0.025325879132054214, 9.885665214445127e-96, 0.027927923361952472, 0.019361442535545496, 0.03176455142311712, 0.025673829806968595, 0.0, 0.026013934182693557, 0.014861883059449911, 2.530026731266479e-29, 3.146075583504792e-168, 0.025898867350153978, 0.02185602796486769, 0.02666815021874972, 0.031786378013687985, 0.026947535664713838, 0.024771470917232013, 0.024443154116158605, 0.03166082854979661, 0.02868198508518508, 1.0106090674417232e-46, 0.023496405830263124, 0.025889897734461875, 0.025932745533146742, 0.02368026446134438, 0.02391000074732457, 5.509912866101286e-11, 0.0257732228848691, 3.181456749396149e-20, 0.027244938448824963, 0.02881901389636642, 0.02671777394483186, 0.021326031821030322, 1.1670671506743684e-32, 0.03049907791669745, 0.03082028867685741, 0.03195693739086452, 4.564310687663737e-56, 0.02645269691589188, 0.029031217304751132, 0.02592910879751142, 0.005812892287027816, 0.02549058627596281]
[0.012445678361240007, 0.07618131810337321, 1.1078540420253837e-34, 0.0, 0.10910215892031223, 0.030155420012737806, 0.013595295392125943, 0.011868083593261955, 0.0, 0.01450954345581861, 0.007833268482831097, 0.03083604113090157, 0.012161125684417295, 0.0, 0.012464608347853042, 0.005608800676718668, 3.962405878724765e-164, 0.0, 0.012357310526081097, 0.08715360373872946, 0.06086868031102964, 0.029860039227783176, 0.013469964994481146, 0.011383606642623879, 0.011177843980635567, 0.03235184004346826, 0.015592939081067242, 0.0, 0.010434847411766706, 0.012372793115146585, 0.012397575884584292, 0.010607588055614634, 0.06997320226942776, 5.0507315159955734e-55, 0.012256043242944633, 2.3198842409511956e-99, 0.013798710197361038, 0.048593210091106426, 0.013163166356801013, 0.008990344359203603, 6.56000651606765e-206, 0.018648927751600704, 0.019826727014195758, 0.03158872546643989, 0.0, 0.01291556569985065, 0.016196160053116738, 0.06379256536944586, 0.0014552026890450596, 0.012011474126471376]
[0.018294718140264423, 0.05268041919536565, 6.393423965811617e-19, 0.0, 0.0624897329081828, 0.031754652123395406, 0.019322500058235267, 0.017730324514271274, 0.0, 0.020180110420096257, 0.01325921920928862, 0.03211530071351808, 0.018016520412858682, 0.0, 0.01830979744273163, 0.010156373638357837, 1.0098285181334151e-55, 0.0, 0.0182043752642085, 0.05615439478989786, 0.046748430526101226, 0.031535722690833164, 0.019282579473884964, 0.017238556363043202, 0.017005178051379237, 0.03303658012523889, 0.021132388719031264, 1.5937024271912764e-142, 0.016256813187024943, 0.018219594041143317, 0.01824742349989348, 0.01645540045505279, 0.051107877585433184, 2.5204733831439107e-43, 0.018109115111854455, 1.5075257485835921e-24, 0.01955305431721569, 0.04172362919146172, 0.01896942366023608, 0.014648082952027939, 2.976856297411534e-122, 0.02358006320311708, 0.024530015223509602, 0.032453386691809645, 3.682395955159679e-173, 0.018739742152284033, 0.021648827323105777, 0.04803921368164367, 0.005199122052878931, 0.017871340479363042]
[0.017559087233518955, 0.05544218719558035, 1.2290566132905544e-19, 0.0, 0.0669759561997753, 0.03180947883360757, 0.018607403610966886, 0.016988338090030575, 5.387091520776688e-206, 0.01948755467845858, 0.012553579864015575, 0.03220515695670149, 0.017277137631095174, 0.0, 0.017574063017638447, 0.009559384739015173, 3.7086999533088976e-48, 0.0, 0.01746723049681267, 0.05951234545937041, 0.04861779745755562, 0.03157017055943097, 0.018566581670500164, 0.016492095383202388, 0.01626205559564978, 0.033213595613967875, 0.020473336899130817, 1.4413701475093815e-138, 0.015510185555298626, 0.01748375415552283, 0.0175110254353512, 0.01570994493118513, 0.05354743260398706, 2.1660079968506658e-44, 0.01737116264443843, 3.8783074483381513e-25, 0.01884567792171776, 0.04287514952129147, 0.018245850820600557, 0.013916002352543668, 9.079230475298821e-116, 0.02303153251937993, 0.024036144746093054, 0.03258056007902905, 5.660125037320863e-162, 0.018012388285363664, 0.021011319949972712, 0.05008537641797481, 0.004881118520928582, 0.01713083597675996]
[0.016500280094988974, 0.0596245646370574, 2.2173385303836173e-15, 0.0, 0.07475573195220367, 0.03176542553508632, 0.017651304588016666, 0.015897029151220106, 0.0, 0.018561691820329042, 0.011332147801231611, 0.032260652337132406, 0.01620444867514521, 0.0, 0.01651966762997995, 0.008446399850601439, 3.733779605407319e-67, 0.0, 0.016407983340391157, 0.06492773115610097, 0.05143860428646662, 0.0315402759119393, 0.01754735323377274, 0.015382893600296923, 0.015144627776345766, 0.033379088177845365, 0.019601073412500933, 4.886540825505631e-134, 0.014350004614398762, 0.016421597271967823, 0.016450432610225423, 0.014541367691247928, 0.05663056110259077, 3.341382802104423e-36, 0.016302866413801395, 1.71074790018499e-28, 0.01786027987660326, 0.04430591987542586, 0.017230954935442584, 0.012708513500404221, 2.2776562879333774e-114, 0.022393156883109094, 0.023432591426625352, 0.032786057304655454, 2.3385995456821036e-177, 0.016979097874609293, 0.02016644165046565, 0.05309999138130048, 0.0034038279960139266, 0.01604736236958344]
[0.015473542596201139, 0.06330956413354755, 6.075468380928127e-32, 0.0, 0.08291739848864613, 0.0317744032825507, 0.01669006618945332, 0.014849670129464575, 0.0, 0.017635025772656986, 0.0102585222083972, 0.0323415949910527, 0.015167937071351499, 0.0, 0.015494353778945792, 0.007551156304389581, 5.061786503908749e-84, 0.0, 0.01537934668324135, 0.06994592839833118, 0.05378818240254325, 0.031544222554546024, 0.01654685891472674, 0.01432110195274029, 0.014096015753393584, 0.03355943527197229, 0.01873027256938539, 4.87356646256221e-166, 0.0132665304457647, 0.015395111483103545, 0.015422457217137711, 0.013460015404153938, 0.05936738040521243, 9.852673591022835e-49, 0.015269097037037774, 3.778727917824353e-65, 0.016897539867616367, 0.0455551787401855, 0.01623650655759102, 0.01161935880736348, 4.850216716438261e-125, 0.02171938363893553, 0.022821273049252095, 0.03297184394216768, 0.0, 0.015973795074486853, 0.01932999946279091, 0.055640304578066464, 0.0026744372318314442, 0.015005187371612723]
[0.015116539240521804, 0.06386430352530391, 2.212250894159902e-20, 0.0, 0.08155189242952676, 0.03263321030045067, 0.016388619308066767, 0.014467510738001108, 1.36473211785801e-174, 0.017392088499940405, 0.009797251615448432, 0.03323902740477553, 0.01479741646637588, 0.0, 0.015137259257101198, 0.007143264974383756, 1.956577300901162e-39, 0.0, 0.015017121494613256, 0.06995498006232453, 0.05501442130627181, 0.032386376554068494, 0.016246599151713594, 0.013917428503641367, 0.013691810594889687, 0.03453450271570237, 0.018562174992457024, 1.5965823005247197e-107, 0.012835302660615229, 0.015035814616149962, 0.015062944930998322, 0.013038517719265662, 0.060005809901200635, 1.2101934356468535e-35, 0.014903297593994357, 9.897077595429696e-40, 0.016617644424933065, 0.04688993100354273, 0.015915885112518777, 0.011162258610387351, 4.741981500299686e-75, 0.021765848336581118, 0.022964813503553404, 0.033914104243979545, 8.189248195234019e-127, 0.015641695647796806, 0.019207001008870357, 0.05674624413725239, 0.00280988495443537, 0.014629202249775417]
[0.016964612616429866, 0.05736873684755027, 1.063629903642925e-32, 0.0, 0.07310575036707571, 0.031875700650945936, 0.01817464752931754, 0.016334201749491392, 3.171690367483662e-141, 0.01910854836826076, 0.011558982582549476, 0.032369120073391065, 0.016656350766143233, 0.0, 0.01698517933678529, 0.008649342161503037, 9.242905334053627e-14, 0.0, 0.01686926327629821, 0.06268146247345331, 0.049839793751010456, 0.03169044465389374, 0.018031966365690384, 0.01579486299601706, 0.015569069613788017, 0.03339577691483006, 0.020172914831725168, 7.136729174589797e-130, 0.014713620887244276, 0.016885836774700274, 0.01691335733898748, 0.014917921702313671, 0.05411512999492999, 2.44350168195599e-52, 0.016757924527639207, 4.096758279942788e-54, 0.01838379328060862, 0.0432025538004388, 0.017728670688926428, 0.012999374412555342, 7.267617290577885e-76, 0.0230076342658122, 0.02402318191098002, 0.03292302188294824, 8.5083532598469e-112, 0.01746672176444529, 0.02074930566085863, 0.05129387390086465, 0.0042295465430499885, 0.016491802324430146]
[0.012470588468205594, 0.07607195060824662, 5.932243868042849e-32, 0.0, 0.1087600114066644, 0.030178758037167373, 0.013619984878204214, 0.011892932819342497, 0.0, 0.01453435927663505, 0.007856037849481912, 0.030858570761820844, 0.01218599985419045, 0.0, 0.012489499788031962, 0.005628267495319864, 5.036072748348568e-155, 0.0, 0.012382187866225603, 0.08697601287261941, 0.06083090908311519, 0.029883119143758928, 0.013494954884235678, 0.01140832894994089, 0.011202534604975114, 0.0323736127676618, 0.0156177581531915, 0.0, 0.010459336389922854, 0.012397695042827906, 0.012422480078836333, 0.010632230653750005, 0.06989921564578055, 1.5914677898985895e-51, 0.012280924693134803, 6.424693631702174e-93, 0.013823673879501147, 0.048594367661274174, 0.013188091524724388, 0.009014093277890052, 7.245948525393473e-189, 0.018673036152762876, 0.019851033700992716, 0.03160993136468778, 0.0, 0.012940510138969824, 0.016221007610666294, 0.06374390583969715, 0.0014957445327197537, 0.012036342105351447]
[0.012851792255035339, 0.07445934028317906, 3.938846366109964e-29, 0.0, 0.10546832129834911, 0.030412583257122754, 0.014019851288275617, 0.012263867300805555, 0.0, 0.014943084633745699, 0.008128567319516652, 0.031081401689655924, 0.012562472876339274, 0.0, 0.012871265043091235, 0.005831684957000421, 1.8146473495103793e-199, 0.0, 0.012762207291126825, 0.08482783409585733, 0.059954986820781354, 0.03012900483794578, 0.01388954587556387, 0.011770401324953059, 0.011559890523759895, 0.03255654061105691, 0.01603377127791794, 0.0, 0.010800472747039994, 0.012777560157471076, 0.012802965956957405, 0.010976420962726536, 0.0685329741209153, 2.4318082942493824e-47, 0.012658910413000374, 1.1018537348308856e-112, 0.014223051988592835, 0.04821152675710932, 0.013580407859980674, 0.009319251621370869, 1.0054340199077922e-208, 0.019098046247416442, 0.020267120022023476, 0.03182391120571657, 0.0, 0.013328850576539975, 0.016639037604309577, 0.06272621829242893, 0.0014449650311311023, 0.012409893419517934]
[0.013813333763140003, 0.07024404995449882, 1.7931365897844832e-22, 0.0, 0.09577143407389359, 0.03118115949330407, 0.015026444043787269, 0.01320041548772648, 0.0, 0.015974997770890047, 0.008833183776466958, 0.031825690906808625, 0.013512327839722862, 0.0, 0.013834066903794419, 0.0063640255229941945, 9.950102719430765e-180, 0.0, 0.013720642596578217, 0.07891060643615064, 0.057916937138918934, 0.03092090404719377, 0.014887176809113471, 0.012685581904284936, 0.012461960309758711, 0.03321818639478517, 0.01708870128220587, 0.0, 0.011666046135465999, 0.013735563562161528, 0.013762656026500448, 0.011849187913268118, 0.06511815779046648, 8.226589285425126e-39, 0.013612586350059014, 2.5996084153856244e-94, 0.015230692443254135, 0.047535942117396424, 0.014569414587882116, 0.01010001370659791, 2.0844785889815603e-170, 0.02019334625410784, 0.02135415503713189, 0.03254574227280812, 0.0, 0.01430797218460744, 0.017702589894797525, 0.060289989219071256, 0.0016813703988499506, 0.01335274748370808]
[0.01244113021174508, 0.07620287046132022, 9.161227612035972e-36, 0.0, 0.10912238321422407, 0.030168816016157615, 0.013590789539915724, 0.011863399816206913, 0.0, 0.014505756730337806, 0.007828158433118355, 0.030849345042056026, 0.012156475530005742, 0.0, 0.01246002045950929, 0.005603920782869372, 1.2020324116227954e-200, 0.0, 0.012352681351125189, 0.0871733393924106, 0.06089067193434117, 0.02987258921881149, 0.013466004214810333, 0.01137872255021125, 0.011173078937271751, 0.03236652279324632, 0.015590008719846055, 0.0, 0.010429922068979072, 0.012368246614857244, 0.012393003421171424, 0.01060288183219244, 0.06999945055789848, 4.516161448559118e-55, 0.012251432447900352, 8.136486301142902e-123, 0.013794846031204447, 0.04861718771251325, 0.013158848037536622, 0.008985316628143357, 0.0, 0.018647793057872376, 0.019827333454817554, 0.03160140659558315, 0.0, 0.012911220012288617, 0.0161938307271118, 0.06381514361989059, 0.0013386248710524791, 0.012006826811119581]
[0.012510615387643665, 0.07586600327013233, 9.244721425843373e-38, 0.0, 0.1083570957035007, 0.030258221665706145, 0.013666078656541406, 0.01192987387130425, 0.0, 0.014585072690288742, 0.007871390379577336, 0.03093784264735276, 0.012224501520225597, 0.0, 0.01252960603676848, 0.0056348902118153014, 6.514997729304398e-214, 0.0, 0.012421727560032573, 0.08669737276817249, 0.06074750797087474, 0.029963524242775475, 0.013540141503900247, 0.0114425663361643, 0.011236180884025651, 0.032449920922126625, 0.01567372200873423, 0.0, 0.01048850408366926, 0.012437411120954861, 0.012462254018880623, 0.010662517199004509, 0.06972198771037601, 3.6881174832723163e-57, 0.012319927573539587, 2.3528942142941356e-132, 0.013870983179999942, 0.0485920851686746, 0.01323195347438854, 0.009035568008895128, 0.0, 0.018741569988950768, 0.01992345056168818, 0.03168954080636367, 0.0, 0.012983116453885129, 0.01627979453531353, 0.06363498896980721, 0.001306426921293958, 0.012074063832698698]
[1.748509879754257e-06, 1.12373166538447e-15, 9.852549745960823e-88, 0.0, 6.575276058322583e-18, 3.019603932019224e-10, 1.0172128825446046e-06, 2.317262311725893e-06, 2.042263170332675e-73, 6.091899245584118e-07, 1.4015460412371748e-05, 2.4530686140531164e-10, 2.023300123028267e-06, 0.0, 1.7469989875637178e-06, 2.7769569420106913e-05, 1.6559054237408828e-48, 0.999894455999229, 1.8454104400364266e-06, 1.6601649056215584e-16, 3.203436304158567e-14, 3.5843733493681015e-10, 9.985915672815674e-07, 2.9950315596713566e-06, 3.133917697085134e-06, 1.3639188950436627e-10, 3.3356263530977626e-07, 2.35892751216311e-80, 4.573725832097408e-06, 1.798328190091221e-06, 1.7952549625658693e-06, 4.041235059501493e-06, 2.924091493583877e-15, 9.298185684027137e-30, 1.922455745704783e-06, 8.018283100264907e-80, 8.386760514127818e-07, 6.310535901005051e-13, 1.21453068915182e-06, 8.628773890757925e-06, 1.4043678981682792e-113, 7.357691266383578e-08, 3.766431920957655e-08, 2.0255240935279315e-10, 2.1246857845934865e-59, 1.3607421846302305e-06, 2.3624238810332932e-07, 1.5476798900741904e-14, 1.6308673848724053e-05, 2.1581807064715954e-06]
[0.0008059305004591678, 4.5290907561211755e-07, 4.768258064083025e-11, 0.0, 8.283757578468817e-08, 3.3504235546822935e-05, 0.0006641818386350665, 0.0008901203411059987, 6.355987497442427e-135, 0.0005503600281927584, 0.0016002862019495966, 3.1124919957284256e-05, 0.0008489918885449443, 0.0, 0.0008060593103601795, 0.0018370576613046506, 8.728530100409422e-80, 1.4760179831700267e-135, 0.0008219601507760636, 2.4007367179528467e-07, 1.3893812543148004e-06, 3.568292343074445e-05, 0.0006576471735428032, 0.0009749219421856401, 0.0009861736772000412, 2.521680417008646e-05, 0.0004405451709521449, 2.3637186291790793e-28, 0.0011249964273594136, 0.0008135286402961964, 0.00081364741994489, 0.0010755304880868, 6.240968517276644e-07, 0.24877862529531147, 0.0008335092900295828, 0.7282064715008336, 0.0006169277170246897, 3.82972534796188e-06, 0.0007071379145220355, 0.0013825360221600429, 1.9152997155531055e-54, 0.0002525043938207345, 0.00019662319000392, 2.909595229768269e-05, 8.975913984769059e-82, 0.0007361617297099524, 0.0003874877719548024, 1.0879533584597119e-06, 0.0011596874984421749, 0.0008680559119004641]
[0.012443830920805381, 0.07618245553975465, 1.3214347916328973e-35, 0.0, 0.10908937393017418, 0.03016922741790197, 0.013594461198893551, 0.01186577805634645, 0.0, 0.014509525966385665, 0.007828491131792384, 0.03085031720798171, 0.012159047855705598, 0.0, 0.012462774148718164, 0.0056037591954582935, 3.674379125469213e-179, 0.0, 0.012355391260579177, 0.08714931920552378, 0.060880310987810625, 0.029873703076038906, 0.013468970012612947, 0.01138092423245431, 0.011175092186843625, 0.03236689549048901, 0.015593968287983803, 0.0, 0.010431502807005864, 0.012370900547178874, 0.012395690329530699, 0.010604368571333062, 0.06997464301590418, 1.2741246665985069e-55, 0.012254043276522237, 3.341534497603031e-109, 0.013798073498863896, 0.0486089340207742, 0.013161931911184937, 0.00898613369807663, 4.12063946690568e-216, 0.01865297893521257, 0.019831995019794352, 0.03160359245387675, 0.0, 0.012914126737951896, 0.016197802716637746, 0.06380191504545085, 0.0013984683963650009, 0.012009281566032032]
[0.013824802636961743, 0.0703399567137994, 4.06586932134602e-32, 0.0, 0.09714346074002546, 0.030838167588027127, 0.014996354701431826, 0.013228467479614, 0.0, 0.0159250202607577, 0.008958853170932198, 0.03145978693465228, 0.013531409829098822, 0.0, 0.01384404233657992, 0.006517591868949578, 1.913876753413104e-57, 0.0, 0.013733446961579077, 0.07933959675693146, 0.057590177807441086, 0.03057049156925354, 0.014871818501629622, 0.01272480681250557, 0.0125104168673186, 0.03283525440894335, 0.017012092215576743, 5.392894250638756e-165, 0.011733013392972676, 0.013749511049854347, 0.013775338773654361, 0.011916676675517265, 0.0652077050064486, 1.8322475714278714e-54, 0.013629053312785695, 1.7720159219000217e-48, 0.015206354084163518, 0.04714596177620933, 0.014560093362531007, 0.010202890616316634, 3.5106908019727133e-129, 0.02002293812602333, 0.021165846159959405, 0.032144419606229505, 1.1679893562968808e-198, 0.014307003261218223, 0.017612787616222664, 0.060048690604269275, 0.0023988989004624425, 0.01337680132955276]
[0.012956087689825497, 0.07397218337172087, 7.718120774689235e-37, 0.0, 0.10429198304018736, 0.03049109490960134, 0.014119426786369463, 0.012368911752715248, 0.0, 0.015043820292101814, 0.008233455813010581, 0.031151069115306816, 0.012666920891694668, 0.0, 0.012975228726650967, 0.005923522640951345, 5.352696143178235e-122, 0.0, 0.012866191471462651, 0.08411914889509285, 0.05969418595428183, 0.030204963034332878, 0.013994647140930558, 0.01187530335419019, 0.011664693772020023, 0.032618443316699636, 0.016134423729341155, 0.0, 0.0109067417897451, 0.012881869288540538, 0.012907225427950822, 0.011083941815826037, 0.06822259202866017, 2.459651370106502e-59, 0.012763348565954362, 1.4416733508681106e-76, 0.01432624919227099, 0.04814440580011124, 0.013683575545341322, 0.009425506060882285, 8.746037747751328e-192, 0.01919044592159437, 0.020361722954413925, 0.03187906297172418, 0.0, 0.013432696586594796, 0.016739916386224556, 0.062434303122935596, 0.0017359253323538334, 0.012514765363675318]
[0.013234351282347049, 0.07266260762690607, 1.3065726872855792e-23, 0.0, 0.10068841682723878, 0.030876127974700875, 0.01442585346461739, 0.012633809013045073, 0.0, 0.015365896453051819, 0.008396601233193423, 0.031538990332732046, 0.012938926740046427, 0.0, 0.013254299180151717, 0.006031092187913722, 8.498611751964571e-162, 0.0, 0.013142940232414904, 0.08212707146257357, 0.05925671575967117, 0.030598518160583944, 0.014293046047311872, 0.012129573904828779, 0.011913242451224713, 0.03299180490447296, 0.016474334619832456, 9.430449656137298e-214, 0.011136927153385092, 0.01315838609864199, 0.013184506008629556, 0.011316728193091768, 0.06715224431064296, 1.0442249063942026e-40, 0.013037403886141545, 1.196310913890777e-86, 0.01463217109263509, 0.04814298205145892, 0.013977721102097357, 0.009618738192181127, 1.63416372317475e-165, 0.019579633012379482, 0.020758141484573563, 0.03227555379865517, 0.0, 0.013721002245416869, 0.017088322257165688, 0.06183450981660098, 0.0016278197936729348, 0.012782989494684458]
[0.00793589556084726, 0.009023398220800569, 3.944360361973762e-48, 0.0, 0.009637752693214062, 0.00901079026582909, 0.00820651955474481, 0.007780963291451432, 2.2098417803548802e-94, 0.00836756552838418, 0.006238160280620186, 0.009041515616205446, 0.007863861669020986, 0.0, 0.007942984895371786, 0.005013727109196679, 0.684656645319054, 0.0, 0.007916237690829277, 0.009188090898038747, 0.008978098961253428, 0.009036476944818926, 0.008140727122834524, 0.007644226399195667, 0.0075799420420605244, 0.00903691314602156, 0.008521736374097793, 1.8266161461035054e-153, 0.007330142479822139, 0.00791619472700414, 0.00792508810256484, 0.007384916556028838, 0.008844410794419251, 3.99652899998417e-65, 0.007885999693684769, 5.907600914456938e-96, 0.008222634174399756, 0.008915175083839263, 0.008105552860681174, 0.006772199872588805, 1.0256159116529992e-54, 0.008862881203256415, 0.008909126630848955, 0.00909255952448198, 3.2521001882580974e-87, 0.008046164086168473, 0.008590834352928768, 0.008961801043223009, 0.003651655874487258, 0.007820432579308007]
[0.012596501779002962, 0.07547383930988115, 7.62472178689286e-29, 0.0, 0.10712074133460166, 0.030348994785074704, 0.013753975834960063, 0.012014322432524979, 0.0, 0.014675060530521079, 0.007941998619235887, 0.03102635847421553, 0.012309670289061268, 0.0, 0.012615510955393485, 0.005691888964573235, 9.757605895156949e-160, 0.0, 0.012507352913844106, 0.08606207761898743, 0.06060866406154754, 0.030054456992333316, 0.01362873256196261, 0.01152568940583204, 0.011318266386411964, 0.03253482766229618, 0.015765589244298793, 0.0, 0.010568865420295441, 0.012523042589702762, 0.012548010293445915, 0.010743491027853859, 0.06945465382068652, 2.7890943156184125e-47, 0.012405345469790776, 9.236182676926279e-93, 0.013959683211148337, 0.04859172950428283, 0.013319397505160107, 0.009110867013140516, 2.3749182834952806e-179, 0.018836512514717504, 0.02001956571577247, 0.03177457267791189, 0.0, 0.013070028035871538, 0.016372550998570323, 0.06345692948767982, 0.0015113638012627197, 0.012158870616042807]
[0.01260413732818945, 0.07543707551316577, 5.112398959205049e-28, 0.0, 0.10703677303452139, 0.030358009241404735, 0.013763435986744158, 0.012021184555143487, 0.0, 0.014685245398116678, 0.007943463686923969, 0.03103599087445332, 0.012316956023147979, 0.0, 0.012623212937653113, 0.005691352442703607, 6.07514882798853e-158, 0.0, 0.012514926840715444, 0.08601276099472799, 0.060594563244707675, 0.03006441131471145, 0.013637425169842541, 0.011531982814433864, 0.011324214448940889, 0.032543499195200755, 0.015776627394847878, 0.0, 0.010573764652442398, 0.01253057581974034, 0.012555593818007294, 0.01074845485682705, 0.0694137407433971, 1.862158919419841e-46, 0.012412745730713746, 2.443832966923357e-90, 0.013968840712100819, 0.04858467624976953, 0.013327955977319493, 0.009113790059056161, 1.423637594794255e-177, 0.01885029585284681, 0.020033145634750234, 0.03178562142919334, 0.0, 0.013078225569882872, 0.016383921951038338, 0.0634373160553037, 0.0015181623262940842, 0.012165923982239157]
[0.015014191005014678, 0.06497545893935505, 1.4273043140595579e-28, 0.0, 0.08565816499526611, 0.03182608589414154, 0.01624110879078602, 0.014387633581406456, 0.0, 0.01719986380738369, 0.00983307809132265, 0.0324184046339768, 0.014706786773951762, 0.0, 0.015034816476877298, 0.007199476132832473, 1.2732849972500144e-69, 0.0, 0.014919117592063495, 0.07197796437796787, 0.05496283631832746, 0.03158427687140154, 0.016098380730726853, 0.013857290144123326, 0.013634988923543168, 0.033692430744627216, 0.018316049278092935, 1.0941298256320925e-147, 0.01280568202835156, 0.014935792312596305, 0.01496270222756531, 0.012999838107782977, 0.06077913967882737, 3.1002594044796185e-45, 0.014808655423928606, 1.1974311595305674e-55, 0.016454031758042584, 0.0462824865108109, 0.015783421697925768, 0.01117283142774681, 1.4269005054562409e-110, 0.021376641313642926, 0.022514660976179067, 0.033077754903224794, 3.244393749579165e-193, 0.015518831140839438, 0.018929560421295313, 0.05690545650391782, 0.0026103669579517308, 0.014543742290451316]
[0.016052027440052505, 0.06126051034992067, 2.8837501638023665e-18, 0.0, 0.07888704935746821, 0.03186533867002383, 0.017319349123403282, 0.015406074275400817, 0.0, 0.018269302746605997, 0.010605175050621637, 0.03243130294030271, 0.015737322895048034, 0.0, 0.0160758527688839, 0.007742033141995921, 2.1258431416703785e-190, 0.0, 0.015957456880962343, 0.06735215878593112, 0.05253811266094666, 0.03167752292006988, 0.01715172841225292, 0.014863343521782856, 0.014614290226270438, 0.03357275038040299, 0.019365654145071427, 0.0, 0.013758892481676324, 0.015968922198889943, 0.015999608753233138, 0.01394883785819925, 0.05739438654576957, 4.550069592063302e-33, 0.015841685875013903, 3.477107783877287e-92, 0.01750330505263816, 0.044722537546343255, 0.016837141199618124, 0.012031822928881723, 1.662958839987909e-165, 0.022369555259543303, 0.023418561773228774, 0.03308089177911538, 0.0, 0.016563799497815182, 0.01995727021457072, 0.05421267287225973, 0.0020788177226203144, 0.015566933521377575]
[0.013394690412139955, 0.07187967731043628, 1.8468615249071215e-22, 0.0, 0.09866714031425686, 0.031091100138078493, 0.014596563667054124, 0.012788473820311003, 0.0, 0.015544882614711068, 0.008507040604252034, 0.03175117803787905, 0.013096472455336974, 0.0, 0.013414782330420115, 0.006114069734913466, 3.693346546690438e-149, 0.0, 0.013302373369894654, 0.08095896567943425, 0.05895440989518614, 0.03081525655565448, 0.014462948185395228, 0.012279233080273984, 0.012061001416467066, 0.033195094207679174, 0.01666225261830192, 8.366796662936648e-198, 0.011276755824353037, 0.013318039341886337, 0.013344377423980796, 0.011458647323810875, 0.06655210994671087, 3.366627302678688e-39, 0.013195870965181333, 4.104465700978642e-79, 0.014805175824035273, 0.04812514064149304, 0.014144854525940725, 0.00974267582196806, 2.407597341557168e-153, 0.01978773087773569, 0.020972519880574365, 0.03248457520362418, 0.0, 0.013885870227302746, 0.017280922624763922, 0.061446895341380384, 0.001701148593175305, 0.012939083015003953]
[0.012425111942524816, 0.07627426545693933, 1.1713547072795097e-32, 0.0, 0.10924027304907821, 0.030145373113788686, 0.01357332172361055, 0.011848216309076131, 0.0, 0.014486998838861398, 0.007819520935286662, 0.030826516959866164, 0.012140876381186516, 0.0, 0.012443994756564653, 0.005598772397615742, 1.7168197474400045e-167, 0.0, 0.012336813194323015, 0.08726449517917638, 0.06092688152193345, 0.029848975717198422, 0.013448530881708486, 0.011364312568579008, 0.01115884760275976, 0.03234512941025394, 0.015569878152159185, 0.0, 0.010416934218867673, 0.012352313924849664, 0.012377056265752471, 0.010589517775696314, 0.07005931180641672, 4.0051486966267234e-52, 0.01223569362304278, 2.0550180481613738e-100, 0.013776882437567044, 0.04862467702935004, 0.013141820336534335, 0.00897467008690316, 2.298666000314363e-198, 0.018624922889330413, 0.019803433080303336, 0.03157933898879141, 0.0, 0.012894508216800559, 0.016172959606966984, 0.06385863101653176, 0.0014387927905041903, 0.011991429674193093]
[0.012823685277198045, 0.07451100947353982, 1.0428094547324527e-36, 0.0, 0.10534628350860742, 0.030448855995739602, 0.013985651118756734, 0.012237875435279818, 0.0, 0.014909858070845038, 0.008123153344836296, 0.03111472650906201, 0.012535118077717096, 0.0, 0.012842761176477046, 0.005834837585921429, 2.859100322818705e-135, 0.0, 0.012733948354381835, 0.08482353457846378, 0.060017309167027154, 0.030159413786040437, 0.01386098914838252, 0.01174563279758225, 0.011536156368125324, 0.03259678831581476, 0.016001573793173872, 0.0, 0.010780770986025924, 0.012749700949225128, 0.012774909228078947, 0.010957301372777402, 0.06866947246116943, 8.7302344078103e-59, 0.012631361671350119, 3.599155560780508e-83, 0.0141926179526481, 0.04830745435109377, 0.013550109731393431, 0.009307213199766151, 3.599109418354167e-200, 0.01906537105952425, 0.020242194773743772, 0.03184928007859259, 0.0, 0.013299609451202806, 0.01660826832962811, 0.06279698154755341, 0.0016448525093151057, 0.012383368319946282]
[0.012932015245140017, 0.0739562669797267, 2.258625899835129e-27, 0.0, 0.10383424268964224, 0.03060233489090983, 0.014101503131064872, 0.012342631710929551, 0.0, 0.01503008108649753, 0.008199656728373637, 0.031269994922082545, 0.01264178219573212, 0.0, 0.012951251903110498, 0.005898143260000475, 9.908131956804935e-102, 0.0, 0.012841844032342982, 0.08397445290463108, 0.05985523695642943, 0.03031470580103712, 0.013973434053972519, 0.011847301703115752, 0.01163801461508866, 0.032749016068955306, 0.01612711773057122, 1.1009349091236235e-179, 0.010876129343422431, 0.012857808726254225, 0.012883016738222425, 0.011053917184425622, 0.06820469690722032, 1.8310538707397257e-46, 0.012738489885766579, 1.290437986719818e-62, 0.01430898781884293, 0.048327738030519395, 0.013662852835227645, 0.009392677061257472, 1.6075593877049438e-142, 0.01920534058931943, 0.020385876840257167, 0.03200877956299749, 0.0, 0.013410902110011414, 0.016736789799283013, 0.06256149766070412, 0.0018144252886225396, 0.012489044866241462]
[0.016382079753547316, 0.05817652341255805, 9.219172734034929e-14, 0.0, 0.06945897083649381, 0.0336931609789999, 0.01772170978469164, 0.01569645408396892, 7.574628920939232e-156, 0.018764392852153287, 0.010700098873484734, 0.03426645985041412, 0.016045760592191368, 0.0, 0.01640467354199316, 0.007810201677047839, 5.655787186679556e-40, 0.0, 0.016278085924892476, 0.0622034785120743, 0.052146474261369126, 0.03348061116319108, 0.0175674350439234, 0.015115596029867949, 0.014869939526032685, 0.035444705074916996, 0.01997195712287909, 4.329676060116187e-87, 0.013962377565655042, 0.01629602223711078, 0.01632570730485923, 0.014175243701296822, 0.055293527184344514, 9.867346304844774e-27, 0.016157347821974352, 1.6601808399012224e-31, 0.017952407375063165, 0.04587859267644647, 0.017222225038772104, 0.01216998058033437, 1.1016934594074915e-61, 0.023249973941767338, 0.024443585773638397, 0.03491284242929439, 1.8230237010168677e-108, 0.016933219109435564, 0.020631809749015958, 0.05334182233101413, 0.0029872215363261605, 0.015867324533768563]
[0.012733371496907607, 0.07496704330849077, 4.0600712597399524e-33, 0.0, 0.10660709353906916, 0.030289596250096192, 0.013888339480344637, 0.012151764215488041, 0.0, 0.014804968981148095, 0.008066876576740626, 0.030958778169706793, 0.012446989158680453, 0.0, 0.01275245882110693, 0.005796374459194608, 3.1469294578988755e-117, 0.0, 0.01264448330207076, 0.0855293828926712, 0.06018698958527621, 0.03000081945694882, 0.01376208211728804, 0.011663416788783604, 0.011455463568494143, 0.03244506521020791, 0.015888572124258503, 8.720038437417478e-215, 0.010705235392972301, 0.012659932546339873, 0.012685000238102012, 0.010879836760488279, 0.06897591255196775, 3.426655658783519e-54, 0.012542465757683155, 2.0460820219900996e-73, 0.01409205920520107, 0.04828503154776572, 0.013454633071039385, 0.009242384175302938, 2.739731030156719e-173, 0.018935222083705714, 0.02010429283246008, 0.031698950695872835, 0.0, 0.013205758541523593, 0.016490808004070295, 0.06301359469781126, 0.0016927485830231489, 0.012296203671231203]
[0.013930848117152244, 0.06980696275596773, 1.0769178382942483e-31, 0.0, 0.09549900898688915, 0.031069522814808837, 0.015116081799722887, 0.013329028410809976, 0.0, 0.01604983590603966, 0.009016027373729954, 0.03169603148666989, 0.013635101251214225, 0.0, 0.013950670197413667, 0.006551089704677883, 8.347676701820524e-114, 0.0, 0.013839237868082995, 0.07845537227667868, 0.057503742817707156, 0.030802114311184025, 0.01498400124215127, 0.012821697214091527, 0.012605199795270673, 0.033075235344832796, 0.017144624574394092, 1.779137293966028e-193, 0.01181937927920778, 0.013854926454590218, 0.013881086603884187, 0.012002686881155411, 0.0648237454106717, 1.0648800700483165e-49, 0.013733432559112895, 3.474103974821166e-76, 0.015323433668955977, 0.04728175598482843, 0.014672788807415836, 0.01027354654118143, 3.1372211856853054e-149, 0.020183911304582844, 0.02133400584592821, 0.03238788411137604, 0.0, 0.014417043812917254, 0.017749594969983712, 0.05988239997106029, 0.0020182250924430678, 0.013478718271562724]
[0.012480586658225351, 0.07600950241623303, 6.589341414692433e-36, 0.0, 0.10869167512507857, 0.030208427371954207, 0.013633569035283528, 0.011901251123593817, 0.0, 0.014550290958077916, 0.007853512124715733, 0.03088864014137403, 0.012195181831057337, 0.0, 0.01249957189588224, 0.005622351531025998, 8.329395861114127e-175, 0.0, 0.012391956447228663, 0.08690487211389121, 0.060800765404107435, 0.02991365566959769, 0.013507739773765291, 0.011415267758211526, 0.011209001317963404, 0.032402235759847346, 0.01563643581758349, 0.0, 0.010463536558398377, 0.012407502792021517, 0.012432343816311092, 0.01063686058280924, 0.06983655361887678, 3.845899939458299e-56, 0.0122903810331712, 1.2786254793196294e-106, 0.013837548288568839, 0.04858914074989502, 0.013200188454543299, 0.00901439345274698, 8.57181916665429e-216, 0.018698952259019352, 0.019878593591494947, 0.0316410710870241, 0.0, 0.012951876673826534, 0.0162410956471486, 0.06370520429571966, 0.0014131871989839508, 0.012045079482683506]
[0.013079263293419378, 0.07358083126072665, 1.1404097321776449e-37, 0.0, 0.10392351537777572, 0.03041377057291209, 0.014243694652867948, 0.012492392555822702, 0.0, 0.015160367103195222, 0.008339826296226734, 0.03107250626857914, 0.012790750326761647, 0.0, 0.013098931649685007, 0.0060073763380397915, 4.0539204379797025e-135, 0.0, 0.01299018510314893, 0.08372506640574134, 0.05938396308902827, 0.030136351742574, 0.014111934852376001, 0.011999900767318947, 0.011787553240733953, 0.03252190997546481, 0.016241592274995824, 0.0, 0.011028192483716831, 0.013004932628402218, 0.013030632632177097, 0.011203301956166173, 0.06778351517281923, 1.416968086560102e-58, 0.012886859913650345, 8.089299568439015e-89, 0.01444330355099654, 0.047880082478505566, 0.013805227371336593, 0.009540163457522174, 1.7565719243476325e-191, 0.019276278563061855, 0.020428760535808006, 0.03180426747266812, 0.0, 0.013554313984932977, 0.01684056945959622, 0.062097400849832625, 0.001652339589135337, 0.0126381745994195]
[0.014129662721378843, 0.06911297682837661, 1.203753051453064e-33, 0.0, 0.09484286793060885, 0.030965583748533056, 0.015317339804661783, 0.013526810965197266, 0.0, 0.01624411794728243, 0.009181160246048266, 0.031585509921934186, 0.013833910822918627, 0.0, 0.01414999221346931, 0.0066830738991517855, 1.0609221868540759e-94, 0.0, 0.014038607748780064, 0.07775256680695443, 0.056929462685433974, 0.03071104122620759, 0.015178449971452304, 0.013019038009798839, 0.012800606204829201, 0.032931547576422436, 0.01732886460938814, 1.9258483589103752e-187, 0.01201064801551264, 0.014053507524460218, 0.01408002794435751, 0.012193033380168626, 0.06409541930421454, 7.448338384804633e-53, 0.01393213387621057, 1.3393538782408584e-68, 0.015518090300302188, 0.04682223390761243, 0.014871321029908763, 0.010452357772957898, 4.146985272009223e-146, 0.020338697507100593, 0.02146372452342417, 0.03227599386097581, 0.0, 0.01461522728164592, 0.017926312910452706, 0.05927003486960234, 0.002141249376884772, 0.013676794539832967]
[0.012794553575462358, 0.07464483342295591, 9.704173082261538e-31, 0.0, 0.1054075535607835, 0.03044458458132328, 0.013952877867605492, 0.012210821774652256, 0.0, 0.014874260835683975, 0.008110873276896188, 0.03111287722905079, 0.012507035585466984, 0.0, 0.012813588266718629, 0.005829896297664289, 8.378425760376209e-148, 0.0, 0.012705176795284443, 0.08494257168989815, 0.06014647767880999, 0.030152633259103067, 0.013827886447540664, 0.011720448496154367, 0.011512053286271771, 0.03260288150963978, 0.01596348501005503, 0.0, 0.010759105471871058, 0.012720881562904752, 0.01274597141896082, 0.010934817154454293, 0.06880027056176698, 2.8236847389366675e-49, 0.012602896257545907, 3.973580798986707e-90, 0.014159101564999246, 0.04839962166217599, 0.013518565159456123, 0.009290990027422032, 1.2746017943363863e-173, 0.019023676977866926, 0.020201441136326864, 0.03184969253332653, 0.0, 0.013268883831003749, 0.01656925714236892, 0.0629305537974122, 0.001591108171645325, 0.012355794974702683]
[0.012508412664313705, 0.07587896516966958, 1.0179538190899843e-36, 0.0, 0.1084118737669098, 0.03025068264491248, 0.013663634709165047, 0.0119277706266146, 0.0, 0.014582456157252786, 0.007869875231344158, 0.0309301240403501, 0.012222345393972758, 0.0, 0.012527396148044455, 0.005633910397336889, 2.1436352932887275e-211, 0.0, 0.012419534698446331, 0.08672247031709321, 0.06074650966344656, 0.02995604459781563, 0.013537723821431412, 0.011440522259510389, 0.011234243665949824, 0.03244187841899578, 0.01567085738235262, 0.0, 0.010486621713056936, 0.012435230668152766, 0.012460062279752765, 0.010660654107180954, 0.06973031118120564, 7.063961220435716e-56, 0.012317755128729145, 6.150728716334288e-130, 0.01386855041918138, 0.04858522639312279, 0.013229625517991986, 0.009033904211956417, 0.0, 0.018737782720704785, 0.0199192909847503, 0.03168162980774547, 0.0, 0.012980842903229069, 0.016276787472963065, 0.0636363520344415, 0.0013102010660624686, 0.012071939460932083]
[0.013618904311945451, 0.07118912446783554, 2.118228839206335e-23, 0.0, 0.09747556312631572, 0.03088889053593984, 0.01476947959416108, 0.013030905905878486, 0.0, 0.0156974145073296, 0.008837177537582709, 0.031508925874628585, 0.013328833092731186, 0.0, 0.013637099421752731, 0.006427115589180826, 1.1067963869523269e-69, 0.0, 0.01352761757474218, 0.08009784037901221, 0.05825829164142874, 0.0306000049239861, 0.014662439419329256, 0.012533338690252254, 0.012320143697668545, 0.03292515671149834, 0.016784230935081076, 6.190700479606504e-156, 0.011559514803682334, 0.013544246817287633, 0.013569737094038819, 0.011742745990096502, 0.06623576911440099, 2.2265849264194582e-45, 0.01342563964277028, 8.567351108917386e-40, 0.014987869772431611, 0.04768601337048427, 0.014345014470143141, 0.010056958815537653, 1.0856816952309978e-128, 0.019792498467180872, 0.020958777279767218, 0.032176897149755884, 8.366642984915525e-201, 0.014095602422937442, 0.017387247975454056, 0.06079081889944685, 0.0023490614112585974, 0.013177088398615453]
[0.013073698961949721, 0.07340435450827604, 2.8524660954553053e-24, 0.0, 0.10236166201652162, 0.030653937909124088, 0.014233614394171316, 0.01248644336892036, 0.0, 0.015161392895335099, 0.008345267805301995, 0.03130805840277208, 0.01278421766831736, 0.0, 0.013092434777756354, 0.006022283788974431, 2.0899612645095023e-77, 0.0, 0.012983248767034014, 0.08315429317718129, 0.059533963255409654, 0.03036320711512947, 0.014114595217063751, 0.011991717639834538, 0.01178183290690191, 0.03277523364551163, 0.016254737238143288, 2.057959549994744e-159, 0.011023512100284467, 0.01299953228754343, 0.013024724263557165, 0.011202827938469872, 0.06786948358448772, 6.32250961694927e-45, 0.012880766804672511, 4.0212745292080285e-46, 0.014445582047100962, 0.048211528474332396, 0.013801261819792096, 0.009540534578747161, 1.711863807837374e-129, 0.019310169900626326, 0.020488998023983684, 0.03202480891687684, 8.437031706841052e-211, 0.013550809225022952, 0.016862400209560282, 0.062214404255282525, 0.0020361102297731574, 0.012632349734233723]
[0.012985918288696054, 0.07382672302960713, 8.182611152970374e-24, 0.0, 0.10334670865713312, 0.030569808015453545, 0.014146607862348302, 0.012399394952840368, 0.0, 0.01507173352566045, 0.008267055900359853, 0.031229177983498287, 0.012696951749042387, 0.0, 0.013004883314676441, 0.005953668232386131, 5.378510765815049e-100, 0.0, 0.012895900912624525, 0.08375974559005214, 0.05973556789390697, 0.030280120705606, 0.014024772308016388, 0.011906013104110305, 0.011695502955641514, 0.03270260984408373, 0.016162986408176035, 4.470912798922211e-176, 0.010938807227492528, 0.012911738795967255, 0.012937054165806039, 0.01111646507155216, 0.06818068911304552, 5.362449376550934e-44, 0.012793337363990057, 9.480227974673819e-54, 0.014355321187193968, 0.04825654931021489, 0.013712626838560293, 0.00945877702721511, 1.4470509763581344e-144, 0.019219375309726925, 0.020395238943657575, 0.03195390281913287, 0.0, 0.013462150778282623, 0.016769242295641553, 0.062452449110802735, 0.0018793365749826079, 0.012545086692729204]
[0.013270056017855901, 0.07230759397835104, 5.852073898155312e-23, 0.0, 0.0993423737522428, 0.031106791011454592, 0.01446756025022315, 0.012666040338792968, 0.0, 0.01541712888410555, 0.00841368951844834, 0.031771069043841735, 0.012972664986079954, 0.0, 0.013289790521566204, 0.0060479685904020345, 1.8938008998857168e-121, 0.0, 0.013177687316187868, 0.08145944554698022, 0.05926921928929224, 0.030823846438032727, 0.014336635299579414, 0.012158259903212735, 0.011943109784055512, 0.03323332523569742, 0.016537324265848113, 1.7387644113547747e-176, 0.011161923875744452, 0.013193944277238507, 0.013219848756332867, 0.011344208216880558, 0.06695384227590004, 6.040741042686643e-40, 0.013071778792223031, 3.7130250843654973e-67, 0.014679484611795773, 0.04834844208602331, 0.014018498687074126, 0.00963896933173706, 7.518113719526799e-138, 0.01967193367339624, 0.020868542724533003, 0.03250676733742585, 0.0, 0.013760470998704198, 0.017158935888642205, 0.06178729303595427, 0.001787428758375315, 0.012816106555316393]
[0.036803825580491376, 0.0011676103385794942, 1.3373493006835747e-13, 0.0, 0.0004202383405343004, 0.011920732248730718, 0.03564207190322915, 0.03736475288115518, 2.704937212933432e-155, 0.03395185335853378, 0.03711334726498763, 0.011579693107974747, 0.03714420213550095, 0.0, 0.03684648972929897, 0.03193977626934265, 4.338951966344889e-83, 2.50331417234849e-170, 0.03697646625628389, 0.00079935042924936, 0.0022863045538448565, 0.012306103775097025, 0.03517735716027612, 0.037923742584634886, 0.03770390259126121, 0.01050709454895422, 0.03190996376123934, 3.208325372946129e-25, 0.0382373528535733, 0.03682928243715428, 0.03687593506997761, 0.03785527198417366, 0.0013835206447529883, 1.5050422987514594e-05, 0.03701379072811906, 1.1523674895989314e-08, 0.0347031388778211, 0.004004594131100704, 0.03590731961101485, 0.038059306921239, 4.186333904375773e-29, 0.027093324531036238, 0.024720563590725393, 0.011314087020986312, 1.0447174802340351e-89, 0.03614149701924391, 0.03068921585222918, 0.0019735532810527642, 0.012473858318003897, 0.03722444398489424]
[0.012641737969131941, 0.07525956748361955, 1.1405218163734078e-36, 0.0, 0.10691411093476211, 0.030378168784940675, 0.013802701142889028, 0.012057597202306704, 0.0, 0.014726197038396595, 0.007969153697162888, 0.031053031474186397, 0.012353951142522914, 0.0, 0.012660793972269725, 0.005710583709892179, 3.669059178648568e-166, 0.0, 0.012552282819850888, 0.08582982809519349, 0.06045476270945674, 0.030085324366762034, 0.013676905713645014, 0.011567157720200375, 0.011359323479907132, 0.0325541971616529, 0.015819031196414837, 0.0, 0.010606792719325304, 0.012568083010475135, 0.012593093329804439, 0.010782257288153418, 0.06926215551087417, 1.3191995667561874e-57, 0.012449936397354122, 1.2450736395514125e-100, 0.014009090864266577, 0.04851092883366508, 0.013366920898585821, 0.009142984539589356, 0.0, 0.018893288124156048, 0.020076221282827628, 0.03179873459840463, 0.0, 0.013116820121945354, 0.01642704262924318, 0.06328816992232496, 0.0014784220883131828, 0.012202649881579916]
[0.012825998515675271, 0.07458986743116154, 6.239584834393052e-34, 0.0, 0.1058928792988484, 0.03032367147728923, 0.013983644065161211, 0.012242879366800808, 0.0, 0.014900558327855284, 0.008139511460624093, 0.030989955208433794, 0.012538983952144811, 0.0, 0.01284522776564062, 0.005852898068673636, 3.6849292584007835e-117, 0.0, 0.012737023397585678, 0.08504199271460679, 0.0599666726884812, 0.030037971870156763, 0.01385596394787722, 0.011753288292720982, 0.011544289457532634, 0.032466079072886136, 0.015983809719189116, 4.1586894163381395e-216, 0.010791398291253671, 0.012752329268553726, 0.012777547201468065, 0.01096627010798534, 0.06864980260096966, 5.502920845519314e-55, 0.012634648240118692, 1.153222077783642e-74, 0.014186484277829606, 0.04817326193901562, 0.013548672144189318, 0.009321709399586172, 4.128524763879234e-174, 0.019027653750783725, 0.0201925133194083, 0.03172779348605249, 0.0, 0.013299225639235345, 0.016585347657866407, 0.06276256503534315, 0.0017019047178911736, 0.012387706679742585]
[0.013547301049204043, 0.07132997922455146, 1.4594537065333318e-27, 0.0, 0.09862856458832016, 0.03091000806026081, 0.01472925050458881, 0.012948563937746531, 0.0, 0.015665009447197124, 0.00869416499744041, 0.03155277212866621, 0.013252697001384537, 0.0, 0.013566760593692294, 0.006297058303884068, 2.0345408072860303e-64, 0.0, 0.013455743172823612, 0.08050245732477807, 0.05837385080302739, 0.030636105285499593, 0.014599380013879039, 0.012443891351497444, 0.012231271707845177, 0.03296787081453367, 0.016764860448068616, 1.942728535380654e-152, 0.011451794547400546, 0.013472030033968182, 0.013497655977442907, 0.011634669452290719, 0.06602142485957992, 2.4689816038606022e-47, 0.013350719967385715, 1.1245431212361609e-48, 0.01493924049346163, 0.04766157223622973, 0.014287374427897095, 0.009927867216478335, 1.0398971755364836e-118, 0.019826849514715535, 0.020991735775624947, 0.03226443760373255, 2.003621716940043e-193, 0.01403253968212178, 0.017374031705645877, 0.060866552186834975, 0.0022044997370077894, 0.013097443657457571]
[0.01606455744348159, 0.060894427129235956, 6.585920325252234e-13, 0.0, 0.07669649344328522, 0.032216312292529685, 0.017327199869484236, 0.015419302774815439, 0.0, 0.018286910342581574, 0.010639418272401537, 0.03278335161687168, 0.01574955242323845, 0.0, 0.01608769578574239, 0.007779503712852432, 2.487706118647593e-95, 0.0, 0.015969083287921414, 0.06644569896111, 0.05272176129218913, 0.03201439603709485, 0.01717151622007471, 0.014876356235755528, 0.014627286013853562, 0.03395138597532426, 0.019395706034085396, 5.3431133265459296e-132, 0.013777013736567404, 0.01598135745776007, 0.01601190022860365, 0.013968706136412764, 0.05731736837832315, 7.04800682020324e-29, 0.015854166910190978, 2.3593162646436954e-39, 0.01752073193523805, 0.045169813680742125, 0.016850031205550065, 0.012058173295346112, 2.431120515672874e-109, 0.022432789614281776, 0.023513864750499155, 0.03342516307291418, 5.671454993337438e-199, 0.01657707736537697, 0.019996559036179692, 0.054318598049098464, 0.0025288399814361474, 0.015579929808430933]
[0.01260611239373552, 0.07544352106019658, 4.3975719171573274e-27, 0.0, 0.10713004437062458, 0.030337174549213218, 0.013765787274888223, 0.012023101886286495, 0.0, 0.014686913846209786, 0.007943815822505725, 0.031015338610379476, 0.012318951133365619, 0.0, 0.012625246637048193, 0.0056907947500184535, 1.3013676505715752e-151, 0.0, 0.012516972379716735, 0.08604672197216044, 0.06057737843111039, 0.030044796344977667, 0.013639008882361085, 0.011533947264714158, 0.011325977537848756, 0.03252096779284867, 0.01577742961328045, 0.0, 0.010575330364603891, 0.01253252742688958, 0.012557582995838357, 0.010749825060224965, 0.06939873760104731, 1.0885547005157906e-45, 0.012414729803287531, 3.945756780379328e-85, 0.013970410913738447, 0.04855276893851503, 0.013329900090425372, 0.009114717368724158, 2.101801762841385e-174, 0.018849179725502242, 0.02002979278470246, 0.031765964276458114, 0.0, 0.013080118979107198, 0.0163840520231125, 0.06342236055379585, 0.0015341428535377434, 0.012167855550121441]
[0.012431657629189382, 0.07623332594577015, 6.653559034462307e-31, 0.0, 0.10912151655988887, 0.03016297832856573, 0.013581674119237632, 0.011853890576032007, 0.0, 0.014496631358019773, 0.007819719534168256, 0.030844447448973362, 0.012146991924880588, 0.0, 0.012450567247609477, 0.005597533827588721, 2.3860177721550608e-163, 0.0, 0.0123432269455983, 0.08720102232727664, 0.06091620133100372, 0.029866981277229726, 0.013456539510536736, 0.011369242038594485, 0.011163608769003392, 0.03236261343208565, 0.01558097301729761, 0.0, 0.010420484675555524, 0.012358769704868619, 0.012383530207747705, 0.010593357644587218, 0.07002428384837696, 3.30712403860159e-50, 0.012241952731179763, 1.263760434526441e-95, 0.013785487964840923, 0.04862824868723571, 0.013149462854616656, 0.008976266890558186, 8.549978201935026e-193, 0.018639731840639658, 0.01981913050996791, 0.031597951865968796, 0.0, 0.012901782289738225, 0.016184809375827874, 0.0638419917382132, 0.0014540906019205409, 0.011997323282023404]
[0.012869390224374756, 0.07437490384938851, 3.3216175383643326e-26, 0.0, 0.10506257968874096, 0.030437057523792846, 0.014036117379959436, 0.012281913318808537, 0.0, 0.0149590621264797, 0.00814868123077959, 0.03110516404214101, 0.012580266206106609, 0.0, 0.012888823750170692, 0.005849164150294522, 1.2076113512107893e-158, 0.0, 0.012779828051147284, 0.084656153847776, 0.059944537150393086, 0.030152426058263876, 0.013906903646117198, 0.011788797544765089, 0.01157797065027029, 0.03258150364441755, 0.01604930201625121, 0.0, 0.01081955960337351, 0.012795141078823385, 0.012820582376871396, 0.010995415352091855, 0.06849833149455109, 5.690171859801129e-45, 0.012676654744974895, 9.624287398862345e-86, 0.01423958347208939, 0.048236719064465194, 0.013597393629471969, 0.009339028502805678, 8.438460543975909e-182, 0.01911223300241787, 0.02028201724465841, 0.03184579786411399, 0.0, 0.01334603873068445, 0.016654388787322293, 0.06270692415465355, 0.0015758239803282486, 0.01242782067229871]
[0.012475924958779683, 0.07602332896000501, 5.216753806326648e-35, 0.0, 0.10871269757218459, 0.03021070706373854, 0.013628953848801507, 0.011896525282028607, 0.0, 0.014546033642034141, 0.00784903363440463, 0.03089090995476062, 0.012190469394626787, 0.0, 0.012494886657306956, 0.005618872522637842, 3.396494229042613e-172, 0.0, 0.012387252409387978, 0.08692062765860263, 0.06081024935119885, 0.02991562388356637, 0.01350333101527482, 0.011410435387175556, 0.011204314448027278, 0.03240503460540592, 0.015632596082733142, 0.0, 0.010458740891815666, 0.012402853702749203, 0.012427669881883143, 0.010632200881108254, 0.06985176909587475, 3.913101685830343e-55, 0.012285685577793509, 5.053157255478098e-104, 0.01383326171502541, 0.048597118951833995, 0.013195652983831862, 0.009009724882325786, 2.7270587706109373e-212, 0.018695905117287564, 0.01987624361050333, 0.03164315009916363, 0.0, 0.012947331021353538, 0.016237539026369298, 0.06371583452165881, 0.001421137207122678, 0.012040372358144136]
[0.012499361677549073, 0.07595394369162173, 3.79449176827045e-37, 0.0, 0.10856453468599388, 0.03020920715353677, 0.013651047517739042, 0.011920511092898205, 0.0, 0.014566789564222837, 0.00787328547018283, 0.030888287035437785, 0.012214208867849451, 0.0, 0.012518337741951288, 0.005638615594160059, 2.4163853325976416e-195, 0.0, 0.01241081391587184, 0.08682768042914028, 0.060767396195100166, 0.02991436262620919, 0.013525629639019451, 0.01143492107232352, 0.011228471790727937, 0.032400568142521395, 0.01565162173377795, 0.0, 0.010483643689795626, 0.012426296537327656, 0.012451161219039273, 0.01065680754499894, 0.06979586818174437, 1.2417343537276858e-56, 0.012309326933336147, 7.64405342104952e-122, 0.013854809706811166, 0.048573055917154065, 0.013218228026353624, 0.009034618053853007, 0.0, 0.018710163022103616, 0.019888573508746243, 0.031639005953564336, 0.0, 0.012970150762255182, 0.016255519265241047, 0.0636687076884986, 0.001340247775370659, 0.012064220426167555]
[0.013471215115888913, 0.07181050120949196, 1.3630680207433753e-31, 0.0, 0.09956691796741049, 0.030735880275547554, 0.014626403311651598, 0.012882584050914523, 0.0, 0.015553885845512714, 0.00869660375309753, 0.03136319742591956, 0.013180967432595177, 0.0, 0.013489636246407782, 0.006311937102418813, 4.694788857984009e-69, 0.0, 0.013380132454291559, 0.08114343033832254, 0.05846338875085619, 0.030451073755036136, 0.0145138126521228, 0.01238502065225232, 0.01217330541707714, 0.032781551055951874, 0.01664148260929996, 1.3340750105198743e-176, 0.011411027883001185, 0.013396728460123783, 0.013422080428640393, 0.011593555141306456, 0.0666081235902965, 5.7551197641274284e-55, 0.013277774409311969, 4.6306816291146704e-48, 0.01484220058659499, 0.04764568393265952, 0.014198640977742, 0.009911465553713064, 9.577900921645814e-144, 0.019657364761274543, 0.02082052439366164, 0.032044796144195656, 0.0, 0.013948654509632665, 0.01724471165199804, 0.061054326846538526, 0.0022704892097148385, 0.013028923928537587]
[0.01604523737097999, 0.06120901145356706, 5.43554001767061e-33, 0.0, 0.08029239834225328, 0.03157216567093062, 0.017259231219383695, 0.015420150885143128, 1.689946142193691e-190, 0.018190672843460886, 0.010756617609833409, 0.0321127814060369, 0.015739715359532235, 0.0, 0.01606644673590146, 0.007969415542103796, 5.563429650500026e-32, 0.0, 0.01595155310522172, 0.06763561388616848, 0.05216120363693962, 0.03136982578527986, 0.017109065798556675, 0.014889437000959554, 0.014663023718388478, 0.033241501637292926, 0.019262699110114138, 1.6165227850121976e-139, 0.013823953667618504, 0.015966708789284394, 0.015994379092923266, 0.014019245529427862, 0.05732497745868793, 1.2648131841959754e-52, 0.015840599691004712, 9.204612553795144e-50, 0.01745934344516309, 0.04436079580662963, 0.01680607681995277, 0.012149745929708241, 5.682984970170942e-97, 0.0221663730754004, 0.02321146077793085, 0.03272280854070479, 2.485250940879268e-148, 0.016543961748413872, 0.019845453648006453, 0.05389740238460761, 0.0033728006205979814, 0.015576144556909066]
[0.013980896138725349, 0.069853740279877, 6.979088939258712e-40, 0.0, 0.0966281488670494, 0.03078548895522777, 0.015167966028753373, 0.013379608071313326, 0.0, 0.016090970375086243, 0.0090534586912198, 0.031411537665663174, 0.013686029532847638, 0.0, 0.014001491969131263, 0.006568911036431713, 8.056305693673184e-102, 0.0, 0.013890411442171045, 0.07884349808915009, 0.05722940780595973, 0.030533970629809663, 0.015028256078238891, 0.012874234647098035, 0.0126530772848775, 0.032763472566997624, 0.01717185461453072, 0.0, 0.011868490168516137, 0.01390447297706747, 0.013931373343389458, 0.012048274850377075, 0.06463651823038877, 4.254918807919073e-62, 0.013784083614229089, 2.099140255528892e-73, 0.015364310532654924, 0.0468340165386634, 0.014720559477210446, 0.010316535093018005, 7.20893350199274e-177, 0.020179538776950147, 0.02129776699654801, 0.03211159633103998, 0.0, 0.01446458618551454, 0.017766307104793433, 0.059644532829589036, 0.0020014884094444033, 0.01352911759364001]
[0.01269837911914047, 0.07511112600811076, 4.200471491965831e-32, 0.0, 0.10688274176966801, 0.03027612403956865, 0.013852739901835122, 0.01211728557326884, 0.0, 0.014768999170788302, 0.008038713742349901, 0.03094703863540372, 0.01241223941421173, 0.0, 0.012717453090059849, 0.0057742291649941005, 1.3369554236565642e-117, 0.0, 0.012609569907424432, 0.085716333199284, 0.06027550179681401, 0.029986496627553413, 0.013726371449338042, 0.011629443627738687, 0.011421864549357027, 0.032437391746873406, 0.015852563310058996, 1.3332559652052852e-210, 0.010672450738367775, 0.012625025733898593, 0.012650048303224914, 0.010846798934735299, 0.06909345507577755, 1.01827062715544e-52, 0.012507634736012999, 3.220200311210335e-73, 0.014056341633698266, 0.04832889316177532, 0.01341916632568917, 0.009211933076398735, 2.341094418950593e-169, 0.01890061846668582, 0.020070862733915482, 0.031689246468009795, 0.0, 0.013170451607119759, 0.01645494057212729, 0.06311223393905291, 0.0016757004706580414, 0.01226159203949077]
[0.01347329146548628, 0.07198239361584137, 2.59782415327711e-37, 0.0, 0.10023391107222294, 0.030621885470167833, 0.014631866129676119, 0.012886029174183184, 0.0, 0.015547613102967338, 0.008695249140503049, 0.03125879376131461, 0.013184545465952076, 0.0, 0.013492697338052344, 0.006300235304128478, 4.638102350509445e-166, 0.0, 0.013383832325600056, 0.08146639384686469, 0.058527886280588894, 0.03034450636647834, 0.014506179945452048, 0.012391938668890505, 0.012177658909456773, 0.03267686502100949, 0.0166239554014802, 0.0, 0.011416050368737309, 0.013398708970455449, 0.0134245988145171, 0.011593278077443077, 0.06662161973253809, 3.843921090995396e-56, 0.01328071759605379, 9.811195997173008e-110, 0.014834719072639843, 0.047579783680410305, 0.01419810715298576, 0.009913874093844642, 1.4004554945978603e-195, 0.019628127728721596, 0.020773201865783124, 0.03195884818780354, 0.0, 0.013947883796954419, 0.017219792234807615, 0.061124124791220875, 0.0016468611151565823, 0.013031974735143885]
[0.012842050435427549, 0.07451013263361221, 1.656838250718719e-37, 0.0, 0.10563568042102789, 0.030370545628790706, 0.0140043180469149, 0.012256948054013717, 0.0, 0.014923596128678976, 0.008140376352820484, 0.031038271446278215, 0.01255411781764649, 0.0, 0.012861444008006102, 0.005847209412186841, 6.896764436857076e-141, 0.0, 0.012752894625299408, 0.08491066280827864, 0.059956253671878484, 0.030085899856130967, 0.01387535741526582, 0.011765972663938704, 0.011555635618290146, 0.0325142991861258, 0.016009798823184228, 0.0, 0.010800613143775574, 0.012768052872259884, 0.012793446775168792, 0.010975492535180298, 0.06858458110836552, 8.909909716038693e-59, 0.012650104173096071, 7.267691570357229e-90, 0.014206636514382726, 0.048194575598560635, 0.013567124912097077, 0.00932603680158367, 3.0994598719615194e-199, 0.019063356211753864, 0.020229934237732516, 0.03177853145035185, 0.0, 0.013316713016907924, 0.01661274166966754, 0.06273835410872235, 0.0015799859205807487, 0.01240225375012898]
[0.023800899515651945, 0.027381642695134857, 6.933414731843383e-17, 0.0, 0.022626434258231035, 0.03563239266746199, 0.02529770861427171, 0.022994080415142844, 1.3153460537756642e-90, 0.026424149706282374, 0.01654389590009258, 0.035807811942634354, 0.023407856139930083, 0.0, 0.023825395794770804, 0.012513429839054947, 9.225471348417847e-22, 6.940394952902184e-179, 0.02367832032730246, 0.02545851766801926, 0.031205472499115972, 0.03565086317520616, 0.025108121821974368, 0.022287162011918615, 0.02202189232316976, 0.035950154856335216, 0.027649392362747136, 2.0634513600967738e-51, 0.020862625292444797, 0.023704562276980205, 0.023736499594021847, 0.021150418102566897, 0.028062466615539895, 7.455244419980312e-17, 0.02353591011300356, 1.989947329581374e-38, 0.02556793987180217, 0.03387935376253308, 0.02476097509545657, 0.018544628543380966, 2.1320445909334232e-21, 0.030584224718300922, 0.03149755364867366, 0.03603651276875438, 2.0519424642987558e-51, 0.024437411422045297, 0.028289932767843643, 0.030345892464199047, 0.006539979455536889, 0.02319751836472565]
[0.0125232614870188, 0.07583457649059497, 5.724002760960013e-35, 0.0, 0.10833130013469726, 0.03021991599268124, 0.013676329902129558, 0.011943639176482999, 0.0, 0.01459292584858978, 0.007890299099605707, 0.030898049153178418, 0.012237736218226759, 0.0, 0.012542258681167553, 0.00565235647740606, 1.4601557406957488e-155, 0.0, 0.012434597076419708, 0.08667200940713879, 0.060695387499320665, 0.029926097736131755, 0.013550626222513384, 0.011457344090489954, 0.011250703334686881, 0.03240693816382573, 0.015678472833580773, 0.0, 0.010504681331038986, 0.01245011175222652, 0.01247500092555685, 0.010678179114451769, 0.06969645381903707, 1.6460926058216732e-55, 0.012332971767676164, 8.278911256695261e-95, 0.013880259179537516, 0.048536166673523506, 0.013243010151264431, 0.00905344296194507, 1.8710381322430567e-202, 0.01873778209109057, 0.01991548704779069, 0.031648003328938384, 0.0, 0.012994642131910083, 0.016282613686745575, 0.06358777658187413, 0.0014810467533286575, 0.012087545536607753]
[0.013435893560672056, 0.07197989239008136, 1.0407632027997e-31, 0.0, 0.10056760512351119, 0.030656515948774988, 0.014609700495043093, 0.012842351045374943, 0.0, 0.015534051261659312, 0.008620811521057715, 0.03130162984589443, 0.013144122258361472, 0.0, 0.013455572887808966, 0.006237238600901779, 1.1979220609074046e-84, 0.0, 0.013345629107918354, 0.08155069949683355, 0.05854632365741489, 0.030385293897858368, 0.014477210746957575, 0.012343009585678329, 0.012130010837967517, 0.03271733583784739, 0.016621196737092375, 1.814225292788892e-179, 0.011358063524892234, 0.013361010336198813, 0.013386765681318575, 0.011537361373139758, 0.0664767737207967, 4.250283892345068e-52, 0.013241206300395159, 7.646402308098786e-60, 0.014813151215635714, 0.047561727567303994, 0.014169132631563192, 0.009845380132105638, 2.5352069041360226e-142, 0.019656220614397975, 0.020805775648167445, 0.03201813359503255, 0.0, 0.013916138523815059, 0.017222711575548475, 0.061119757203606385, 0.0020186977307774996, 0.01298989761890061]
[0.01278739565934551, 0.07461912599700436, 1.7852878534242713e-24, 0.0, 0.10507529172598963, 0.030496310736681288, 0.013950201246357881, 0.012201558290796275, 0.0, 0.014875551439636833, 0.008092173080990847, 0.03116745566445841, 0.01249878444435268, 0.0, 0.012806464319689199, 0.005811818197686109, 9.482388852391616e-105, 0.0, 0.012697635720936204, 0.08484353985044084, 0.060201692207809555, 0.030204881113593214, 0.013825160763111922, 0.011709402417852626, 0.01150044739133689, 0.032660419617883026, 0.015969467370814054, 9.060080340140256e-178, 0.010745263856683375, 0.012713463439068528, 0.012738611883056675, 0.010921716214059218, 0.0687756895229834, 7.019176635881047e-44, 0.012595035178132579, 1.8931460944704216e-58, 0.014157488960151753, 0.04846292198314923, 0.013514214725204513, 0.009273824871340177, 6.991171750919217e-144, 0.01904291408331309, 0.020225018799939105, 0.03190845353806011, 0.0, 0.013263587955771981, 0.016577775361792488, 0.06297073924090034, 0.0017714550612162132, 0.012347047933375627]
[0.01584289185577305, 0.060686926278326184, 2.426671865465939e-15, 0.0, 0.0744536952541324, 0.033275633952151974, 0.01717079040830898, 0.015166341617378717, 0.0, 0.01820126760439806, 0.010265554112541882, 0.03386868371240649, 0.015511104491858262, 0.0, 0.015865637156966227, 0.007448601231592814, 5.4366384545171685e-93, 0.0, 0.01574072077766163, 0.06555167726352015, 0.05345040406598342, 0.033054765196491365, 0.017016008459810283, 0.014595205334507894, 0.014349389107353547, 0.03509605628580704, 0.019398579266788236, 1.7707055982357225e-120, 0.013459599379604142, 0.01575746302006938, 0.015787218036799056, 0.013665868799892221, 0.05740047886698318, 2.2842810690056227e-28, 0.015621367504305539, 1.8970276592425182e-45, 0.017394031936665607, 0.04635538149295499, 0.016672964472265045, 0.011700990533830998, 8.639576727114619e-93, 0.02267141666601896, 0.023863368731120365, 0.03453711256788859, 1.6463103685212372e-186, 0.016386627777492408, 0.020053161360731382, 0.054877561267261586, 0.0024506599682992663, 0.015334793999348563]
[0.015134344171012323, 0.06470647435980262, 7.389928928398089e-32, 0.0, 0.08410355526938414, 0.031761089707638815, 0.016286120895266383, 0.014532340114043878, 0.0, 0.01723341501031899, 0.010129370614173103, 0.032295147819498465, 0.014836754279725, 0.0, 0.015151377267647178, 0.007481844874971029, 7.742485410271652e-95, 0.0, 0.015038953113233586, 0.07134089722763379, 0.05459602894925416, 0.031482838045223976, 0.016202931858224377, 0.01401664492308718, 0.01379626753988484, 0.03356543600291763, 0.01832597966330824, 8.894419772806998e-207, 0.013010059307241834, 0.015057707152189917, 0.015083752346166105, 0.01320847156041447, 0.06124018210389053, 1.3896031856244958e-56, 0.01493606665316142, 2.6991406805437643e-49, 0.01652660018833895, 0.046238232491205025, 0.01587250907758901, 0.011431502080847039, 4.9288611249607457e-178, 0.0212676641135804, 0.02241815213765882, 0.03284552851206387, 0.0, 0.015620870805589687, 0.018929759561305656, 0.05664633817011733, 0.0029664608021487395, 0.014682330997051072]
[0.01474208523491233, 0.06666989193910287, 6.056651004301127e-37, 0.0, 0.09041956704886495, 0.031074626217450253, 0.015928993794131253, 0.014134755917960344, 0.0, 0.01685659731385769, 0.009706109763411935, 0.031660003365231684, 0.014444138112283206, 0.0, 0.014762245126033765, 0.007110685569448976, 7.836821415108449e-54, 0.0, 0.014649994928116734, 0.07466478680196305, 0.0553294888350309, 0.03083550352186318, 0.015796620325747034, 0.013621165761240766, 0.013398078759434435, 0.03292923846210191, 0.017933936800362635, 7.432041670483737e-174, 0.012599578279362176, 0.014665004459116884, 0.014692051407762936, 0.012786613115404811, 0.06205603564389253, 2.880774157008272e-60, 0.014543115785681512, 4.2711542642377606e-51, 0.016133007204297174, 0.045930519451855605, 0.015486280540132836, 0.011010449748792268, 8.159065635723644e-136, 0.020891602023894635, 0.021987996134294353, 0.03230950099184137, 1.2171159753543647e-203, 0.015229638799485119, 0.01852441754243868, 0.057515515624156584, 0.0026841916101206084, 0.014285967818955013]
[0.01248803990798705, 0.07599957799699275, 1.2929684195117322e-36, 0.0, 0.10866635536651313, 0.030203678467406583, 0.013639570811072322, 0.011909301771055916, 0.0, 0.014555327953938215, 0.00786384240870153, 0.03088313325967999, 0.012202932468489055, 0.0, 0.012507002782006713, 0.00563119562862632, 1.2895125495393657e-193, 0.0, 0.012399495888756301, 0.08689065295165638, 0.060791496740794315, 0.02990859053999516, 0.013514207015079436, 0.011423802273666784, 0.011217507093480359, 0.03239640941880424, 0.015640257241102705, 0.0, 0.01047285134770965, 0.012415001318216276, 0.01243984517368052, 0.010646007374442379, 0.06983270151854865, 5.341974358620549e-56, 0.012298033911463118, 2.62618160136772e-120, 0.013843418984070821, 0.04858307111286809, 0.013206823235648106, 0.009024488784102294, 0.0, 0.01869923779049888, 0.01987804615714008, 0.031634271040202354, 0.0, 0.012958786322804273, 0.016244255551398284, 0.06369664965793627, 0.0013411505346877467, 0.012052982049463758]
[0.01308603049889488, 0.07346510208585184, 1.0084565632027237e-31, 0.0, 0.10354002287754278, 0.03047430709104346, 0.01424938649782443, 0.012498715438562145, 0.0, 0.01517010003472099, 0.008347628346733648, 0.031130471232062487, 0.012797026698042217, 0.0, 0.013105338729962354, 0.0060208648116414736, 1.030527403287959e-91, 0.0, 0.012996398607436658, 0.08352142526637721, 0.05936023598578235, 0.03019372951682472, 0.014121172778963773, 0.01200494331184157, 0.011794555202980152, 0.03258131860220389, 0.016255511503737576, 7.533966078144001e-188, 0.011034003781883923, 0.013011891049460881, 0.013037277531802761, 0.01121117340436009, 0.06773105745833675, 1.113073851024886e-52, 0.012893296832217693, 2.673221378139469e-61, 0.014453706496359651, 0.047923438403814765, 0.013812978315721333, 0.009547023827600688, 6.760351990225387e-151, 0.019295170797626097, 0.020455072997246658, 0.03185698889306507, 0.0, 0.013562209620947879, 0.016857468556595034, 0.062061509493798746, 0.001896802352371481, 0.01264464491728139]
[0.012603276119687595, 0.07554291021836795, 2.164485424628493e-34, 0.0, 0.1078203190421957, 0.030210987970776402, 0.013755232033944227, 0.012024000050313285, 0.0, 0.014669144730036332, 0.007963521229372158, 0.030885850916959216, 0.012318047628632521, 0.0, 0.012622368260154416, 0.005712675325547934, 2.3246829102060086e-147, 0.0, 0.012514825043139487, 0.08630950933555895, 0.060501502479652525, 0.02991976948258595, 0.013628574365455242, 0.011538055072126106, 0.011330768879041513, 0.03238537497374261, 0.01575090315059819, 0.0, 0.010584547610758355, 0.012530095329690214, 0.012555093749757652, 0.010757685800812638, 0.06943981547627903, 1.757110916564256e-54, 0.012413157754179636, 7.784501054907536e-92, 0.013957533192739614, 0.04841434125573817, 0.013322070896493265, 0.009130509795383665, 8.849025186371122e-191, 0.018798718801077422, 0.019969536765040822, 0.03163270827380322, 0.0, 0.01307391731091955, 0.016352498906873653, 0.0633750667663184, 0.0015172573372464995, 0.012167828527472712]
[0.012683329592208734, 0.07516142270270501, 4.776330032731565e-32, 0.0, 0.10702553428448539, 0.030320837569929718, 0.013844724040798171, 0.012099051294001613, 0.0, 0.014765695653100668, 0.008001686460266751, 0.030994084275103608, 0.012395630417515966, 0.0, 0.012702529629997565, 0.005735347077035417, 3.5716596368215323e-209, 0.0, 0.012594070902394547, 0.08579027446301934, 0.060324256990905, 0.030031971883759136, 0.01371667004847988, 0.01160857522036681, 0.011400511540594429, 0.032485742170499536, 0.015855001723361108, 0.0, 0.010646631589210948, 0.012609669109345686, 0.012634742871153612, 0.010821848350118289, 0.06911742442043965, 3.2884846327936947e-50, 0.012491546712430645, 3.831038638048761e-123, 0.014049051825446334, 0.04837192602653554, 0.013408221192666226, 0.009179428904467364, 0.0, 0.018918714675003813, 0.02009330359676835, 0.03174009081262804, 0.0, 0.013158114133841872, 0.01646045658556738, 0.06315723228617887, 0.0013604929151254707, 0.01224415589460835]
[0.019489124684452776, 0.04789890609061914, 2.2026089354197934e-08, 0.0, 0.05462442676077422, 0.03226483310613195, 0.0207146783109918, 0.018847539254089416, 0.0, 0.021596214429312473, 0.013714382570650403, 0.03267579742371078, 0.01917967383218205, 0.0, 0.0195147621101536, 0.0102887301203708, 1.6113372460699657e-77, 0.0, 0.019398339559063036, 0.050370296280139816, 0.044129731193638014, 0.03216096980321551, 0.020544605125072727, 0.018306188403043204, 0.018028299505449628, 0.033442328805114906, 0.022581111641994445, 1.2904736010236663e-106, 0.017160391465262353, 0.019403290831010236, 0.01943814698028782, 0.017348364943720797, 0.04605028344499799, 2.0689494713574577e-23, 0.019281742458107282, 9.066397212071527e-26, 0.020866072387180936, 0.04008229214495031, 0.020249251456369674, 0.015305628086185016, 4.726528353955692e-92, 0.025196281557469866, 0.02603512217321077, 0.03315240213101843, 4.9497780541349225e-161, 0.01998207222599101, 0.02309615550108156, 0.044874380171166205, 0.003699480248820622, 0.01900768045897244]
[0.014662233090637362, 0.06580136773054551, 5.095426826242438e-19, 0.0, 0.08481340340449775, 0.0324983213767237, 0.015933091967733803, 0.014016806111479579, 0.0, 0.01693565148972006, 0.00941015926229478, 0.03312571729363609, 0.014344792166270251, 0.0, 0.014683143501051626, 0.0068126388564519235, 2.618150068757105e-79, 0.0, 0.014563577193025753, 0.07236522765382818, 0.056214161538381456, 0.03224107014082515, 0.015791983984017148, 0.01347177163340779, 0.01324394198650846, 0.034474713717741315, 0.018109196036105602, 1.912675668384556e-125, 0.012399428239666277, 0.014581396231919728, 0.014608804694148608, 0.012597938481761238, 0.061702260667996556, 1.3280823253325093e-33, 0.014450345739022926, 1.7955147632475605e-46, 0.016158717798161623, 0.04752104800346938, 0.015458681857920771, 0.01074889267351937, 8.396717218198046e-96, 0.021345357953423082, 0.02256048680850086, 0.03382365696997045, 1.3076802914966553e-180, 0.015184783785702344, 0.018756859186288787, 0.05809317243883856, 0.0023177790031594972, 0.014177419159784384]
[0.014254885956132874, 0.06837236305604506, 6.120442955689349e-32, 0.0, 0.09168767633795025, 0.03137113016871457, 0.015420538029864442, 0.013654604467467071, 0.0, 0.01636544537635471, 0.00933441231146113, 0.03195846021123629, 0.013958594607540488, 0.0, 0.014272912483170294, 0.006819440434769932, 1.7655803237452812e-112, 0.0, 0.014161081265223576, 0.076280426293081, 0.05672026556582528, 0.031087752903626063, 0.015318654697149759, 0.013144290707544566, 0.012927327433535123, 0.0333143384350466, 0.01746582268777646, 0.0, 0.01214651308945857, 0.01417883176446002, 0.014204648018947842, 0.012337538269348388, 0.06406931425488309, 2.5694127811992774e-55, 0.01405743413352374, 8.774840957447033e-60, 0.015648959571218805, 0.04714610238094624, 0.014994293380339863, 0.010598326460049769, 6.420261716234312e-187, 0.02047724080775243, 0.021645330984545005, 0.03258260462476514, 0.0, 0.014741110236031365, 0.018075234562458204, 0.0590291785703363, 0.0023729208046494275, 0.013803994464385926]
[0.012540131652779285, 0.07571970595196169, 6.46036789475735e-35, 0.0, 0.10803271780684043, 0.030285515603581937, 0.013697657682118556, 0.011958244447679147, 0.0, 0.014618137669420888, 0.007890734848040428, 0.0309640853547809, 0.012253456820669183, 0.0, 0.012559148276030392, 0.005649522846435061, 5.890590318659365e-184, 0.0, 0.012451062484819597, 0.0864940848401705, 0.06067224056495432, 0.029991506636861096, 0.013571409246927848, 0.0114698871257711, 0.011263269598287523, 0.03247310907574814, 0.015708258977433318, 0.0, 0.010513810594244295, 0.012466810805075997, 0.012491680088686077, 0.010688315290611702, 0.06960867170575484, 1.2255507110883103e-54, 0.0123490653492731, 2.438254935933193e-110, 0.013902985730521334, 0.04856704173135877, 0.013262823806007133, 0.009057631695348756, 0.0, 0.0187786511696997, 0.019960798562546338, 0.0317146637973224, 0.0, 0.013013551058338726, 0.01631502872856312, 0.06354708571357455, 0.0013947695994632582, 0.012102726915934083]
[0.012458968943316846, 0.07611147214710935, 9.29331852189518e-35, 0.0, 0.10892714175642672, 0.030184882126922205, 0.01361051260335926, 0.01188039884256646, 0.0, 0.014526260841409738, 0.007838859216836186, 0.03086553712155878, 0.012173933712959674, 0.0, 0.012477924598515586, 0.005611538019579388, 1.2465347714632053e-172, 0.0, 0.012370447168434237, 0.08704923882457039, 0.060846899477966024, 0.0298896369095886, 0.013484922597466014, 0.011395078243079195, 0.011189098320937875, 0.032380843816188526, 0.015611391688909152, 0.0, 0.010444731048908659, 0.012385980785160495, 0.012410786057437413, 0.010617807329143863, 0.06991852302697124, 1.4407894680677803e-54, 0.012269011091760276, 5.4902592252306976e-105, 0.013814318865609838, 0.048600190707589065, 0.013177674000846702, 0.008997830071088894, 1.7501064881308268e-209, 0.018671696665596333, 0.01985096503572979, 0.0316183429766752, 0.0, 0.012929670996771187, 0.0162155627907017, 0.06376167756262635, 0.0014062088888979949, 0.012024034978770765]
[0.012518810183788249, 0.0758389362931273, 1.9158111364809765e-35, 0.0, 0.10835426941634589, 0.030250391306361014, 0.013674245900974415, 0.011937998273716794, 0.0, 0.014593090484879119, 0.00787790679839293, 0.030929265164119108, 0.012232667959113559, 0.0, 0.012537797595048463, 0.005640265934752887, 2.2227629361497427e-207, 0.0, 0.012429911570923765, 0.08667585826037452, 0.06071702083270889, 0.029956162157248153, 0.013548235409036881, 0.011450578150697095, 0.011244261891835515, 0.032439436717110956, 0.01568138272854376, 0.0, 0.010496265328815112, 0.012445610374825767, 0.012470446755504834, 0.010670395788920406, 0.069694754637296, 2.863851428391145e-54, 0.01232809814414962, 1.5431080883661386e-126, 0.013879152372979946, 0.04856621825896789, 0.013240169097374608, 0.009042744000998856, 0.0, 0.01874741128153018, 0.01992821736286495, 0.03168020849289261, 0.0, 0.01299134133570052, 0.016287184728808066, 0.06360467019317677, 0.0013164053804252736, 0.01208221328148637]
[0.013335500158750237, 0.07239980542888794, 1.884069417457454e-35, 0.0, 0.10113172801329136, 0.030645884665245295, 0.014502525238646376, 0.012744165959344791, 0.0, 0.01542919511299806, 0.008549184383683751, 0.03128812251073354, 0.013044391352171248, 0.0, 0.013354697158499395, 0.006178619977832851, 2.4161474018454903e-92, 0.0, 0.01324492845248263, 0.08203497049373083, 0.05877725029594907, 0.0303674209749861, 0.014378861417426808, 0.01224612662775371, 0.012032861764088196, 0.03271528710967382, 0.016518547016067198, 5.603651009603144e-204, 0.011267112915949194, 0.013260657127053285, 0.013286334601052859, 0.011446959520285667, 0.06694434500895514, 2.4112572594721334e-58, 0.013141425078946781, 1.1961982175755702e-61, 0.01471077084014092, 0.04771455464974069, 0.014066504870105806, 0.009764013031009324, 3.605557301691997e-167, 0.019555439505490376, 0.02071461425144763, 0.03199510140158406, 0.0, 0.01381455181204245, 0.01712197746528294, 0.06139960033625554, 0.0019848381254503906, 0.012891125188318692]
[0.012838786459732549, 0.07442720334898659, 2.2696802958439812e-26, 0.0, 0.10479339375732828, 0.03053153486949815, 0.014008868398289971, 0.012249716779032525, 0.0, 0.014936814484645447, 0.008114453507611748, 0.031202672411352248, 0.012548735050845583, 0.0, 0.01285814984732627, 0.005819815434558013, 5.572867649392095e-171, 0.0, 0.012748791264439655, 0.08461738578412421, 0.060082163218027215, 0.030243867921879674, 0.013880906544556537, 0.011755199461356355, 0.011544306883704641, 0.03268839442601744, 0.01603355178462951, 0.0, 0.01078477671360067, 0.012764372447885175, 0.012789786184504484, 0.010961373480033556, 0.06859136000693475, 8.63686131567935e-44, 0.012645465680214902, 4.30684851492594e-96, 0.014214716428458602, 0.04839654623054573, 0.013569286148893172, 0.009303759728004403, 3.4999228835509753e-177, 0.01911522912954488, 0.02029526471876048, 0.031945652015756, 0.0, 0.013317181936794676, 0.016642750332124492, 0.06283340356465607, 0.0015083584847008745, 0.012396004983278622]
[0.015592585379995243, 0.06179333927473192, 3.361192093614479e-14, 0.0, 0.07657583435023219, 0.03304801107287873, 0.016890909087718623, 0.01492995638470864, 9.349927971524773e-167, 0.017907365336473777, 0.010136786692030263, 0.03364533907144042, 0.015267216271356552, 0.0, 0.015614338985788387, 0.007380467920178882, 1.189626038252872e-43, 0.0, 0.01549180657400614, 0.06699955627275372, 0.05406128773340842, 0.032814936881519, 0.016745024642619257, 0.014369543269494718, 0.014131412100396557, 0.034902988899913445, 0.01908965092696118, 1.665675612225831e-93, 0.013259882048111214, 0.015509177051271077, 0.015537929702817997, 0.013464349775620301, 0.05833164008341218, 1.3420738355624971e-28, 0.015375320438838457, 3.1132545456034627e-31, 0.01711679041140394, 0.04660550923054704, 0.016406560015921327, 0.011540929326914745, 6.073617539395696e-69, 0.022324190961710934, 0.023518645097998624, 0.03431383206617271, 9.755914041081032e-119, 0.016126372534305645, 0.019738262828509358, 0.05558770999957445, 0.002759583094290876, 0.015094958009921573]
[0.012707922283095169, 0.0750623649042657, 7.598335207334499e-34, 0.0, 0.10673654437341906, 0.03029965659821305, 0.01386327963880547, 0.012126113037415063, 0.0, 0.014781133040517275, 0.008043069896305929, 0.030969492763242568, 0.012421382561050284, 0.0, 0.012726971369181566, 0.005775537437439475, 1.0935042640466147e-123, 0.0, 0.012618928392658702, 0.08563790534878507, 0.060252695973717824, 0.030009642789028214, 0.013737852679575635, 0.011637582328973021, 0.011429520183037134, 0.032459146226658395, 0.015866319254626098, 0.0, 0.010679560879834116, 0.01263443897150212, 0.012659504674089389, 0.01085428308491278, 0.0690730747983564, 4.5266851587039376e-55, 0.012516936478416632, 1.3752308437884037e-76, 0.014067732395969717, 0.048333392138961796, 0.013429591026477682, 0.00921740345854621, 6.221889331663962e-181, 0.018917459462908372, 0.020089416053977828, 0.03170969546955211, 0.0, 0.013180603684442157, 0.01646957288573045, 0.06308637916398403, 0.0016472997370289865, 0.012270594414916564]
[0.027117295917408045, 0.01725876126353192, 8.965304470352466e-26, 0.0, 0.012652238140161826, 0.03220806506664069, 0.028294621336699813, 0.026433256592587055, 1.0940374062940128e-56, 0.02916823230211872, 0.020288646184517395, 0.032126068866810645, 0.026786502971630814, 0.0, 0.027134382081029664, 0.016079925470668624, 7.563465227263644e-07, 9.065374939832829e-163, 0.027011496646347447, 0.015272465396041131, 0.021536153608803246, 0.032328190826478885, 0.028126065284601796, 0.02580428270916139, 0.02562577701094523, 0.03172933221197357, 0.030044549388853134, 1.94705008285208e-65, 0.024526744409294112, 0.027043103099588954, 0.02706510813484048, 0.024823963530227866, 0.018265458911993687, 2.6162067606507257e-20, 0.026890374695970127, 8.375339756623273e-66, 0.028544045905647776, 0.025643782410604235, 0.027903917118929988, 0.022323710346256267, 1.0240254549857936e-11, 0.03180069893012552, 0.032253952281639936, 0.03206960634805628, 3.8151887560756174e-32, 0.027648205106637156, 0.030483854431794757, 0.020541565375642907, 0.01253634004498936, 0.026608501531530944]
[0.012546136906577838, 0.07575836374585508, 2.736167616250196e-35, 0.0, 0.10821700627799971, 0.030212627046921944, 0.013699055382926225, 0.011966627974734243, 0.0, 0.01461454767836234, 0.007910966371343043, 0.03089015853450602, 0.01226072885200125, 0.0, 0.012565195271323744, 0.005668829498676848, 1.0463844443097892e-156, 0.0, 0.012457581331937652, 0.08658346437768072, 0.060641321903479706, 0.029919926312043786, 0.013572704747685247, 0.011480528345484395, 0.011273538159093188, 0.03239618828983627, 0.015698674993606367, 0.0, 0.010527516151617433, 0.012472960226730135, 0.012497909017745725, 0.010700733977973229, 0.06962216005939952, 1.4867130850756634e-55, 0.012355917260753014, 6.488208583840151e-97, 0.013902083848307009, 0.04849674194163718, 0.013265558888606234, 0.009075335929771704, 2.89579606884317e-201, 0.018754420921951807, 0.01992949046216221, 0.031639918309986165, 0.0, 0.01301722661345966, 0.01630184157803459, 0.06352863356704729, 0.001466874050155694, 0.012110505051348289]
[0.01253402932072668, 0.07576390400069018, 2.717633990901439e-37, 0.0, 0.108115611952062, 0.030277494308883466, 0.01369034891117559, 0.01195279086544622, 0.0, 0.014609829720363718, 0.007889339215410514, 0.030956480460245628, 0.012247682872592383, 0.0, 0.012553045835276742, 0.005648686747541773, 5.07779180354345e-206, 0.0, 0.012445081037122146, 0.08655202975856303, 0.06069944375026992, 0.02998321949394706, 0.013564268389963337, 0.011465058041859133, 0.011258365792849863, 0.03246675579491928, 0.015698904444995616, 0.0, 0.010509968165587398, 0.01246074671080539, 0.01248563130304615, 0.010684120172254993, 0.06964122128928317, 1.9933446156838155e-56, 0.012343186805741264, 4.0449139521670716e-128, 0.013895272370278723, 0.04857801042195779, 0.01325590023754589, 0.009055211295950523, 0.0, 0.0187674371315215, 0.019949172291093633, 0.03170748987324769, 0.0, 0.013006866533439016, 0.016305134010914397, 0.06357727161988083, 0.001307883887879813, 0.012097105010064892]
[0.012533736841584663, 0.07579879642097488, 1.1061660452135593e-31, 0.0, 0.10829769797302023, 0.03022966785126121, 0.013688914318002223, 0.011953058053854267, 0.0, 0.014606699808219598, 0.007891461653625543, 0.030907793849032597, 0.012247706937736497, 0.0, 0.012552770614303092, 0.005650955511478739, 4.3242557885144344e-191, 0.0, 0.012444928426821237, 0.08663511870354762, 0.06067352391711607, 0.029936668392296164, 0.013562492974989083, 0.01146581263696432, 0.011259157687047045, 0.032414947083094704, 0.015693494588133995, 0.0, 0.010511268792143947, 0.012460510760373371, 0.01248539973744098, 0.010685186330249915, 0.06965399352364553, 3.1067357707015017e-50, 0.012343099872790244, 2.0067018246304128e-112, 0.013893029020282825, 0.048522607299831835, 0.013254753266048535, 0.00905708778720392, 2.3000872260471327e-209, 0.018755281935907357, 0.019932990601802075, 0.03165831428234875, 0.0, 0.0130059774501498, 0.01629821897524866, 0.06356161857015623, 0.0013780195751549706, 0.012097237827738572]
[0.012443348476932242, 0.07617863742220814, 8.021356888869685e-34, 0.0, 0.10907358728981895, 0.03017396263468652, 0.013594311862635627, 0.011865090741342956, 0.0, 0.014509841503565834, 0.007826791996949519, 0.030854987740833638, 0.01215845040434026, 0.0, 0.012462279058436006, 0.005602284894731078, 5.760122108981694e-172, 0.0, 0.0123548528202966, 0.0871415662707385, 0.060880556925804255, 0.02987831375098946, 0.013468909499692884, 0.011380016238689183, 0.011174268173890113, 0.032371640533226345, 0.015594797082692553, 0.0, 0.01043034950271239, 0.012370411690760846, 0.012395186280871474, 0.010603379413166875, 0.06997404254246914, 1.9751010379374646e-53, 0.012253483613425908, 1.1987226635952592e-103, 0.013798212489265651, 0.048612543311724536, 0.013161729936558057, 0.008984646825634159, 2.223165946790253e-206, 0.018654802850796064, 0.019834374540751275, 0.03160810883292114, 0.0, 0.012913855689734296, 0.016198940262426232, 0.06380161140571185, 0.0014071768240417565, 0.012008648523035764]
[0.024392836663819053, 0.027002207178940668, 1.6138472250625762e-13, 0.0, 0.022677610566928835, 0.034170894647098424, 0.025822590510980122, 0.023623227158119545, 0.0, 0.02683116090652719, 0.01725318260657042, 0.03433224679589868, 0.024022061596732352, 0.0, 0.024421565889392937, 0.012993920684417994, 1.7660375822616351e-96, 0.0, 0.02428255992292964, 0.025313701385035803, 0.030257059579068445, 0.034234228516865015, 0.025620143883143966, 0.022959602938657793, 0.022646823838141796, 0.03440295038463503, 0.02790829282796696, 1.7673966271247796e-76, 0.0215597429781161, 0.024293515660654918, 0.024332284763082676, 0.0218086600037382, 0.02755136156188736, 1.2530937021082248e-17, 0.024143584893996387, 6.678118384563045e-37, 0.026011168491194635, 0.03242543889208425, 0.02529210087237802, 0.019256414272687723, 6.155634194049072e-54, 0.03050128053337455, 0.03119998762863311, 0.03455761575648326, 1.240402172729288e-147, 0.024980876838087238, 0.02845021215207708, 0.02952514500158175, 0.005125055697773245, 0.023816685064398564]
[0.02782627615266668, 0.014172890342455856, 3.0068261267398775e-20, 0.0, 0.009010494158830267, 0.03295787036535908, 0.029204055390835388, 0.027047065243056036, 1.2563869685835595e-31, 0.030189005385225554, 0.020238371606443397, 0.03284960292462883, 0.02745028956342245, 0.0, 0.0278489547197757, 0.015719040013092104, 3.950133979557344e-05, 7.1505417134537095e-118, 0.02770916644223543, 0.01193268357090671, 0.01920963597433678, 0.03314922049262134, 0.028992426862993654, 0.026343507997975045, 0.026114006182061913, 0.032276671895012994, 0.031185939423866497, 6.1562025879307705e-55, 0.024898759813616788, 0.02773836556507479, 0.02776647382645257, 0.025210806843546967, 0.015271140002105589, 2.5142698403731447e-11, 0.027569953009827185, 3.2250737275340267e-65, 0.029450582217799007, 0.024198612864805406, 0.028725905055945897, 0.02245016801326908, 0.00018632690217606254, 0.03322820569663491, 0.03368889580195845, 0.03279350576809591, 2.5907337610444576e-13, 0.028428314246176454, 0.0316775579788098, 0.018001992342630366, 0.010001935548531215, 0.027245821147670133]
[0.01434325013515516, 0.06810361523380351, 1.430102866286609e-21, 0.0, 0.09174127090131792, 0.03136359980536269, 0.015570847950907936, 0.013721518151074766, 0.0, 0.0165219734494776, 0.009246770208764578, 0.031989083003990997, 0.014038447873678172, 0.0, 0.014364670353948401, 0.006684173200557041, 3.4131084722296233e-188, 0.0, 0.014249858310545213, 0.07615356417526231, 0.05663877595930026, 0.03112033916032934, 0.015425476702082564, 0.013199080203412993, 0.012969465682453746, 0.03332165006048455, 0.017634019298873926, 0.0, 0.012158219188734483, 0.01426413325197744, 0.014292053052908794, 0.012343623312478947, 0.06328367689708221, 4.8828784835471315e-37, 0.014139872918003182, 2.598329874360451e-98, 0.015771526684658168, 0.04687716584052168, 0.01510754049639537, 0.010552407770846291, 6.645754838949557e-170, 0.02071979870858224, 0.021856539020323952, 0.03269168438184911, 0.0, 0.01484291520622539, 0.01824403925141109, 0.05884494346586708, 0.0017322892040533236, 0.013876121342173182]
[0.01350095494719712, 0.07164385324450129, 5.275056880286165e-24, 0.0, 0.09904334426498079, 0.030902820037497065, 0.014697578049113938, 0.012896944876416976, 0.0, 0.01563650876974709, 0.008608863427524075, 0.03155419054246919, 0.013204135346554055, 0.0, 0.013521245889804407, 0.0061958716822922595, 1.0014369923116885e-185, 0.0, 0.013409385053163435, 0.08089261361439838, 0.058568060144885886, 0.030635120358337046, 0.01456164083070432, 0.01238966614751842, 0.012170447012098384, 0.03297213135699449, 0.016740886489910466, 0.0, 0.011387351396167594, 0.013424415757761293, 0.013450943085682674, 0.0115679952161768, 0.06625010695006123, 2.1286502682557614e-40, 0.013303024056447595, 1.2828666685248558e-100, 0.014901252883725333, 0.04772779340591721, 0.014247042387905038, 0.00985019700271189, 1.1236049377875928e-177, 0.019826701316448585, 0.020988051032644277, 0.03228011595186976, 0.0, 0.013989184715804062, 0.017350894126438907, 0.06107842222226407, 0.0015832111409459953, 0.013047035099265811]
[0.012499193139600713, 0.07594349733731907, 1.4848273780922367e-30, 0.0, 0.10837220123097722, 0.03022220450761041, 0.01364988591625725, 0.0119206163082681, 0.0, 0.014566000414527793, 0.007876300885813661, 0.030900782478773235, 0.0122141157369056, 0.0, 0.012518086213987499, 0.005642924401653542, 4.525110173027776e-167, 0.0, 0.01241058451221566, 0.08676964911840296, 0.06078541379320423, 0.02992615833268392, 0.013525563799123534, 0.011435112138026322, 0.011228907101460987, 0.03241473624158626, 0.015651166305460307, 0.0, 0.010484592342874074, 0.012426168609196932, 0.012450990607658988, 0.010657986392327566, 0.06981789548372967, 4.688739590167814e-49, 0.012309215528004933, 2.0747738000276565e-99, 0.013854488888762256, 0.04860289218892188, 0.013217790320135963, 0.009036675596424714, 1.1512005696679234e-187, 0.01870966918282114, 0.01988952627511889, 0.0316499809011818, 0.0, 0.012969879541946514, 0.016255394189582995, 0.06368569581002913, 0.0014438001503072563, 0.012064257934838745]
[0.015603140857814415, 0.06200721771317363, 3.708428268839836e-15, 0.0, 0.07734440806983683, 0.032739011946113984, 0.016854003800562994, 0.014959374089125763, 4.161091373131182e-129, 0.01784865354022745, 0.01027699877850497, 0.033314206921741245, 0.01528639752945682, 0.0, 0.015623292388034515, 0.007540352034350444, 1.8927713182827518e-24, 0.0, 0.015503899246970028, 0.06738847627704685, 0.05392707210401776, 0.03249493106925059, 0.016728299180913304, 0.01441222124880737, 0.014180693605945507, 0.034565315707000506, 0.019001642464088003, 2.656660506091561e-91, 0.013333853237004544, 0.015521986365782982, 0.015549774975910034, 0.013537757080124346, 0.05859827315612158, 2.0969799285541475e-31, 0.015391699279616405, 1.6815895524538295e-32, 0.01708574060925748, 0.046378546090852256, 0.016393202125313144, 0.011655057526582786, 1.4988174278311086e-60, 0.0221372768917758, 0.02331555394997279, 0.03394496044286809, 2.0397441771899553e-93, 0.01612223484580393, 0.01963554509794229, 0.05553885589648458, 0.00314032128234268, 0.015119752341838509]
[0.013883891169928143, 0.0700915685323423, 2.570385079565092e-26, 0.0, 0.09524824643111876, 0.031001153838780243, 0.01502622000301449, 0.013296423263257168, 0.0, 0.015955289576844712, 0.009084638090472484, 0.03159963659819522, 0.013593762654142076, 0.0, 0.013901508154851647, 0.006635354853817482, 8.62604882621302e-72, 0.0, 0.013791953573982886, 0.0786211661818437, 0.05757569281032024, 0.030710509609038976, 0.014928743453095491, 0.012797542060703247, 0.012583998304201753, 0.03298887312481576, 0.017039482039554004, 2.0332472362420905e-167, 0.011823311377076415, 0.013809209291277984, 0.013834626039863678, 0.01200956296615272, 0.06546183696532165, 1.6655880740738179e-49, 0.01369063491985304, 6.16337680639139e-41, 0.01525096228653841, 0.04740127463449924, 0.014608370056485343, 0.010314173913941937, 3.882608103836868e-140, 0.020020251663263263, 0.021183313259553, 0.032235336529006356, 4.284579043997306e-213, 0.014360120374801272, 0.017640983991788168, 0.06004722306102211, 0.0025106134877254513, 0.013442540675577142]
[0.01252219593719463, 0.07582453234062099, 3.1712728935009676e-35, 0.0, 0.10832269975930668, 0.030252553443015612, 0.01367772737768144, 0.01194132501425028, 0.0, 0.014596626598257384, 0.007880550878423665, 0.030931297039601784, 0.012236025881274095, 0.0, 0.012541186501542323, 0.005642330663995131, 1.7492202504258512e-205, 0.0, 0.012433289797977367, 0.08665606899612971, 0.06070946935517461, 0.02995838388935605, 0.013551706486896251, 0.011453845169861669, 0.01124749489390288, 0.0324411600278938, 0.015684954864480405, 0.0, 0.010499399237131989, 0.012448987782643481, 0.012473831193582145, 0.010673552893684685, 0.0696832644798868, 5.821615665476792e-54, 0.012331465179266874, 2.1411676823356463e-125, 0.013882642422067257, 0.048563329559167, 0.013243621161484398, 0.009045628204379565, 0.0, 0.018750972252625318, 0.01993171641238, 0.031682095764838325, 0.0, 0.012994770041670085, 0.016290763258558383, 0.06359589508365131, 0.001317085862506929, 0.012085554139353609]
[0.012523734080351127, 0.07581106323207336, 1.736772122083278e-36, 0.0, 0.10824322502779117, 0.030265127948942143, 0.013679520565729127, 0.011942767522464677, 0.0, 0.014598693613081996, 0.007881685045481554, 0.030944198896260718, 0.012237516316448437, 0.0, 0.012542734723972339, 0.005642984465355012, 5.405121681775407e-205, 0.0, 0.012434816239208635, 0.08662352169474943, 0.060716706554321445, 0.02997070639133006, 0.013553544369096072, 0.01145524203477061, 0.011248750819905843, 0.03245493601308667, 0.015687431257659337, 0.0, 0.010500680259065365, 0.012450501615797931, 0.01247535926718837, 0.010674796326107953, 0.0696777231277988, 1.8886267173495607e-55, 0.012332977014638466, 1.1011251543060731e-126, 0.0138844688264671, 0.04857875109359132, 0.013245300081079143, 0.00904679412536671, 0.0, 0.018755007497323277, 0.019936563104422555, 0.03169526477564606, 0.0, 0.012996387221503555, 0.016293503382775236, 0.06359984103658739, 0.001310157054721226, 0.012087017223481027]
[0.023685856633440635, 0.03258726386688373, 3.2110673701896966e-36, 0.0, 0.03455676510586839, 0.030654879438566207, 0.0247339768635025, 0.023107524784048945, 4.358348190312476e-126, 0.02543107999957102, 0.01787962266876533, 0.030830514715856194, 0.023411611356539883, 0.0, 0.023708882516683877, 0.014107919917723857, 1.8892237611218695e-12, 0.0, 0.023606825558656466, 0.0331113536102452, 0.0323760932388486, 0.030675667134896202, 0.024524210674728254, 0.022601052359120116, 0.022388807752132894, 0.031018463878453528, 0.02615760842525174, 2.7855188417577016e-114, 0.021498802307442832, 0.023615147168397736, 0.02364318943037324, 0.021699854099499198, 0.03199469766335721, 1.2230748469543837e-46, 0.023497917587004792, 3.966054812742698e-65, 0.0248506506005072, 0.03189863386162077, 0.02434635691493541, 0.019614394511122547, 5.171611263769841e-57, 0.027886450279012733, 0.028327224684721077, 0.03106644930243012, 2.643395976905335e-95, 0.024118880094769018, 0.026518891415088317, 0.03235410630358189, 0.008658240030390917, 0.02325413198807951]
[0.012767799890374748, 0.07486736517229262, 5.001604083293961e-34, 0.0, 0.1063047996861131, 0.030299615957618358, 0.01392049200694114, 0.012187191479467204, 0.0, 0.01483481777497706, 0.008103388557615701, 0.030967156828567065, 0.012481974224229413, 0.0, 0.012786919888656269, 0.005825512385831646, 4.0110758484481146e-153, 0.0, 0.01267915070596349, 0.08536880138219287, 0.060142277526249406, 0.030010162017546704, 0.013794427236428262, 0.011699812150229626, 0.01149132449029052, 0.032452637231493844, 0.01591567435073868, 0.0, 0.010742453597493476, 0.012694380977917129, 0.012719528219173243, 0.01091640246215746, 0.0689211862373307, 3.0787616963262423e-53, 0.012577263414748815, 8.887366419286466e-97, 0.014123213096063889, 0.04827859333981982, 0.013487545226570983, 0.009279815797402892, 7.062724035377109e-187, 0.018955419913972496, 0.02012237150520355, 0.03170443477874916, 0.0, 0.013239092164289387, 0.016516360944485817, 0.06296236355730013, 0.0015268969933718221, 0.012331376680544844]
[0.012783269717548621, 0.07460037666637732, 1.1404905391544987e-25, 0.0, 0.1049390367752762, 0.03055788643658544, 0.01395215872845675, 0.01219493998977386, 0.0, 0.014881096559346543, 0.008072002197670314, 0.031231970745779318, 0.012493477159057598, 0.0, 0.012802504243212698, 0.005789474468566412, 1.5659566341497974e-140, 0.0, 0.012693239724980591, 0.08478529186134637, 0.060243906594716595, 0.030266822442436392, 0.013825119957783334, 0.011700968093403243, 0.011491245075344258, 0.0327277262156455, 0.015979809127082013, 2.265366137263669e-202, 0.010732968113466013, 0.01270904739137924, 0.012734298558039462, 0.010909642476816145, 0.06876407943265345, 2.1511562173136133e-43, 0.012590118738912227, 1.1662353533255493e-79, 0.014159348864722978, 0.04852654475206071, 0.013513345423407546, 0.009256677510420927, 3.89113684091834e-158, 0.019068650655831052, 0.02025510395181807, 0.0319773247162454, 0.0, 0.01326151339704464, 0.016590750126090046, 0.06300037314391467, 0.0015968504778722309, 0.012341039348997234]
[0.01324067296880011, 0.07249482307170448, 5.2490440739502865e-21, 0.0, 0.09989266750854225, 0.030995924919722112, 0.014429364884787261, 0.012640680798773596, 0.0, 0.01537293478116763, 0.008413084836462803, 0.031658566103620014, 0.012945233389974262, 0.0, 0.013260217990044282, 0.006055980547617883, 2.409738047690923e-84, 0.0, 0.013148841751175073, 0.08176542484189515, 0.059301854552381024, 0.03071248648628152, 0.014300369935886587, 0.012136086144573488, 0.01192222806353638, 0.033120440308957194, 0.016485750338963222, 1.2688767869139905e-147, 0.011146160210806232, 0.013165039646683925, 0.013190787846055497, 0.011327627348061677, 0.06708268902507905, 4.449617355656129e-39, 0.013043694489670807, 1.100124468389931e-47, 0.014640566591025328, 0.04829153924121275, 0.013984002086101894, 0.00963209237913683, 3.3327610776150126e-118, 0.019599536515793894, 0.020789861052648885, 0.03239183593371831, 3.0389265688225625e-205, 0.013727785222109781, 0.017103360336648752, 0.0618481346161397, 0.0019519007638026163, 0.01278975232850062]
[0.017284038173305726, 0.05612322853853761, 1.6991141892325019e-10, 0.0, 0.06773916918335696, 0.03237593448323944, 0.018503263166843868, 0.01664987130886422, 2.5033938577993096e-186, 0.01943714917580581, 0.011821505418151603, 0.03287122116936756, 0.016974560920394198, 0.0, 0.017306177547376195, 0.00877953476286351, 5.412889032409074e-55, 0.0, 0.01718952117493182, 0.06028567185702811, 0.04971158299300195, 0.032188829884818276, 0.018368480454146862, 0.016112510838469537, 0.015858468957694195, 0.03391193799687411, 0.020501827302567836, 2.687164093080682e-101, 0.015018107118058973, 0.01720114189418177, 0.017232257926518703, 0.015212280825760415, 0.05344871816839396, 2.2353831782320478e-27, 0.017077290352927547, 7.574300526000794e-24, 0.018698982672423082, 0.043592422485665104, 0.01804956955466635, 0.01327989753546406, 3.069642612867073e-84, 0.02336770249611029, 0.02438770142873167, 0.03341873904321882, 1.909629939621804e-136, 0.017783971666137825, 0.021075398685480543, 0.05100206459409969, 0.0033513476560380812, 0.016807920172144605]
[0.015481788438679282, 0.0627813664086894, 1.0402008617686176e-14, 0.0, 0.0790221460958806, 0.03243704152571216, 0.016706655027878367, 0.014850168154811938, 2.7168530942850954e-138, 0.017683550039590764, 0.010245082452262685, 0.03300773081533491, 0.015170958755264719, 0.0, 0.015501517946287416, 0.007526909380065717, 5.543402183477803e-28, 0.0, 0.015384289531414167, 0.06847504208416932, 0.05418867305872357, 0.032188001162892346, 0.016588490768930427, 0.01431337017570695, 0.014082374598124753, 0.03426650612628999, 0.018815170633954815, 1.0213680971062474e-94, 0.013254225923152575, 0.015401609473279029, 0.01542933330691, 0.013454086822249087, 0.059284836725946824, 4.600941970745356e-32, 0.015274404156557697, 4.640416514120642e-30, 0.01693495152538156, 0.04635235658524224, 0.016256295140449416, 0.011602587739490062, 1.806256441117039e-66, 0.021894735166637466, 0.023057374489810475, 0.033628302392197496, 3.459683471511721e-101, 0.01599045007185727, 0.019437342759217293, 0.055907831032598936, 0.003114972250087299, 0.01500747103266612]
[0.028163916467861545, 0.01684330308165785, 1.266902337231962e-05, 0.0, 0.012195000072104277, 0.02982364094702331, 0.029225719264205766, 0.027572227720576284, 2.4550313546458723e-65, 0.02979318982487442, 0.02169301340707163, 0.02980599986111623, 0.02789194794460497, 0.0, 0.028197530929093557, 0.01688623031431795, 1.475105026754052e-19, 4.155775484790028e-130, 0.028096056397682184, 0.014973669650615641, 0.020715846724736236, 0.03003588069716351, 0.028966742182377166, 0.027071377493972617, 0.02674144745419968, 0.02938413744370162, 0.03032479224543086, 2.8075019857674956e-38, 0.025851156144463816, 0.028078242129013962, 0.028122338114933244, 0.026011328636764267, 0.017557382235938588, 3.7404499397894235e-08, 0.027978381370443266, 8.92972990116673e-24, 0.029212988642961138, 0.023961080260867972, 0.028802806866826677, 0.023703909820242647, 3.34624078179747e-22, 0.031494471687191876, 0.031503825502638236, 0.029869726940791888, 2.9946838541013e-34, 0.02856811430318244, 0.030537697861378502, 0.01980374260561119, 0.006806940572442615, 0.027721489059829053]
[0.01247959524520764, 0.07604126655483702, 1.28650196112263e-35, 0.0, 0.1087602920484535, 0.030192958023836685, 0.013630155303827255, 0.011901290563915373, 0.0, 0.014545455643987945, 0.007859091869838825, 0.03087226135776078, 0.012194686405100835, 0.0, 0.012498524994184058, 0.005628103730858108, 3.7476335213735165e-191, 0.0, 0.012391092247897714, 0.08694892588059357, 0.060808246272282325, 0.029897481836413563, 0.01350516046610538, 0.011416124529927081, 0.011210009982169847, 0.03238617042044809, 0.015629841001646858, 0.0, 0.010465965097425109, 0.012406610875608775, 0.01243143058011279, 0.010639063452990566, 0.06986995181807525, 1.1418110812573444e-54, 0.012289724663080894, 2.1652510898180615e-118, 0.013834093876609617, 0.048586689782314736, 0.013197858070933892, 0.009018788699018815, 0.0, 0.018687216836780297, 0.019865910639381524, 0.031622953173186405, 0.0, 0.012950019074707053, 0.016233595404858994, 0.06371851087940152, 0.0013400185257064156, 0.01204486402088203]
[0.013394407640934945, 0.07191424160647125, 1.7711997399007956e-20, 0.0, 0.09880695161718019, 0.03104447348177017, 0.014594389615072284, 0.012789341605692362, 0.0, 0.015539690283294365, 0.008512855746738743, 0.03170508605799609, 0.013096846898294141, 0.0, 0.013414566028180855, 0.006120158655467345, 2.104891444466068e-123, 0.0, 0.013302410466934004, 0.08103152968652916, 0.05894926091158404, 0.030769954057290324, 0.014459787185353654, 0.012281257977077612, 0.01206298654016997, 0.03314765500539771, 0.016653551807251903, 1.0008171715266926e-173, 0.011280054944668917, 0.013317853618036994, 0.013344225283960473, 0.011461189642188533, 0.06655199787212604, 1.7570054596106419e-37, 0.01319601174797621, 1.333295601178693e-63, 0.014801247917745843, 0.048085327758761634, 0.014142952572310756, 0.009747622990459453, 5.0573615317072284e-138, 0.01977114362418817, 0.02095126749634882, 0.032440107578937935, 0.0, 0.013884404297709303, 0.01727006883742712, 0.061446897297891094, 0.0017765622444655324, 0.012939661256403456]
[0.017179613158024087, 0.05603556528207436, 1.6058330740242866e-16, 0.0, 0.06767961373799143, 0.032938696965621087, 0.01850442049449654, 0.016499739570296344, 0.0, 0.019500281007720045, 0.01141221244108966, 0.03346606696611368, 0.016848207284196844, 0.0, 0.017204183821892503, 0.008350045188519442, 7.467216392419238e-173, 0.0, 0.017079485165718077, 0.060166528118082964, 0.04993433394442656, 0.03277221262695328, 0.018336213570022127, 0.015926254250918273, 0.01566331401018713, 0.03450500529258071, 0.02064122077175461, 1.566894918559209e-179, 0.014760234837764227, 0.017092097996159995, 0.017124357985712022, 0.014963825834192264, 0.053196639096753796, 5.850654327393654e-29, 0.01695816149752158, 1.7579614190193935e-82, 0.01870230053914674, 0.043917273073189815, 0.018003780395241763, 0.012929329358813352, 8.634144312837966e-132, 0.023723249355559327, 0.024786505546258306, 0.034071545630595924, 0.0, 0.017717504465321846, 0.021254026421294512, 0.051124964736287234, 0.0023618084034326106, 0.016669180910222688]
[0.012458575997071909, 0.07614392069643265, 5.4549182388663844e-34, 0.0, 0.10899357045827296, 0.030160156475612782, 0.01360707013249463, 0.011881357698080963, 0.0, 0.01452077964162371, 0.007847219433884639, 0.030839718708866846, 0.01217420242594347, 0.0, 0.012477478223355919, 0.005620287057306112, 2.5291542396177046e-176, 0.0, 0.01237024478910152, 0.08709468806143257, 0.06084928566420167, 0.02986431782439365, 0.013482332867573653, 0.011397146699617059, 0.011191303935917213, 0.032355000589938995, 0.01560340455057604, 0.0, 0.0104488257698044, 0.012385710584000226, 0.012410499943511526, 0.0106215228220531, 0.06995410621942931, 4.374883066550708e-53, 0.012269064654567981, 3.742179612163965e-108, 0.01381058366505798, 0.04858950156898134, 0.01317551565372047, 0.00900453234383092, 2.4536320581655368e-204, 0.018656683651025588, 0.019834129754774096, 0.0315905704244019, 0.0, 0.01292811193673209, 0.01620622341548949, 0.06377143443244476, 0.001386264914381832, 0.012024656169262342]
[0.01870796925864159, 0.0502138530348124, 7.267859125955936e-10, 0.0, 0.057746749906614755, 0.032969460511988305, 0.02003889808173824, 0.018022594106920743, 0.0, 0.02099929920138867, 0.012722548953691716, 0.03344294927831991, 0.018376464115363242, 0.0, 0.01873510283432185, 0.009392756668993526, 9.161888281482535e-102, 0.0, 0.0186105144369933, 0.0529692246435906, 0.04616437995261372, 0.03285776618944237, 0.019845641261475557, 0.017446538410251088, 0.01716589528709628, 0.03430340443480764, 0.02208709627760442, 2.4352442757488485e-115, 0.016244246821696832, 0.018618220974650913, 0.018653246358021125, 0.01644271091831459, 0.04801895956826694, 1.8242364739761667e-22, 0.018486016511516747, 5.758499220406699e-38, 0.020205136569217057, 0.04165180839879187, 0.019528924374661184, 0.014332014596981623, 2.492817038005591e-94, 0.02500767037216609, 0.02595198579517332, 0.034003678645390216, 7.93771275944689e-188, 0.019241153731169903, 0.022660866842981506, 0.0469412600434619, 0.0029994514078689654, 0.018193540249057012]
[0.009739069697637968, 0.0004750728073348998, 3.4893258847044024e-22, 0.0, 0.00015023961840266494, 0.004996181077781469, 0.009759026566913225, 0.009700350212184735, 3.420801659835186e-13, 0.009633515117369418, 0.008476574231481482, 0.0048742456917709445, 0.009730636812734388, 0.0, 0.00974762143612309, 0.006973425373268119, 1.5912223944596486e-09, 2.0181751594452155e-56, 0.009745234765626547, 0.00030991560691502395, 0.000997611636395582, 0.0051207745358593385, 0.009664287953725825, 0.009663833378483418, 0.009605574370087149, 0.004495402023243301, 0.009424999336360231, 6.899982364186687e-47, 0.009469487416172538, 0.009730756665253212, 0.009740479290353689, 0.009477579731625272, 0.0005772148725940128, 0.011125114787800847, 0.0097300995803172, 1.4203739588120033e-66, 0.00966047727399389, 0.0018139113023574985, 0.009739021323185042, 0.009014288821760912, 1.3656214946581377e-10, 0.008752492750721376, 0.008322404139989284, 0.004773776137881315, 0.7118802140530903, 0.009732630024046878, 0.009275310324079659, 0.000850802756773064, 0.003338889647002463, 0.009711454487190102]
[0.014852048625987551, 0.06591117139313145, 8.14156814896935e-28, 0.0, 0.08796731334827032, 0.031410162627270914, 0.016032545638603492, 0.01424390679909064, 1.4501469700886776e-164, 0.01697402315170707, 0.00981823378407767, 0.03198476686849293, 0.014552729493467286, 0.0, 0.014870893834026115, 0.007226955460253002, 3.1663655230493155e-25, 0.0, 0.014758072019057083, 0.07337172563888755, 0.05516183251597678, 0.031157549687741155, 0.015915001209825, 0.013726465057639489, 0.013509113207262132, 0.03326078431273131, 0.018065771813928738, 9.322699530590547e-128, 0.012708177455676609, 0.014775536318632813, 0.014801621010839497, 0.01290214056750918, 0.061623598108948185, 5.026290668223776e-49, 0.014652180426159562, 9.254160439537186e-42, 0.0162536720983917, 0.04614217461686762, 0.01559854158447357, 0.01112183803179818, 4.0081847836836e-88, 0.021041097300624655, 0.022167652863347757, 0.03261169089496568, 6.318129698324345e-129, 0.015342750908613489, 0.018666925981572192, 0.057259972924746716, 0.0031639281051944485, 0.014395434059941793]
[0.016604699327711064, 0.05773767104868154, 1.7989808148806214e-23, 0.0, 0.07106800427333364, 0.033060185954418425, 0.017896693396025287, 0.01593870775876758, 2.2198692247053817e-167, 0.018902139243228568, 0.011017436382759616, 0.033597939522206445, 0.016278247793434387, 0.0, 0.016626103931651013, 0.008139574011280593, 1.9546466279355328e-36, 0.0, 0.01650339253795769, 0.06230195913486123, 0.051149171573397864, 0.0328526609457837, 0.017743132892554653, 0.01537088595389748, 0.015141510334999993, 0.03471600161138846, 0.020060971013959365, 1.1000523680922943e-104, 0.014244197666025044, 0.016522556744740617, 0.01655027255630898, 0.014457522667356336, 0.054748928039603455, 7.655089231469055e-37, 0.016385985578358835, 3.2285320831930364e-44, 0.01812519312440181, 0.044840360977249485, 0.017418591390493905, 0.012479936106640287, 1.0337570000717357e-69, 0.023174653011681343, 0.024310529964257397, 0.03420144010533765, 1.8174700967621348e-121, 0.017140052273400066, 0.020694153741193176, 0.052438243791629334, 0.003455243853459825, 0.016105049478031108]
[0.012666070893120293, 0.07524013099367788, 7.553080985261244e-30, 0.0, 0.10712497060466776, 0.030305636786999563, 0.013826597777606697, 0.012082363779260254, 0.0, 0.01474670015766228, 0.007989998641727713, 0.030979787554309225, 0.012378662091457961, 0.0, 0.012685281626274454, 0.005726182902855276, 5.813543843646554e-188, 0.0, 0.012576929141558885, 0.0858828813527454, 0.06037236784162489, 0.030016513096229026, 0.01369857962066044, 0.011592496160358942, 0.011384308077485052, 0.032473527953771446, 0.015835162212873406, 0.0, 0.010631543222860673, 0.012592433833194638, 0.01261752831657723, 0.010806354831444926, 0.06918676937239336, 5.488204723357295e-48, 0.0124744917491037, 2.1064134892475374e-108, 0.014030414302889326, 0.048391901054067106, 0.013390270996263621, 0.009166087744228389, 1.6163746841171737e-202, 0.018897915107977625, 0.020072091588176123, 0.031726821653657956, 0.0, 0.013140342884101703, 0.016440146730319977, 0.0632119930247893, 0.0014104282879541013, 0.012227315882354362]
[0.01264850745128026, 0.07529374018494073, 2.491143715925115e-29, 0.0, 0.10696424694500552, 0.03030293163184396, 0.013799348713574449, 0.012068393711899692, 0.0, 0.014717749559666178, 0.008002720823574836, 0.030972378621880934, 0.01236258549865177, 0.0, 0.012667255667490752, 0.005746628625614571, 1.0594922429041782e-118, 0.0, 0.012559422999572464, 0.08587906954525809, 0.06041382047741593, 0.03000789890854516, 0.013677808303414616, 0.011580864423524653, 0.011374005563208127, 0.03247129414268823, 0.01580367431605698, 6.780143580249094e-207, 0.010626946630223141, 0.012575277435034794, 0.01260014015951658, 0.010802096100823687, 0.06933124505507224, 4.64841163490866e-50, 0.012457973950729657, 2.561454066663767e-68, 0.01400653159240592, 0.048453098020480534, 0.013368475831861775, 0.00917127867626513, 2.6784422645668856e-169, 0.01885496390888656, 0.020033038329650952, 0.03170888751509248, 0.0, 0.013120323440573347, 0.016408024729172365, 0.06326869224172885, 0.00168620645599038, 0.01221245367411718]
[0.013125017507966278, 0.07302078658624954, 4.233592148884688e-22, 0.0, 0.10121068607449388, 0.030874496912278778, 0.014306864642044708, 0.012528680001885017, 0.0, 0.015246103160752516, 0.008332131435103191, 0.03153912512353057, 0.01283131445108882, 0.0, 0.013144391684030789, 0.005996454720005867, 1.5792218879524217e-83, 0.0, 0.013033667499242844, 0.08253294728417239, 0.05952506903954038, 0.0305886123993026, 0.014178973961374504, 0.012027162760026328, 0.011815142830086379, 0.033009082223083665, 0.01635449878648933, 4.121304927745236e-150, 0.011044096378444777, 0.013049899926576961, 0.013075415970386358, 0.011224560053476345, 0.06750037702461265, 1.968494393049952e-40, 0.012929198195687261, 9.193241804661201e-49, 0.014517633773970529, 0.048337380744901404, 0.013864170809316926, 0.009541345946669302, 5.234689584333935e-120, 0.01945835193574007, 0.020647500367142513, 0.03227406095612693, 6.775303700092171e-207, 0.01360945005295067, 0.016970104949129285, 0.062126094255891565, 0.001932312968663852, 0.012676836466094483]
[0.012482125937491262, 0.0760091711199729, 7.958773863590716e-33, 0.0, 0.10868979257736687, 0.030195410903096184, 0.013633514125695675, 0.011903392419894404, 0.0, 0.014549534804981704, 0.007859154435047722, 0.030874554024222713, 0.012196992585476263, 0.0, 0.012501052711236397, 0.005628609122530632, 1.696483247215285e-151, 0.0, 0.012393536500610954, 0.08690558319571808, 0.06078829222351693, 0.02990030000140909, 0.01350842991048744, 0.011417809396411814, 0.011211758551973922, 0.032387478567744626, 0.015634659913416882, 0.0, 0.010467076433139714, 0.012409114425030822, 0.01243392288471807, 0.010640425251026214, 0.06984485052573629, 7.521257621771684e-53, 0.012292103907641835, 9.571031625850217e-91, 0.01383774108565434, 0.04857601351158195, 0.013200952223760585, 0.009019196019139709, 1.6554285801835713e-193, 0.0186934117728056, 0.01987226158065603, 0.03162522741974704, 0.0, 0.01295294785848937, 0.016238779298650044, 0.06369643721077103, 0.0014813105125799243, 0.012047074912318175]
[0.013149655675150048, 0.07311682046413127, 1.7737117290384005e-28, 0.0, 0.10254902340350115, 0.030596337591605075, 0.014318032645479154, 0.012559573771388768, 0.0, 0.015243613945769322, 0.008389184248840614, 0.031252208333224264, 0.012859241184625206, 0.0, 0.013168961193970308, 0.006053904010126136, 1.8210599332994924e-81, 0.0, 0.013059497291676013, 0.08297333753541072, 0.059261934739410244, 0.03031540497883867, 0.01418951521507957, 0.0120631935984317, 0.011852831064278788, 0.03270199318598117, 0.016334608347139866, 1.0586156419151153e-167, 0.011087953547943206, 0.013075305073555433, 0.013100669919245802, 0.011266537873217106, 0.06747020221605811, 2.0975581174414366e-48, 0.012955955999179999, 6.1721308139044294e-55, 0.014524405033018278, 0.04796059842778595, 0.013880135531958585, 0.009594255970500395, 1.5357469423353916e-133, 0.01938721494653102, 0.020552950729106085, 0.031978252624036065, 0.0, 0.013628310208386321, 0.016939835316754075, 0.061919184340422415, 0.001963147923703078, 0.012706211742969641]
[0.012925714838279301, 0.07400796431216228, 7.220421821385376e-28, 0.0, 0.1038232650278432, 0.03060814110855626, 0.014092759249990578, 0.012337274124904679, 0.0, 0.01502067033125024, 0.0082002381846322, 0.03127427689855312, 0.012635897294524329, 0.0, 0.01294487741558582, 0.005897659799643634, 4.522643214442236e-129, 0.0, 0.012835609951009533, 0.08400956537831072, 0.059889161372187465, 0.03031824566317979, 0.01396650719645708, 0.011842718056431362, 0.011633090419935798, 0.03275589984963719, 0.01611688807942038, 2.2814770030683385e-197, 0.010873143000842909, 0.012851526286680565, 0.012876759860978035, 0.011050648657492907, 0.06829745769845119, 8.526012890217062e-46, 0.01273249955528766, 6.970351988611821e-78, 0.014300683845182523, 0.04836617065845689, 0.013655357510489028, 0.009391739303848486, 1.0344736919729664e-153, 0.019192484317683646, 0.02037433443019299, 0.032009197300957304, 0.0, 0.013403816730693068, 0.016726273697896636, 0.06260442256172019, 0.0016736186326030932, 0.012483441251501666]
[0.014570282990279553, 0.06687150193443135, 2.6580872290864335e-24, 0.0, 0.0891607328278265, 0.03155231671679774, 0.0157653822989957, 0.013957641673326141, 2.442685330733001e-161, 0.01671822133889751, 0.009536778634954602, 0.03214887514751865, 0.014268651533620037, 0.0, 0.014589380402908338, 0.006986549258734953, 9.581149979931343e-28, 0.0, 0.014475705728952947, 0.07443118645591822, 0.05598490083648742, 0.031292247680713765, 0.015643227087274947, 0.013437466586599594, 0.013220804543785802, 0.03346785211138577, 0.01782787618980412, 3.0950906007022613e-118, 0.012415979775867418, 0.01449346480146183, 0.014519459087116746, 0.012609699227088897, 0.06245099790879414, 8.573106168710082e-44, 0.014368889886737596, 1.5201000945143473e-39, 0.01598784527852567, 0.046734362595481534, 0.015324320642288156, 0.010832073630512465, 5.789427473010307e-82, 0.020868284108883722, 0.022022973627769372, 0.03280277413101786, 1.2664496874808716e-123, 0.015065830042789064, 0.0184404245449499, 0.05810768450950806, 0.002937131844866699, 0.014110222150431147]
[0.012806392217235268, 0.07460542333139492, 5.347263301355891e-26, 0.0, 0.10526215041969292, 0.030419962919279068, 0.01395899230904623, 0.012224304093640158, 0.0, 0.014879924967819941, 0.008134438848156072, 0.031083046075440327, 0.01251947141130201, 0.0, 0.012825098091625185, 0.005853856825589528, 5.279563476901246e-95, 0.0, 0.012716880263081681, 0.08488210590649724, 0.060086997943105944, 0.03012621983249365, 0.013838977590888426, 0.011734631114444578, 0.011526728784076096, 0.03257006075428667, 0.015967370955500205, 3.5759114485438724e-177, 0.01077645947396885, 0.012732875169509768, 0.012757848673279087, 0.010953024359354208, 0.06880625152746743, 1.5801824199684836e-46, 0.012615188277672829, 1.8371820429757275e-54, 0.014167920575841536, 0.04835713515690766, 0.013528295454147818, 0.009312007162913666, 2.8605568794788647e-145, 0.019016475328305943, 0.0201938864442366, 0.03181102819533803, 0.0, 0.013279599976716499, 0.016572276768456982, 0.06288093443334404, 0.0018468776058007716, 0.012368880622983006]
[0.013288450742658893, 0.07250825822667749, 2.8446499300863197e-24, 0.0, 0.10052109611296604, 0.030745041053931062, 0.01444528070514045, 0.012700537256420494, 0.0, 0.015374023484602527, 0.008537462376090404, 0.03138550714185687, 0.012998523444771787, 0.0, 0.013306921149957152, 0.006183069806527086, 4.5431340682379356e-62, 0.0, 0.013197547250359105, 0.08195020018275104, 0.05900360039020104, 0.0304554857996926, 0.014330775677064794, 0.012204180975827298, 0.01199380760053418, 0.03283093118604896, 0.016465776863817554, 3.458203531780123e-147, 0.01123348442084451, 0.013214171059282452, 0.013239372143913238, 0.011414903715845389, 0.06718577255300795, 2.858277827385645e-45, 0.01309522221304666, 7.493203165467092e-41, 0.014660570012491941, 0.04798069010397722, 0.0140160191068492, 0.009742545184696676, 1.4467247602229085e-118, 0.01950385255234184, 0.020678323482605808, 0.03208331018019433, 2.3124190788967494e-186, 0.013765898513073633, 0.01707224268187335, 0.06162382562521231, 0.0022166586554128553, 0.012846660209451449]
[0.013807173417891077, 0.06988571169337031, 1.5162454702908803e-20, 0.0, 0.09421992904830645, 0.03149300349566282, 0.015017549648669515, 0.013193685328488618, 5.033216841744448e-211, 0.01597839152525113, 0.008841451856552768, 0.03213743822856858, 0.013505137307247993, 0.0, 0.013826908051205539, 0.006397425418257383, 9.930971863193318e-56, 0.0, 0.01371308390568976, 0.07815887156048801, 0.058027018828616696, 0.03121871156302599, 0.01488658676750055, 0.012676171749965139, 0.012459504838333328, 0.03355123679128876, 0.01710734783158243, 5.010555027453601e-123, 0.011660895358042427, 0.013730189997524275, 0.013756242385513807, 0.011849129753496945, 0.0649683913956333, 4.970129689193645e-38, 0.01360565915785112, 1.5587827730250098e-39, 0.015235266287401654, 0.04789614172689474, 0.014565865961767715, 0.010102182215313853, 1.3531454671031968e-94, 0.02024357653446615, 0.021437498216356845, 0.03285057855847835, 2.36119627263255e-158, 0.014304888873119708, 0.01773282177296018, 0.060327240664810475, 0.0022848446996131112, 0.013346247421608979]
[0.019171379617646638, 0.04575169740372652, 7.534624800874296e-14, 0.0, 0.047865290383414895, 0.03540466603619585, 0.020628758564573524, 0.018414938953413694, 7.765828081145079e-131, 0.021747855182832652, 0.012748977208217778, 0.035859751084568965, 0.01880122287477359, 0.0, 0.019195902738664766, 0.009403370882746741, 2.5977931395228206e-35, 0.0, 0.01905685619353202, 0.04652571244255347, 0.0447207284007034, 0.03526918371493566, 0.02045262415782164, 0.017767913675687284, 0.017504097474780655, 0.036703671831782414, 0.023020908562938647, 3.3890049682055334e-67, 0.016476560363239193, 0.019077961446418396, 0.019109791893065244, 0.01672089432743932, 0.04465308361348639, 2.016815469216104e-21, 0.018923380430038557, 6.540160189979878e-32, 0.0208803335805893, 0.04241685210379857, 0.020090267850500765, 0.01444252074004484, 1.7579727183822436e-42, 0.026355998265529854, 0.027514841591270708, 0.036385454803091105, 2.4263819904320244e-85, 0.01977597609396833, 0.02370721420657597, 0.04491493470683348, 0.003934286768969693, 0.01860413952955196]
[0.013320423317449127, 0.07230888714482743, 4.4652048166271426e-20, 0.0, 0.09970754571679268, 0.030893819392241357, 0.01450034081597658, 0.01272382037412868, 0.0, 0.015436504153458647, 0.008503978823225785, 0.03154807360596933, 0.013026732798180063, 0.0, 0.013339909396289634, 0.006131218882473592, 2.3725938393868396e-88, 0.0, 0.013229169441491372, 0.08158663609380491, 0.05907077438256437, 0.030612319944344005, 0.014373907313013263, 0.012221972137550602, 0.012006912006671545, 0.032996522682854725, 0.01653895551900976, 1.5761129066287757e-151, 0.011235523635815675, 0.013244908584593531, 0.013270819099086473, 0.011415905164508383, 0.0669382926463779, 1.0162782139966084e-38, 0.013124646563122585, 2.348995509620665e-46, 0.014709503452360861, 0.048087175016111205, 0.014058595670481708, 0.009723667592863972, 8.875066191404081e-124, 0.019620380204617732, 0.02079719027706854, 0.03226997148985787, 8.71697727286721e-212, 0.013804006468830947, 0.017150119578203473, 0.06162948103810167, 0.001969341059917124, 0.012872048372314027]
[0.012609977718022643, 0.07546214813272312, 1.6200811723611186e-30, 0.0, 0.10742555640779244, 0.030267516350461106, 0.013761015299424964, 0.012030244866081286, 0.0, 0.014678452053745681, 0.007969772938910968, 0.030939423064887103, 0.012324292093718773, 0.0, 0.012628793255955964, 0.005719864331127369, 1.1943967891448007e-119, 0.0, 0.01252105666437307, 0.08613593996717635, 0.06049174145533405, 0.02997307548044275, 0.01363820561452667, 0.011543272454100195, 0.011336599464725046, 0.03244072812457272, 0.015763734770914764, 5.95745507117062e-210, 0.010590099554755128, 0.012536806440527376, 0.012561664151026575, 0.010764706120304255, 0.06944006303466303, 3.137022794096712e-51, 0.012419592402941578, 8.770192559910003e-71, 0.01396711349359174, 0.048465486190301194, 0.013329582836492526, 0.009136304378160041, 4.672960737080824e-171, 0.01881590832610315, 0.019993144527198498, 0.031679934569616354, 0.0, 0.013081470601209044, 0.01636771338385385, 0.0633596977838193, 0.0016550998835287742, 0.012174201675977946]
[0.01939379613188421, 0.04781479329556123, 2.5706361963617776e-08, 0.0, 0.05400860065537802, 0.03274870684072226, 0.02069092186371961, 0.018721287638506664, 0.0, 0.02161643382865248, 0.013417153246633918, 0.03318456929672525, 0.019069427657002216, 0.0, 0.019421033146495112, 0.009981080401311765, 6.401463503791665e-84, 0.0, 0.01929912138527997, 0.050107628258409975, 0.04441519097176557, 0.03265409791406746, 0.020499874696492424, 0.01815563931234712, 0.01787127359106697, 0.03396286932696662, 0.02265628909313256, 4.067566198398615e-102, 0.01696212029764575, 0.019304743232777297, 0.01934041857558914, 0.0171562750295598, 0.04592229947605114, 2.527633940084361e-21, 0.019176450719423293, 5.625782007707919e-29, 0.020844890955144236, 0.04048790342691647, 0.02019389842919316, 0.015046286410183312, 4.337880945797612e-86, 0.025430524577847648, 0.026308286888202217, 0.0337018124913762, 3.6639438160040953e-162, 0.0199126029508758, 0.02320038009537525, 0.045069223830066334, 0.0033629582421622994, 0.018889109842351582]
[0.012544540149360439, 0.07571871542730722, 8.005966679122774e-37, 0.0, 0.10801355642769951, 0.030285007802241623, 0.013701198772155426, 0.011963090675061374, 0.0, 0.01462086846958212, 0.007897463940332207, 0.03096366723814477, 0.012258097444624236, 0.0, 0.012563566685682178, 0.005654982667096348, 1.5536422077391715e-201, 0.0, 0.012455563347140632, 0.08648900729840579, 0.06067674323537164, 0.029990943157044737, 0.013575065241869851, 0.01147517521614826, 0.011268366847171704, 0.032473028005741915, 0.01571009341833073, 0.0, 0.010519646085753554, 0.01247122814123187, 0.012496127110704849, 0.01069386593567543, 0.06960519209635305, 9.211102990422833e-56, 0.012353632098838973, 1.793418030188862e-125, 0.013906140267194892, 0.04857009946735456, 0.013266627549221015, 0.009064092059762049, 0.0, 0.018778747026113284, 0.019960344188941173, 0.03171429356520543, 0.0, 0.013017517392040457, 0.016316365408206565, 0.06355052563298311, 0.0013093539701241011, 0.012107460382876453]
[0.026083008385749458, 0.023174799883810597, 1.0561717043652531e-05, 0.0, 0.019029482016413444, 0.031639614192787435, 0.027338028287989802, 0.025408162493922956, 7.273071689237302e-122, 0.028086327243811483, 0.019290010002387583, 0.03175253120271163, 0.02576711129869384, 0.0, 0.026117564459947628, 0.014737813886616933, 5.069209796629999e-44, 7.432558094468347e-184, 0.02599952725553445, 0.021580056355560956, 0.026388025783013, 0.031787602435468666, 0.027070217019119238, 0.02483945146230175, 0.024503388667155165, 0.03162227177019589, 0.028852308360135023, 5.0297989038321744e-46, 0.023525854749877714, 0.025989333012311, 0.026033306888643245, 0.023710623530143273, 0.023574676849119538, 1.2452958759266908e-10, 0.025869181822994705, 4.06221758587258e-16, 0.0273807374754097, 0.028567186870396617, 0.02684155467618773, 0.021298526976071822, 6.300768523274174e-37, 0.030702926987494893, 0.03100291988048023, 0.03195878298111652, 1.4248968731193008e-74, 0.02656778039160333, 0.02920386371656172, 0.025634583210632104, 0.005482532854788576, 0.02557776233825264]
[0.012664628199372224, 0.07522660333995444, 1.3388332489791167e-26, 0.0, 0.10674299968812274, 0.03032159687815182, 0.013818171173735891, 0.012083492098070556, 0.0, 0.014737066472174203, 0.008009671209702298, 0.030992634375471055, 0.012378286656340122, 0.0, 0.012683516360135073, 0.005749542974501701, 1.0841147888628956e-120, 0.0, 0.012575533693909858, 0.0857714996141773, 0.06040340631746873, 0.030027998552975388, 0.013694958965616585, 0.01159532985289135, 0.011387838913802666, 0.03249098470498124, 0.01582372711094201, 1.0964547589704633e-198, 0.010639334544418901, 0.012591246160292025, 0.012616209011762919, 0.010814320190856756, 0.06926086946695593, 2.0613934018349153e-46, 0.012473804457125849, 4.753517244669054e-67, 0.014024333410200955, 0.048455151401317495, 0.013385765363943484, 0.009180649196621331, 6.930004357731365e-162, 0.01887874097740123, 0.020056059982608523, 0.0317322422162443, 0.0, 0.013137094178986538, 0.016428264544893594, 0.0632462670028298, 0.0016723589381244168, 0.012227801667072663]
[0.012512392366056104, 0.0758534968965962, 3.906197343769116e-35, 0.0, 0.10832709640977986, 0.03025574768452525, 0.013668186364451388, 0.011931539679530903, 0.0, 0.014587152875800105, 0.007872346839168579, 0.030935389809744473, 0.012226237161903885, 0.0, 0.012531405760854031, 0.0056355589571870455, 1.419059173504929e-181, 0.0, 0.012423511846584806, 0.08668057423784901, 0.060737892871591176, 0.029961370596057104, 0.013542006900313458, 0.011444180825143105, 0.011237671155373826, 0.03244693343436178, 0.015675757846470503, 0.0, 0.010489887388863214, 0.012439163608168066, 0.012464026841278094, 0.010663847082832318, 0.06971249309144886, 1.5868103576476543e-54, 0.012321678238920752, 8.760949249638223e-111, 0.013872878238152617, 0.048584600941275244, 0.013233848571855234, 0.009036668071221207, 3.8354476235628704e-215, 0.018743658254457986, 0.019925056347281, 0.03168726785568479, 0.0, 0.012984946559326504, 0.01628174347901698, 0.06362496201594149, 0.0013710679122659725, 0.012075754835757362]
[0.013584003239407135, 0.07131021113748458, 1.1697158366755313e-19, 0.0, 0.09784405094217068, 0.03092399980182437, 0.014762406425173302, 0.012986599691994219, 0.0, 0.01569514526286413, 0.008733182781063928, 0.0315643423566277, 0.013290113925804316, 0.0, 0.013603611087641375, 0.006314417993063119, 3.0312699957883176e-95, 0.0, 0.013492792396876322, 0.08030951963568388, 0.05841882322175241, 0.03064861417182585, 0.014636546287790254, 0.012483738641653764, 0.01226603521983303, 0.032982312000154876, 0.016790668391357438, 6.5036558457683305e-158, 0.01149225775933279, 0.013508129665206741, 0.013534391006879273, 0.011673093532708503, 0.06612237347448832, 1.484516025256392e-38, 0.013388079221584203, 3.2253306583271744e-47, 0.014969997879967705, 0.04772521602423038, 0.01432159084448884, 0.009967632555393383, 1.1957669744283004e-130, 0.0198437645440151, 0.021004912918545234, 0.03226955010557176, 0.0, 0.014067077222297976, 0.01739668554592285, 0.06091621324746756, 0.0020228372039726625, 0.013135062485440737]
[0.014306761554575732, 0.06805920579283145, 1.4429592564713606e-19, 0.0, 0.09091395968070891, 0.031574531672463664, 0.015542953739260701, 0.013681010424642703, 0.0, 0.01650459717395966, 0.009194661901044397, 0.03220608586651584, 0.013999749723282648, 0.0, 0.014328122105862717, 0.006637857441038039, 9.697234486032326e-157, 0.0, 0.01421245888950667, 0.07588001940801398, 0.05684111942942425, 0.03132617924465944, 0.015398954654737845, 0.013155141663411642, 0.012925146807715027, 0.03355518504191087, 0.01763026536337575, 1.718511865058343e-190, 0.012110188247009903, 0.014227225560041986, 0.014255138008046094, 0.012297152716827044, 0.06333600488838942, 8.411912904373306e-35, 0.014101958832164665, 1.3925477282311407e-79, 0.015747972930737594, 0.04716965780202447, 0.015076982643845774, 0.010500661515870856, 4.495936481172699e-146, 0.020755539579961367, 0.021912445373499945, 0.0329140146514859, 0.0, 0.014810496671456204, 0.018248751332728422, 0.05900900707639359, 0.0018162474014862514, 0.013836587018266192]
[0.012649063894458495, 0.07525468648506307, 3.985035528339646e-34, 0.0, 0.10694389392532679, 0.030347541823198775, 0.013806925312416117, 0.012066179347386853, 0.0, 0.01472850020781116, 0.0079840745225332, 0.031020435919085945, 0.01236187888620092, 0.0, 0.012668047223198486, 0.005725159213113613, 4.63535205368779e-144, 0.0, 0.012559756823635864, 0.08583716097147254, 0.060421539744487274, 0.03005453153590623, 0.013682216718931689, 0.011576689472193835, 0.011369009596539541, 0.032519591592336534, 0.015818732596490602, 0.0, 0.010618175338125473, 0.012575524851156015, 0.012600512392986332, 0.010793443377869978, 0.06926507395061679, 7.36714739268577e-55, 0.012457670025502353, 1.0396854970152512e-86, 0.014013235886596443, 0.048473498222659145, 0.013372559996643352, 0.009156588306466621, 7.99302552850721e-196, 0.01888466049158752, 0.020065027863679946, 0.03176316691190951, 0.0, 0.013123057781142004, 0.016425267952268445, 0.06326186414274751, 0.001544134856124992, 0.01221092169868626]
[0.014036786379287442, 0.06886377103236767, 1.1086577500855044e-23, 0.0, 0.09166348996418779, 0.03176461430252297, 0.015255031472853026, 0.013417551721653362, 0.0, 0.016225502369491256, 0.009013760048146621, 0.032396277500418874, 0.01373178952926458, 0.0, 0.014056504804372325, 0.006523149057462441, 9.484486143527565e-129, 0.0, 0.013941528073027216, 0.07664253983928393, 0.0575471980940685, 0.03148829558806821, 0.015128264398569194, 0.012894651171005096, 0.012674157940389159, 0.0337951365603342, 0.017363760409315865, 1.1348970938574106e-173, 0.01186892588363446, 0.01395884266936653, 0.013985287476113169, 0.012059675690419346, 0.06430655278814372, 4.9626589131270855e-39, 0.013833380578869004, 3.0989991407157262e-74, 0.015477379978759111, 0.0478414263587688, 0.0148019555515244, 0.010291330634482756, 4.835209233123743e-131, 0.020514306134422882, 0.021716663648403623, 0.03308868007972417, 0.0, 0.014538893862990896, 0.01799414078974261, 0.05976466675176623, 0.0019625798272152268, 0.013571550866181906]
[0.012848798632980366, 0.0745254889237275, 1.2109194660793563e-33, 0.0, 0.10575452441034527, 0.030320588601867902, 0.014005814217092941, 0.012266119641853078, 0.0, 0.014920886817096801, 0.008161619089249046, 0.03098655548741752, 0.012562093526066314, 0.0, 0.012868116240071302, 0.005870030083361627, 1.1865796476307307e-131, 0.0, 0.012760033085640547, 0.08495475519326151, 0.059930586514571386, 0.030035447303007563, 0.013877207024914701, 0.011777100277064073, 0.011567667743298442, 0.03246126727196003, 0.016002051952946073, 0.0, 0.010815200099861252, 0.012775123458223897, 0.01280041754029069, 0.010989470243853343, 0.06859579074610146, 2.0045833485769697e-53, 0.012657641350830964, 3.1736026508079685e-84, 0.014207276308397139, 0.04815276017497666, 0.013570705626688506, 0.009344958010469702, 7.464037682389885e-176, 0.01904151083167912, 0.020203693483881357, 0.03172425422400635, 0.0, 0.013321401148347423, 0.016602297354168873, 0.0627214305350254, 0.0016084832886492486, 0.012410833389393944]
[0.013002874655950533, 0.0737917246405777, 1.3035510458887937e-25, 0.0, 0.10378570481110826, 0.03054937404461584, 0.014178213045081512, 0.012410950551394977, 0.0, 0.015105772817584514, 0.008239540088405113, 0.031214979203999935, 0.01271167468422066, 0.0, 0.013022552450246448, 0.005915200308246171, 1.3142795559809793e-175, 0.0, 0.012912786488356712, 0.0838542507188762, 0.059659651617176936, 0.03026903723026272, 0.014046760976513216, 0.011914124292132412, 0.011701259660028942, 0.03267890366543107, 0.016200569899937917, 0.0, 0.0109363798039256, 0.012928034615248456, 0.012953742368936918, 0.011113377756060585, 0.06800700790773305, 8.876891661195967e-43, 0.012808739487441346, 4.6160195606216664e-97, 0.014381622347898257, 0.0481359761787796, 0.013735920296334116, 0.009441927159700285, 2.2197191897463795e-180, 0.019273221099715458, 0.02044204135460763, 0.031954427502036836, 0.0, 0.013482741032443117, 0.016807487858547226, 0.062364824051853916, 0.0015086455110359552, 0.012557977664401277]
[0.01248988522180294, 0.07597774193007757, 2.65017375626878e-29, 0.0, 0.1084696827157873, 0.03021808102917687, 0.013641910798566049, 0.011910841949628518, 0.0, 0.014558469783757529, 0.007864427907074539, 0.03089775677026022, 0.012204599696721729, 0.0, 0.012508826930512435, 0.0056321558945024745, 1.235857514667043e-160, 0.0, 0.012401252077460588, 0.08682427766392667, 0.06080374401527193, 0.029922686629279997, 0.013516838995892866, 0.011425030540124854, 0.011218741923259005, 0.03241198485067247, 0.015644278337950155, 0.0, 0.010473782650647617, 0.01241681548240753, 0.012441653528724785, 0.010647164972843811, 0.0698317933093058, 1.1168431580776962e-47, 0.012299765959687962, 3.4205079327636526e-94, 0.013846211689705838, 0.04860495544424978, 0.013209093414293662, 0.00902511069616097, 6.589232885061201e-182, 0.018705292695190143, 0.019885132239075405, 0.03164893753315337, 0.0, 0.012960940881023087, 0.01624878775836439, 0.06370514912437478, 0.001451598500984479, 0.012054598317810273]
[0.024818795807369884, 0.028192110512603105, 1.6077156606050208e-09, 0.0, 0.025927269529479696, 0.031668190090642395, 0.02609830178832513, 0.024138149928356206, 0.0, 0.02687473968061161, 0.018111389110852208, 0.03185039140123156, 0.024499054303065506, 0.0, 0.02485318542446839, 0.013741837681893571, 1.2699136191206683e-132, 0.0, 0.024733642806173715, 0.02735324668878817, 0.030016413549368882, 0.03177788633468555, 0.025831443622597403, 0.023566341305073672, 0.023233581511071237, 0.0318939799588222, 0.02768422583600874, 3.142120242415006e-108, 0.022259385601380337, 0.02472480870615145, 0.024768167135715027, 0.02244396879921816, 0.028120263196608607, 9.538823712835139e-17, 0.02460283309784871, 5.114018925912362e-46, 0.02614945606095453, 0.03084566171478673, 0.02559076427829692, 0.02006640167773262, 2.770404645463976e-82, 0.029692836164975155, 0.030071049761179518, 0.032130153985024515, 2.694759124938941e-201, 0.025312550648338393, 0.028063756657028066, 0.02956543921820976, 0.004419360629076498, 0.02430896371375194]
[0.012465621573995387, 0.07608214054203309, 1.076788477820994e-33, 0.0, 0.10886096099324545, 0.030190010242192065, 0.01361738156121204, 0.011886898717776397, 0.0, 0.014533326241374893, 0.007843868946472642, 0.030870371013592558, 0.012180509065679754, 0.0, 0.012484576977138957, 0.0056154629609580274, 5.312011336302055e-167, 0.0, 0.01237707090986156, 0.08700822778472905, 0.06083176503799724, 0.029894847170965043, 0.013491811263094402, 0.011401424329579527, 0.011195407083504711, 0.032385072283167185, 0.01561861956980908, 0.0, 0.010450783113604839, 0.01239261660869978, 0.012417424849847262, 0.010623947274860464, 0.0698960209197659, 3.6930191219407846e-53, 0.01227561200465725, 2.6935690624286957e-101, 0.013821283743409485, 0.04859513932071286, 0.013184493971132189, 0.009003345950568913, 4.164921775667499e-202, 0.01867902240178918, 0.01985829249381696, 0.031622798925308594, 0.0, 0.012936441859293843, 0.016222863645314705, 0.06374409519032392, 0.0014098682835409653, 0.012030575032873603]
[0.014682532009533946, 0.06646321202853647, 1.1146039764989495e-36, 0.0, 0.08762137126975683, 0.03168216320038771, 0.01585559186637992, 0.014074875737430586, 0.0, 0.01681268667484473, 0.009681681051620369, 0.032247546688666265, 0.014382311993674226, 0.0, 0.01470027775352327, 0.0070982953802428556, 6.494512574673598e-83, 0.0, 0.014586910428322263, 0.07367474416653523, 0.05568964655035711, 0.03140402001859669, 0.01576131879902806, 0.013556602699051692, 0.01333591221764458, 0.03356132893755326, 0.01792229087754688, 1.2310689731319568e-205, 0.012545185940499963, 0.01460537974236424, 0.014631537114132544, 0.012741595753804366, 0.0625688784970522, 6.849081544984926e-62, 0.014482535995883391, 2.8775076990445516e-51, 0.016092094194464675, 0.04676260546877026, 0.015429864822606835, 0.010970526630851933, 3.499062481311394e-174, 0.020935288639311177, 0.02210462422309974, 0.03284270001500394, 0.0, 0.015174481082977627, 0.018535834073496606, 0.05784392698704181, 0.0027114572925310016, 0.014226162964041606]
[0.012528722903485844, 0.07579201544365961, 1.6300550347828797e-35, 0.0, 0.10821704177601753, 0.030264670249818684, 0.013684544291154245, 0.011947696378933437, 0.0, 0.01460371345832536, 0.007885692140226629, 0.030943411652715382, 0.012242476619659572, 0.0, 0.012547721711370112, 0.0056462298484195135, 2.2143208950666438e-200, 0.0, 0.01243979313060606, 0.08660158572048962, 0.060702101683738796, 0.029970404795062577, 0.013558558774071808, 0.011460101140101413, 0.011253609281379454, 0.03245337769113638, 0.015692372378437337, 0.0, 0.010505381176441866, 0.012455483666450672, 0.012480342549361942, 0.010679553926466936, 0.06966129808944903, 3.5449017816216234e-54, 0.01233794310312095, 2.2191674373130702e-123, 0.013889511303198146, 0.048569325590858865, 0.013250332974508575, 0.009051159609926364, 0.0, 0.018759384211269107, 0.019940603195066707, 0.031694102163634504, 0.0, 0.013001409788927214, 0.016298370901651225, 0.06358436039770464, 0.0013136347198869742, 0.012091961408743431]
[0.012528562762452483, 0.07579310504761695, 1.9806514808546812e-35, 0.0, 0.10822225628284834, 0.03026390024275661, 0.013684364737073023, 0.011947543562631186, 0.0, 0.014603515359438017, 0.007885580077162913, 0.030942620767449153, 0.012242318822660955, 0.0, 0.012547558877525448, 0.005646159424083594, 2.6857465292989447e-200, 0.0, 0.01243963380164325, 0.08660387534116692, 0.06070183658825893, 0.029969643292441436, 0.013558376197606498, 0.011459951023324148, 0.011253471033812539, 0.03245254514806669, 0.015692148343706976, 0.0, 0.010505245346268292, 0.012455327050989728, 0.012480183025401841, 0.010679419766768823, 0.06966189409565607, 4.496432042784866e-54, 0.012337787119415912, 3.0647876432462944e-123, 0.013889331464917989, 0.048568508855010455, 0.013250159956026405, 0.009051038335076117, 0.0, 0.01875906364811457, 0.019940239163032693, 0.03169329837197584, 0.0, 0.01300124296921596, 0.01629813347843773, 0.06358431694843762, 0.0013140361157654077, 0.012091807401243625]
[0.012449773923420138, 0.07617639718488663, 1.2106239381124972e-32, 0.0, 0.10904322187642496, 0.03016082890877654, 0.01359833339895779, 0.011872520983570506, 0.0, 0.014512378122149295, 0.0078392127528856, 0.030840682250254155, 0.01216536352523507, 0.0, 0.012468656536044448, 0.005613861873300725, 1.3527550595881635e-173, 0.0, 0.012361409291851894, 0.08713341404307363, 0.060871149503720454, 0.02986466152344765, 0.013473764075010337, 0.011388250896390742, 0.011182536135630146, 0.03235698143626038, 0.015595436497544662, 0.0, 0.010440049785837678, 0.012376918358703621, 0.012401686898136328, 0.010612833841496465, 0.06998382731502392, 2.2268179939478783e-51, 0.012260240330280706, 1.9107871327005872e-105, 0.013802113042987244, 0.04860325249278265, 0.01316681755334537, 0.00899609038716783, 2.9679782634170653e-198, 0.018649844854122525, 0.019828072726670434, 0.0315917504460407, 0.0, 0.012919401241602213, 0.016198553477778068, 0.06379556312790788, 0.0013883209239659376, 0.01201582831286052]
[0.02426478983329813, 0.02870911266739708, 6.859564715573273e-41, 0.0, 0.02619048888321415, 0.030316907461304513, 0.02466133541836673, 0.023920855371088366, 8.282560999384839e-191, 0.02528897119066445, 0.020582068153070496, 0.030188302191314374, 0.02408325921583433, 0.0, 0.024254443933843378, 0.017127684699239025, 4.73592330028746e-28, 0.0, 0.024183245222409163, 0.027670340196153515, 0.02940522675331155, 0.03014346779902347, 0.02495306864456795, 0.02356290218049109, 0.023396822174958757, 0.03034901416949279, 0.02586939590387361, 1.2332349838846946e-176, 0.022946070827764765, 0.024213676480509386, 0.024230997030537504, 0.023184461310202232, 0.03038861988060762, 2.9049325468647234e-75, 0.024144246851367967, 1.1245851577171907e-27, 0.025026294277729143, 0.030811389914239772, 0.02465020149005378, 0.021750917343118778, 1.0360916567081288e-138, 0.026871989201737747, 0.027486432085243723, 0.02987681900604599, 1.1497077726153354e-167, 0.024537334078189966, 0.026186816110202283, 0.029461449014930193, 0.021102430780762294, 0.024008150041407918]
[0.01266293911776187, 0.07514880360876604, 4.569732837163584e-36, 0.0, 0.10665881225632012, 0.03041861777338755, 0.013827042681694235, 0.012077321742801779, 0.0, 0.014752484624702886, 0.007978394270469829, 0.031093993692864152, 0.012374447703372505, 0.0, 0.012682062630464822, 0.005715769995166148, 1.0895479834192864e-173, 0.0, 0.01257329341929002, 0.08567079143968603, 0.06041895834015573, 0.030126411801290744, 0.013700260297562916, 0.011585653476638817, 0.01137757908847529, 0.0325941425240686, 0.015847647618604185, 0.0, 0.010622783825928095, 0.012589144412249972, 0.01261418581689075, 0.01079866222413423, 0.0691651321867066, 5.13360673171837e-56, 0.012470654417416056, 8.121085215527387e-106, 0.01403365310331915, 0.048515124132564404, 0.013389954007669179, 0.009155243007998061, 0.0, 0.018928141786398366, 0.020112631904235595, 0.03184088924666597, 0.0, 0.013139227179467423, 0.01645690189496535, 0.0632371175333469, 0.0014223780944353933, 0.01222274697365074]
[0.013460510429327123, 0.07189551257026429, 6.8402929190972945e-25, 0.0, 0.10000542459834799, 0.030769732829563034, 0.014651529502917706, 0.01285942464310785, 0.0, 0.015584671733627866, 0.008588052627058713, 0.031420252025643636, 0.01316521206185804, 0.0, 0.013480772964097892, 0.006183196398482836, 6.952408987882683e-191, 0.0, 0.013369501187206721, 0.08135253910477762, 0.05858974898611067, 0.03050312493846303, 0.014514860527967181, 0.012354644544312336, 0.012136614317573654, 0.03283557409558012, 0.01668221502612631, 0.0, 0.01135653482418026, 0.013384377938831626, 0.01341078256561184, 0.011536170312777434, 0.06640434136311961, 2.659026148946466e-41, 0.013263560759324784, 1.3575536461862898e-104, 0.014853206702046718, 0.047634897452533256, 0.014202803948053384, 0.009825329342269122, 3.917564470138704e-185, 0.01974984047123403, 0.02090317411554156, 0.032145990047242314, 0.0, 0.013946212543682111, 0.017288309724138164, 0.0611374002101212, 0.0015451540884560593, 0.013008798308298673]
[0.012637106339581752, 0.07529240901621409, 2.687625960385556e-33, 0.0, 0.10709269520265055, 0.030358698952810275, 0.013797965860586067, 0.012053043254508367, 0.0, 0.014720946890395008, 0.007964106438793271, 0.031033479587242525, 0.012349377232426337, 0.0, 0.012656164517774796, 0.005706700026928584, 2.932514271002403e-174, 0.0, 0.01254768562513151, 0.0859027374042084, 0.06045170163746681, 0.03006624376471701, 0.013671579678626382, 0.01156261181384792, 0.011355234820872367, 0.03253368640719037, 0.015813153136704228, 0.0, 0.010602232763858927, 0.012563527801460458, 0.012588484606264487, 0.010777768913123986, 0.06927296666507449, 1.0137655032347239e-52, 0.012445324810180469, 5.620008237107801e-103, 0.01400417382740335, 0.048490755176709456, 0.013362172540272376, 0.009138290701316349, 6.940791177975198e-210, 0.01888523255957644, 0.02006693452677043, 0.031779487940254855, 0.0, 0.013112143035690357, 0.016420797992826704, 0.06328984910792322, 0.0014344412989489939, 0.012198087975822985]
[0.01902557746464686, 0.04858567249744505, 7.548632682504345e-09, 0.0, 0.05440662610236923, 0.033380041163926844, 0.0203793530131467, 0.01832741409860411, 1.8404643332725452e-213, 0.021359819129798518, 0.012932294658602133, 0.03384398745000818, 0.018687651329809447, 0.0, 0.019052876930558002, 0.009549224989202928, 7.536632788906164e-80, 0.0, 0.018925874932534805, 0.050754618592649084, 0.045384555333246916, 0.03327398918597422, 0.020185621286960453, 0.017739727163094857, 0.017455868145640246, 0.034676108985528, 0.022469110576377255, 2.3013380436321446e-94, 0.016516184515239344, 0.018934410005560447, 0.018969760719055585, 0.01672011712850722, 0.04668646237520497, 1.323807280419939e-20, 0.018799330253449115, 1.5806991572939213e-29, 0.02055261098448463, 0.04146093528048395, 0.01986211726446511, 0.014570024049447444, 2.5983509727858003e-77, 0.02543491600557313, 0.026394031062479756, 0.03439435426148295, 6.23584689356431e-152, 0.019569359699905, 0.023054327537147003, 0.04599789217829895, 0.0031855511152408048, 0.0185015947371801]
[0.01254340010178903, 0.07572468799739944, 2.583006661528502e-36, 0.0, 0.10803488952569314, 0.030282317788621012, 0.013699929035269126, 0.01196200651543392, 0.0, 0.014619531328408947, 0.007896739068732388, 0.030960898166288272, 0.012256983285544022, 0.0, 0.01256242193554736, 0.005654526065129172, 2.7617041755413364e-199, 0.0, 0.012454430074250846, 0.08649943724060605, 0.060677293077252614, 0.029988232939786752, 0.01357383412627074, 0.011474121273550075, 0.011267359869188488, 0.032470215861396895, 0.015708664427432167, 0.0, 0.010518686976043034, 0.01247009924551587, 0.012494992356703623, 0.01069291389016712, 0.06960973025011959, 4.2183572619299344e-55, 0.012352506934447144, 8.008271653980213e-124, 0.013904891553954997, 0.04856837319628952, 0.013265424195614876, 0.00906326665597892, 0.0, 0.01877696349402302, 0.019958463995550707, 0.03171143046647048, 0.0, 0.013016343728316036, 0.016314888020185464, 0.06355206567555458, 0.0013106792785411837, 0.012106360228029935]
[0.012464463226219169, 0.07609979878015788, 1.7512688462048264e-33, 0.0, 0.10890252362159222, 0.030186140178517208, 0.013615305548857402, 0.011886062792679576, 0.0, 0.014530992954649463, 0.0078447243546215, 0.030865947927036116, 0.012179489737667292, 0.0, 0.01248337886517627, 0.005616495020434071, 2.2475538662518053e-186, 0.0, 0.012375921413544377, 0.08703294264462136, 0.06083707259703955, 0.02989051749118652, 0.013490277244108095, 0.011400776975613638, 0.011194916843950605, 0.032380818819452525, 0.01561589601552941, 0.0, 0.010450681901358269, 0.012391503737675101, 0.012416286449214093, 0.010623900860031293, 0.06991482652728423, 4.5388279078201966e-52, 0.012274548489237636, 2.1246103695842568e-113, 0.013819490486755945, 0.048596751612623064, 0.013182933236030089, 0.009003869479029468, 1.6106513257349276e-208, 0.01867460383264297, 0.019853927802602808, 0.031617320368713425, 0.0, 0.012935053938411347, 0.016219982612334427, 0.06375233119313461, 0.0013478624695425069, 0.012029661802153013]
[0.012528363537867472, 0.07581525789524515, 1.563056807831719e-31, 0.0, 0.10833272138758, 0.0302311126634602, 0.013683491071256387, 0.011947724062580593, 0.0, 0.014601391781972199, 0.007887006136685472, 0.03090942773999846, 0.012242344228537443, 0.0, 0.012547387675481633, 0.005647591346298064, 6.11390193139741e-183, 0.0, 0.012439549541870014, 0.08665608203890658, 0.06068510683189129, 0.029937821606718085, 0.013557122586258708, 0.011460496974593816, 0.011253965540551698, 0.03241731857160984, 0.015688393746829187, 0.0, 0.01050612100109486, 0.01245515616820508, 0.012480028902994161, 0.01068005971915092, 0.06966927508580362, 5.539625182189736e-50, 0.012337733161655734, 4.639962163515159e-108, 0.013887736832364961, 0.04853147219964485, 0.013249377707717343, 0.009052284581352911, 5.161652475196938e-204, 0.018750829378005308, 0.019929100077788788, 0.03166006777806644, 0.0, 0.013000618205161595, 0.016293291093995757, 0.06357414095102157, 0.0013811354843464585, 0.012091894557647425]
[0.01253436869851377, 0.07576595981685345, 9.582176409460296e-36, 0.0, 0.10814552127027144, 0.03027169755674588, 0.01369044784434236, 0.011953205149580523, 0.0, 0.014609788385717708, 0.007889986059963208, 0.030950370591639215, 0.012248056903969504, 0.0, 0.01255337612686279, 0.0056494719450436255, 3.983346207565901e-199, 0.0, 0.012445422549462517, 0.08656174216015462, 0.06069272382777026, 0.029977483649651054, 0.01356443320588254, 0.011465501909437294, 0.01125890949424489, 0.032460112533418274, 0.015698631741438696, 0.0, 0.01051051755659752, 0.012461108867750724, 0.01248597836790551, 0.010684712392726394, 0.06964165157932942, 2.0277190167966287e-54, 0.012343547893534711, 4.502353212851863e-123, 0.013895424744734713, 0.04856934529166124, 0.013256131997080771, 0.009055850254484597, 0.0, 0.018766144451624334, 0.01994749423260844, 0.031700978564345776, 0.0, 0.013007153016601613, 0.016304721624861636, 0.06357207203096522, 0.001312451378650255, 0.012097504178892458]
[0.012453612349625257, 0.07615799798199563, 5.131538051641701e-32, 0.0, 0.10898507734724867, 0.030166973171708234, 0.01360239010646682, 0.011876207804698986, 0.0, 0.014516732760693297, 0.007841789910955204, 0.030846661601160674, 0.012169120891131492, 0.0, 0.012472491129179678, 0.005615800862719544, 2.1289861141401887e-173, 0.0, 0.012365211772020584, 0.0871033319863045, 0.06086496408317885, 0.029870756276188556, 0.013477922824961765, 0.011391782817431364, 0.011186040716602248, 0.032362797168111745, 0.015600098828068723, 0.0, 0.010443346661188384, 0.012380741281678447, 0.01240551022460671, 0.010616229745102535, 0.06997209233836052, 1.4726390357271172e-50, 0.01226402600378585, 8.363078994078407e-105, 0.013806339550502913, 0.048604543457205586, 0.013170844072192104, 0.008998995295835326, 7.79400977885446e-196, 0.018655042066386004, 0.019833564719997334, 0.03159745059380067, 0.0, 0.01292337545394715, 0.016203382964586975, 0.06378751717978567, 0.001389683267111998, 0.012019552588831474]
[0.013217299086184506, 0.07292038880172225, 1.913630696544708e-24, 0.0, 0.10168945096782556, 0.030622591150886537, 0.014376553198073037, 0.012629691679957419, 0.0, 0.015300628210697394, 0.008466659139088626, 0.031267708512767445, 0.012927859944990888, 0.0, 0.013236226396065002, 0.006114250352529674, 1.2804417903029099e-111, 0.0, 0.013127061201866913, 0.08259851149470243, 0.0591426572580992, 0.030336373514960942, 0.014256658832656683, 0.012134719632716093, 0.011922676185753017, 0.03271458307326207, 0.016387897843942508, 3.803603098014826e-188, 0.011163029899075904, 0.013142871999981234, 0.013168362201434875, 0.011341974597831976, 0.06747085513589596, 1.4374717211737293e-44, 0.013024388627570332, 4.298430213319905e-58, 0.014585984757370857, 0.04795253673122529, 0.01394414052089088, 0.009671554431518693, 2.257514414520711e-156, 0.019421912096540022, 0.02058768196798594, 0.03197384946135516, 0.0, 0.01369372160849251, 0.016991120585941006, 0.061806358478734086, 0.0018935078759304582, 0.012775702393797486]
[0.012636608851593453, 0.07535481192396562, 6.219262254502519e-32, 0.0, 0.1074102121777605, 0.030299223224661085, 0.013796081812669203, 0.012053392885570658, 0.0, 0.014716380598548592, 0.007967055618332967, 0.03097387332312392, 0.012349385594091069, 0.0, 0.012655735823340755, 0.005709002365219928, 5.71485956117812e-200, 0.0, 0.01254745292861157, 0.086044297683187, 0.060433984631538935, 0.030008740949935303, 0.013668726879632793, 0.01156382671496791, 0.01135632196471491, 0.032470701580017844, 0.015805287779791857, 0.0, 0.010604189482678593, 0.012563093740451002, 0.012588091279150358, 0.010779120561163305, 0.06928351283274661, 7.901878033234363e-50, 0.012445152036899687, 8.406290122796751e-119, 0.014000650708997746, 0.04842538332786731, 0.013360400538356161, 0.009141038149832354, 9.536932113851297e-213, 0.018869143424976257, 0.020045455949392842, 0.0317209632992426, 0.0, 0.013110700071397946, 0.01641079411807474, 0.06328317604049888, 0.0013498009544444167, 0.012198228015573073]
[0.012467479088396387, 0.07607816819689998, 2.2561577901320615e-29, 0.0, 0.10874001451048501, 0.03019340175526631, 0.013618681255234185, 0.011888966489132574, 0.0, 0.014534470512664183, 0.007847348425609555, 0.03087375806515998, 0.012182457656560843, 0.0, 0.012486413829062938, 0.005618951096633025, 6.728918161955444e-157, 0.0, 0.012378939128405098, 0.08697632008581299, 0.06084462114369838, 0.02989789836128392, 0.01349349490709969, 0.011403645171629966, 0.011197610547418982, 0.032389267161644704, 0.015619531470121543, 0.0, 0.010453379802878866, 0.01239448348823582, 0.012419293770851481, 0.010626531829271828, 0.06990496535363046, 6.72050372905215e-48, 0.012277534417850452, 5.391606988948986e-92, 0.013822690858584199, 0.04860934252622507, 0.013186086432485032, 0.009006445661616992, 3.669835049501601e-181, 0.01867922866832834, 0.019858580272797927, 0.03162590601465948, 0.0, 0.012938130651663254, 0.01622366350596716, 0.06375595171444991, 0.001453757517720934, 0.012032588515447026]
[0.013451855825008154, 0.0714856544535035, 2.9406419161451527e-21, 0.0, 0.09745406333582034, 0.03127563309221837, 0.014658771699019985, 0.012842581479275, 0.0, 0.015614547585347062, 0.008544057956254784, 0.03193518109260497, 0.013151951391067692, 0.0, 0.013471793833471418, 0.0061460643936223315, 9.073982383956089e-116, 0.0, 0.013358750099564363, 0.08030136842838885, 0.0588815078908574, 0.030996478518561042, 0.014526498035214639, 0.012330208298653594, 0.012112747273447933, 0.033382462586218555, 0.016740793552819853, 7.680661735829004e-164, 0.011323917599924679, 0.013375051186115665, 0.013401241128080235, 0.01150795094477941, 0.06629499857815604, 1.842493389333585e-37, 0.013251889493529482, 2.939715817676384e-63, 0.014871755649114434, 0.04823726346029447, 0.014206259380037578, 0.00978418336404393, 1.001357775344732e-127, 0.019886925726546486, 0.021084363762525992, 0.032666099478363075, 0.0, 0.013946168158087592, 0.01736511283860609, 0.06132023071885846, 0.001819640942801685, 0.012993976621508904]
[0.01296349869787535, 0.07374067391096888, 3.114207789510095e-23, 0.0, 0.10284690374684827, 0.030758266621986333, 0.014142510786857758, 0.012369626154461334, 0.0, 0.015078671327984114, 0.008200604844064143, 0.031429146638957614, 0.012671027150448533, 0.0, 0.012982902670206282, 0.005889070563803965, 2.1102336229055073e-109, 0.0, 0.012872642869425424, 0.08354006311008715, 0.05988292311045497, 0.0304702791323782, 0.014013744638317773, 0.01187072191018737, 0.011659445433260978, 0.03291274908403087, 0.016184925746422295, 1.527123398136912e-169, 0.010892703912402673, 0.012888660805234691, 0.012914101425394007, 0.011071482181532987, 0.06807529497502529, 8.827209467484681e-41, 0.012768521997699315, 5.685831763589454e-62, 0.014351423409141976, 0.0484592586510369, 0.01370008405231632, 0.009399866980167421, 3.532982678152302e-134, 0.019289735529483383, 0.020479695970273364, 0.03217176218150104, 0.0, 0.0134460876103854, 0.016799656749808534, 0.06254833077777704, 0.0017458000039481485, 0.012517134498979253]
[0.01499419576204513, 0.06446080952973121, 7.754243075095762e-21, 0.0, 0.08291221023642979, 0.03250674543140074, 0.016260380196128237, 0.014348761184985553, 3.6113222262965603e-205, 0.017258321074991596, 0.009707349497515299, 0.0331147051778329, 0.014676897257659985, 0.0, 0.015014919371893835, 0.0070701751610342855, 5.252498173256772e-57, 0.0, 0.0148954662839511, 0.07078880835899505, 0.055277039521102425, 0.03225686878644215, 0.016118215018638218, 0.013802182586976285, 0.013577100853279941, 0.03442012471001934, 0.018422953120231806, 9.912251068351468e-114, 0.012726141637761992, 0.014913828337450804, 0.01494090735229422, 0.012927305796003236, 0.060522923233539666, 2.001756076485784e-35, 0.014782185779386933, 6.66258142399292e-43, 0.016487074733651005, 0.04696490449401081, 0.015789250367979898, 0.011063313466251438, 6.194855563521361e-84, 0.02161657322443719, 0.022812973268434032, 0.03379084997685351, 7.158067019894832e-151, 0.015516359614453483, 0.0190650090294007, 0.05707402512168124, 0.002612616220634089, 0.014509529026252924]
[0.0130099002319735, 0.07376897651440294, 1.6179383486952663e-29, 0.0, 0.10394936717172511, 0.030464241102357743, 0.01416756075294852, 0.012424746998675842, 0.0, 0.015088862286109122, 0.008296259777436102, 0.031119664654390734, 0.012721686849281356, 0.0, 0.013028845287553435, 0.005983364528597304, 5.808745843361274e-83, 0.0, 0.012920167991420366, 0.08386911598756779, 0.05954667812678274, 0.030178181221676842, 0.014044476678741086, 0.01193232796964865, 0.011723018396089496, 0.032580487275647885, 0.016174967954686866, 1.837371409031479e-175, 0.010966603522701733, 0.012936017549041473, 0.012961204104352024, 0.011144166930589375, 0.06805230790252284, 1.2669040345942033e-50, 0.012817761897204231, 3.3797724026462966e-54, 0.014375083926410225, 0.04804726822326425, 0.013734636640996443, 0.009487977413271481, 2.0202247554512188e-142, 0.019214326661222445, 0.020380976871545678, 0.03184156223423712, 0.0, 0.013484894000915437, 0.01677803938954314, 0.062278211864130746, 0.001935933485984797, 0.012570129475737974]
[0.012466267578338923, 0.07608426816447351, 1.8105148226338058e-33, 0.0, 0.10886990394945861, 0.030186103792707, 0.01361769321964702, 0.011887707401393301, 0.0, 0.014533320969681796, 0.007845438849782508, 0.03086636562793826, 0.012181240562073366, 0.0, 0.01248522364362303, 0.005616913272032829, 6.309131091356587e-166, 0.0, 0.012377749550622472, 0.0870127427892067, 0.06083025813995416, 0.029890965616986214, 0.013492145336130992, 0.011402379928054537, 0.01119635131576295, 0.03238093167293577, 0.01561823252326794, 0.0, 0.010451949930161476, 0.012393273944633642, 0.012418086864866115, 0.010625039561560695, 0.06989727257515231, 9.13597935374555e-53, 0.012276314433519401, 6.506836754078514e-101, 0.013821474130868936, 0.04859171112287003, 0.013184919156198013, 0.009004772271404548, 8.539271335299381e-200, 0.018677665708970653, 0.019856541180748727, 0.03161866737377111, 0.0, 0.012936933794124637, 0.01622225467288182, 0.06374330954134838, 0.0014062676770283879, 0.012031342013337536]
[0.013695897281888737, 0.0704447784305431, 1.1063133435729714e-20, 0.0, 0.09520821815013537, 0.03144245174966179, 0.014913730230272537, 0.013080433218715552, 0.0, 0.015875354758666037, 0.008722748188288536, 0.0320944325945082, 0.013393109202592839, 0.0, 0.013716161536399716, 0.00627920996475262, 2.7781226058543924e-130, 0.0, 0.013602036224409574, 0.07888106556799691, 0.05833427842272312, 0.03116990514659534, 0.014779545552016958, 0.012562776271836988, 0.012341600940382232, 0.03351789557167715, 0.01700646788567893, 1.49345790507664e-171, 0.011543912895898597, 0.013618155697136371, 0.013644819532729426, 0.011729658801557952, 0.06544354385622049, 2.5356551374924453e-36, 0.01349400625331964, 2.336302802939586e-69, 0.0151267192417512, 0.0480211151229011, 0.014456951521907579, 0.009982429828674115, 2.1546084041002223e-132, 0.020159322187211302, 0.021352632099673998, 0.03281790910599237, 0.0, 0.014194429448827369, 0.017632252272505138, 0.06068164813187708, 0.0018050088358532552, 0.013233388122084295]
[0.013013863066314349, 0.07366518515262294, 1.799806057496459e-24, 0.0, 0.10313750958240771, 0.030591385756930482, 0.014173331113578143, 0.012427383093371087, 0.0, 0.015099611596686447, 0.008295245411289022, 0.031248169327930928, 0.012724807706473436, 0.0, 0.01303264070957235, 0.005982948760213597, 1.05335789192009e-73, 0.0, 0.012923628671129873, 0.08356603207740443, 0.05963694721301808, 0.03030115680832646, 0.014052788845309151, 0.011933504166406568, 0.011724401337075308, 0.032718109497436296, 0.016191791447751378, 1.4518963104184188e-153, 0.0109668534522937, 0.012939867698570516, 0.012964980938871166, 0.011145609989827797, 0.06804360400086717, 1.416248226782513e-44, 0.01282119294496792, 7.565400556046665e-46, 0.014384201527477531, 0.048216265098487844, 0.01374065594172395, 0.009487203052485954, 2.7606147229987e-124, 0.019246584869844076, 0.02042410210357835, 0.031969342396767714, 3.191713356516243e-202, 0.013490423887641285, 0.016798863203744685, 0.06234144175958324, 0.0020052711928501277, 0.012573094453291798]
[0.012708092215149451, 0.07501798074172582, 2.505846746128484e-27, 0.0, 0.10638728616070486, 0.03034620451859728, 0.013863052403660125, 0.012126225958426256, 0.0, 0.01478246203222646, 0.008045137023769047, 0.031016583949098824, 0.012421427705298761, 0.0, 0.012727014216907433, 0.005780626629276413, 2.7213706600472607e-98, 0.0, 0.012618921407037829, 0.08550747931552208, 0.060293335487731, 0.030054149621931016, 0.01373877467744959, 0.011637370835484618, 0.011430127018121041, 0.032510383882501305, 0.01586957334987971, 2.252141371809776e-179, 0.010679908418054182, 0.012634699072539777, 0.012659641515184459, 0.010855270302673265, 0.06906535480711229, 3.4071768847117774e-47, 0.012517016150031618, 2.009955717420217e-59, 0.014069201603530873, 0.048403839542409795, 0.013430064468812994, 0.009218688823660953, 4.381561905753365e-145, 0.01892494213863929, 0.020101266305923363, 0.0317564869140791, 0.0, 0.01318113924738972, 0.016474284628352952, 0.06311517919829077, 0.0017600758687442938, 0.012270731706613617]
[0.012535411965858305, 0.07576226452018843, 1.8838886167038177e-35, 0.0, 0.10814255483441972, 0.03027114508288449, 0.013691480934983133, 0.011954240411260374, 0.0, 0.0146108086197452, 0.007890847050854084, 0.030949726680158524, 0.012249096214788063, 0.0, 0.012554414002492553, 0.005650187672672162, 7.959115052180881e-198, 0.0, 0.012446461684270783, 0.08655806421505802, 0.060689228121322325, 0.02997696715312034, 0.013565467305955986, 0.011466524534721299, 0.011259939165768585, 0.032459264790968494, 0.015699618810380494, 0.0, 0.010511515783764849, 0.012462149226732281, 0.0124870184868165, 0.010685724215776071, 0.06963832746981191, 4.920581357859255e-54, 0.012344586759805128, 4.050641333701692e-122, 0.01389646226828651, 0.04856673731587031, 0.013257176987163386, 0.00905678504453958, 0.0, 0.018766935259404836, 0.01994819145810552, 0.03170023169900532, 0.0, 0.013008197335043022, 0.016305681997987116, 0.06356851949436189, 0.0013135021174420147, 0.012098543153493168]
[0.012813081981799701, 0.07448593352099177, 4.5559620681881366e-35, 0.0, 0.10511279945482106, 0.03053414042870318, 0.013979824848871166, 0.012224972389120856, 0.0, 0.014908864652088271, 0.00809936624971006, 0.03120200377644129, 0.01252330836670594, 0.0, 0.012832148647196862, 0.005812253663251607, 1.1693519654500335e-151, 0.0, 0.012722888040478704, 0.08473021086026145, 0.06007844646296915, 0.03024285713652462, 0.013854902615243093, 0.011730667739076406, 0.011521439594054862, 0.03268930957000602, 0.01600669298331768, 0.0, 0.010762858889641713, 0.01273894543616851, 0.012764096795355187, 0.010940403868221283, 0.06867571037814979, 1.0185025162592041e-55, 0.01261995033899926, 5.686355500752773e-91, 0.014188735309643027, 0.04840909159592146, 0.013542712242835903, 0.009285634905082087, 1.8501981045640917e-204, 0.01908689664754158, 0.020271695544569316, 0.0319383976874397, 0.0, 0.013291243637442381, 0.016617134368568154, 0.06284341539374569, 0.0015459188046169298, 0.012371045026849402]
[0.012547480874479355, 0.07570722432532866, 4.181793102685741e-36, 0.0, 0.10799590411186986, 0.030285118175956017, 0.013704134102343123, 0.011966006926656583, 0.0, 0.014623807854263836, 0.007899904720517388, 0.030963558187374337, 0.012261025391162356, 0.0, 0.012566502826458695, 0.005656987816453867, 1.9921725662056034e-197, 0.0, 0.012458499227785389, 0.08647519601540049, 0.0606683590306763, 0.029991111952929563, 0.013578020403695407, 0.011478051197965047, 0.01127124654889442, 0.03247251470948777, 0.015712991927283305, 0.0, 0.010522449229648512, 0.012474168417449484, 0.012499065121201485, 0.0106967060914635, 0.06959580747640064, 8.37139960797131e-55, 0.012356563914770888, 1.0388244426196249e-122, 0.013909105099744435, 0.04856514091041307, 0.01326958500904398, 0.00906672510285979, 0.0, 0.01878131256753224, 0.019962754799366635, 0.03171393453243567, 0.0, 0.013020475756885853, 0.01631923062609045, 0.06354160045314015, 0.0013113446638552244, 0.012110383745692151]
[0.017889627685382607, 0.05160038216210331, 7.433101102607435e-13, 0.0, 0.0577636106552202, 0.03445926886206319, 0.01925832595711156, 0.017180512001977667, 1.6638049288362543e-88, 0.020324235507573972, 0.011912063966985588, 0.03496360716899869, 0.017541956463509922, 0.0, 0.017912265012049244, 0.00879634396462665, 1.0434921774415781e-14, 2.5045907926711975e-188, 0.017781491859431533, 0.05384180985466528, 0.048225477223809765, 0.034280761903250245, 0.019104124076435917, 0.016574988830345857, 0.016324472680459848, 0.03597064837892282, 0.021544739852078457, 5.886735234589427e-70, 0.015371587257102276, 0.01780133003977252, 0.0178315276607287, 0.015599813995845629, 0.049695765640170544, 1.2873734897382868e-23, 0.017656957989356816, 8.344023335471873e-36, 0.019501892442025954, 0.04402256264794149, 0.01875380832599428, 0.013481236492280033, 1.1402725374228817e-36, 0.024789219975406496, 0.025953976361339004, 0.03553356392026294, 1.6214105527021546e-59, 0.018457970907670266, 0.022207761162866192, 0.048900809616367405, 0.003831868634972377, 0.017357632554548683]
[0.012535122644266643, 0.07577636275354326, 8.206372636156163e-36, 0.0, 0.10815885170647231, 0.030255149202470716, 0.013690271878686724, 0.011954538778213585, 0.0, 0.014608247561991574, 0.007894379677730141, 0.030933947750329146, 0.012249138385602673, 0.0, 0.012554167906015877, 0.005653326591721323, 1.206374744069702e-180, 0.0, 0.012446337417145967, 0.08657696723000456, 0.06069133062482621, 0.029961351563819075, 0.013564030545961113, 0.011467476613089913, 0.011260555404784949, 0.03244338747117429, 0.01569553926959137, 0.0, 0.010513185115488507, 0.012461866836907236, 0.01248678997724021, 0.010686884856415063, 0.06964837966812584, 5.264528610410334e-55, 0.012344524782524294, 2.334632275155173e-112, 0.013894354625445648, 0.04855773138034516, 0.01325607769683593, 0.009059510352442313, 2.6616684711347104e-213, 0.01875997775961153, 0.019939462851258565, 0.03168489139819134, 0.0, 0.013007283059014552, 0.016300662035453013, 0.06357310498235934, 0.001356147548807657, 0.012098683947082347]
[0.014576167956943203, 0.0675223622050991, 3.660474240102732e-37, 0.0, 0.09210868379979109, 0.0309237627419576, 0.015759343581056073, 0.013974148281245926, 0.0, 0.01667294324417625, 0.009580646127111295, 0.03152375169886741, 0.014281497564853108, 0.0, 0.014597073024519507, 0.007002511979607702, 2.7728879114024423e-112, 0.0, 0.014486107037366238, 0.07579404893905053, 0.05583526882623578, 0.030683787526084395, 0.015616830910915286, 0.013467520702620058, 0.013243440599472711, 0.03281602903865509, 0.017738132482032737, 4.916146463467738e-209, 0.01245243463076448, 0.014499464264933067, 0.014526826960848477, 0.012632821882203573, 0.06271797428155779, 1.2974005689145234e-56, 0.014379295038986382, 2.7407559139364946e-81, 0.015951302068174883, 0.046134266600842404, 0.01531366173038242, 0.010875298811016263, 1.5939737044582012e-163, 0.020687242914489052, 0.02177463500189905, 0.03219372504129063, 0.0, 0.01505824962509962, 0.01832190697749278, 0.05808096759661625, 0.0020719187756066473, 0.014123949325540583]
[0.013981701637616608, 0.06989109276578803, 3.5753677790879133e-37, 0.0, 0.09680349562283909, 0.03074145788848138, 0.015165540145662654, 0.013382191384085772, 0.0, 0.0160846878180089, 0.009064215562240517, 0.031367394049088296, 0.013687805582838922, 0.0, 0.014002329558860504, 0.006580792066739916, 9.632248721359828e-101, 0.0, 0.013891625679045835, 0.07892038066636466, 0.05722442760017677, 0.030490170747143757, 0.015024807246600087, 0.012878455230832789, 0.01265783021400983, 0.0327188313256827, 0.01716126608693794, 4.8002599916673735e-206, 0.011874963047387221, 0.013905509210914496, 0.013932371713835306, 0.012053886461901673, 0.06465270335292209, 3.89615361707719e-58, 0.013785500074542543, 2.0350143808980025e-72, 0.015360195091933681, 0.04680348314394715, 0.01471900004347281, 0.010325893676689811, 8.402089913195332e-165, 0.020158785834847173, 0.02127272441500548, 0.03206766306056063, 0.0, 0.014463762474568766, 0.01775333183404383, 0.05964643014158531, 0.0019720345494658033, 0.013531262814986875]
[0.013064535057740453, 0.07356036976987758, 9.351575186937294e-36, 0.0, 0.1036433044187083, 0.030496279167478924, 0.014232151948484855, 0.012475593500329327, 0.0, 0.015154953108912465, 0.008316483567656812, 0.031154790297754316, 0.012774779608224691, 0.0, 0.013084028028379036, 0.005986491709919731, 1.6091628583929357e-116, 0.0, 0.01297479421781995, 0.08362753985657653, 0.05943215293217298, 0.03021622206759601, 0.014103136501681096, 0.01198092631637043, 0.011768627575369148, 0.03260844007684548, 0.016243177803484624, 0.0, 0.01100731884320068, 0.012990008015976483, 0.013015639449223532, 0.011184018497628815, 0.06781936327457513, 3.677163274076577e-57, 0.012871352676631807, 1.751534661365852e-75, 0.014435553300712818, 0.04797403032392993, 0.013793495335466723, 0.009517193029556933, 2.148383001272953e-179, 0.019293643547542576, 0.020455635200097334, 0.03188439037049749, 0.0, 0.013541806269962797, 0.0168464201067711, 0.06213760187356168, 0.0017118598214800943, 0.012621892381860098]
[0.012534395599359422, 0.07576884442076634, 5.931689758142055e-35, 0.0, 0.10817294793852149, 0.030266723422142115, 0.01369034244408251, 0.011953277191541883, 0.0, 0.01460957070288851, 0.00789014592317309, 0.030945198665663205, 0.012248105755719633, 0.0, 0.012553396331200352, 0.0056497443727323475, 3.9772856012236956e-197, 0.0, 0.012445453755536427, 0.08657155765653358, 0.060687979647983004, 0.029972603952083465, 0.01356433189731251, 0.011465587599221172, 0.011259059912485554, 0.032454507066183795, 0.015698231567474522, 0.0, 0.01051065561320626, 0.012461147158234367, 0.012486008998776608, 0.010684876810778171, 0.06964215630097269, 2.0299146428367317e-53, 0.012343587593185478, 3.3677387013232316e-121, 0.013895323734290178, 0.048562244080854855, 0.013256094519626144, 0.009056022588616163, 0.0, 0.018765001636705917, 0.019946009683286907, 0.03169560175086708, 0.0, 0.013007143417750035, 0.016304207651717865, 0.06356857120890903, 0.0013157742552399856, 0.012097567019682096]
[0.012496421148386156, 0.07598800634535262, 8.116998901692646e-34, 0.0, 0.10866500844507482, 0.030178957541056366, 0.01364567086708851, 0.011918694087982861, 0.0, 0.014559556158796809, 0.007877880471295269, 0.030857180064340278, 0.012211827814343492, 0.0, 0.012515361208514767, 0.005644383748388057, 2.251199258582442e-170, 0.0, 0.012408045662397133, 0.08688396620908737, 0.06076406688705624, 0.029883979105554532, 0.013520699862978103, 0.011434041508127381, 0.011227775182482844, 0.03236885705569577, 0.015642098287153423, 0.0, 0.010484444115647418, 0.01242346642819762, 0.012448313369727232, 0.010657272633826867, 0.0698267731449205, 1.0440046310772146e-52, 0.012306758043623916, 2.0156967531935028e-105, 0.013849025292029098, 0.04855271218440669, 0.013213816146178262, 0.009037678567981093, 6.701521812269811e-199, 0.01869426567304125, 0.019870498648313834, 0.03160658264566137, 0.0, 0.01296623264067432, 0.016244714010610447, 0.0636733233969598, 0.0013895230591190679, 0.012062122191779438]
[0.0357034318909172, 0.0024966539567390245, 4.2111163637153e-06, 0.0, 0.001157134397707181, 0.014550033705436415, 0.03486407600157482, 0.03609942147263436, 1.627113967375468e-125, 0.03351423811047583, 0.03512885424470115, 0.01423873031518243, 0.03595549749775332, 0.0, 0.03574492933162327, 0.030002945740203693, 1.7037291595638538e-61, 2.477443974378486e-152, 0.035841163797259656, 0.0018783772619975956, 0.004145692829860282, 0.014927205519609299, 0.03444515551129527, 0.03651119453466856, 0.03625970413960686, 0.013205853742455542, 0.03186239970483114, 1.4597200674845592e-27, 0.03661591617465434, 0.0357105205997859, 0.035758706647187305, 0.03630343732206527, 0.0028262317415750395, 0.0016416968140180717, 0.03585690865143901, 7.124675982818177e-06, 0.034061879018928085, 0.006313308411197261, 0.03502943060778284, 0.03618674879259309, 4.1001995262348885e-33, 0.027961510504828518, 0.025943148730723384, 0.014004796610535877, 4.6700657801154795e-73, 0.035194000762782576, 0.030858175259965013, 0.0037082145837572015, 0.011481379107012551, 0.03599995818806387]
[0.01253869115939704, 0.07574777683272035, 2.0662036164644246e-35, 0.0, 0.10810710277088881, 0.030274133240750005, 0.013694884247512919, 0.0119574527952335, 0.0, 0.014614284770125358, 0.007893372585877466, 0.030952632886787703, 0.012252345044924905, 0.0, 0.012557698702724114, 0.005652127780867601, 1.1132778120744628e-196, 0.0, 0.012449736546549586, 0.08653710511498755, 0.06068274555270813, 0.029980005228944673, 0.013568852897522882, 0.011469676987227931, 0.011263045282570827, 0.032461940304876216, 0.01570316194122377, 0.0, 0.010514525040413746, 0.012465420486637424, 0.012490293668277613, 0.010688752430531813, 0.06962702554936051, 5.898180634053109e-54, 0.012347845575122765, 1.5396509885103888e-121, 0.013899870968923447, 0.048565188016319365, 0.013260533816691886, 0.009059542920310566, 0.0, 0.018770608884264864, 0.019951864405938498, 0.031703043319333955, 0.0, 0.013011525700221174, 0.01630925437169229, 0.06356061876307285, 0.0013135427028452646, 0.01210177055080678]
[0.012548649017360788, 0.07570244006223831, 6.055217169631929e-36, 0.0, 0.10798675225967587, 0.03028554722704725, 0.013705324504837947, 0.011967160035505336, 0.0, 0.014625006639017698, 0.00790084319475457, 0.030963928109933734, 0.012262188626368709, 0.0, 0.012567674779820206, 0.005657737026622744, 2.0093587235237672e-196, 0.0, 0.012459665181868864, 0.0864689737619308, 0.06066542235712425, 0.029991561275123493, 0.013579207426011895, 0.011479188079647555, 0.011272377574165281, 0.0324727504521892, 0.015714191599300376, 0.0, 0.010523547367447227, 0.012475337437150224, 0.01250023370514408, 0.010697812846037196, 0.06959192806265886, 1.3838854244315664e-54, 0.012357728470320089, 4.7207801074750463e-122, 0.013910300668355783, 0.048563698507897705, 0.013270771535261211, 0.009067742469755126, 0.0, 0.018782451890847564, 0.019963852333470575, 0.031714230873872276, 0.0, 0.01302165585309099, 0.016320423646658026, 0.06353833143269019, 0.0013118231154631852, 0.01211154043827064]
[0.009783586154334126, 6.074597296393532e-05, 8.446751218477085e-10, 0.0, 1.584910472172868e-05, 0.0014128810890123298, 0.008867412598826669, 0.010282357053639977, 3.4178611625758025e-59, 0.00798592701628425, 0.013082963755231408, 0.001348305553247543, 0.010048824615954242, 0.0, 0.009790649546082606, 0.012676609575047649, 3.01328795728e-33, 1.4847299654090585e-74, 0.009889651318427693, 3.6925638491257285e-05, 0.00014543392264822582, 0.0014760096376890373, 0.008772990498021972, 0.010768958584488128, 0.010776604460004812, 0.0011705889719441235, 0.007037773687113691, 1.6441417466021996e-16, 0.011483043964209929, 0.00982446509791607, 0.00983295334523288, 0.01120446667591519, 7.701834324215422e-05, 0.7392629425316625, 0.009952972260978054, 3.8270445061428415e-11, 0.008473430658167901, 0.0003087901649747592, 0.009139645395639162, 0.012480448157062741, 5.803865958877632e-27, 0.005111090567363536, 0.004383779246039963, 0.0012939530765134668, 1.2216982508268956e-26, 0.009326770934362856, 0.006531583735786953, 0.00012028834026557949, 0.005607182244700492, 0.01015412361752481]
[0.016349842900846973, 0.05971282813269997, 1.6104933091396786e-30, 0.0, 0.07452154777585647, 0.03215695013956851, 0.017477580043310494, 0.01574855632549282, 0.0, 0.0184206292330739, 0.011247477268439065, 0.03261926002165976, 0.01605219156925238, 0.0, 0.01636561397541841, 0.008422407768415184, 5.479124152304014e-84, 0.0, 0.01625305080834708, 0.06481973541478599, 0.05157252807994011, 0.03189176932257164, 0.017416800499960097, 0.015228342864894271, 0.015004523707172155, 0.033762461316778604, 0.0194937834272781, 1.773718480894845e-192, 0.014213631806932707, 0.016272848471041, 0.016299126066126955, 0.014420734075229306, 0.05721768333956576, 3.8888917337615385e-55, 0.0161514923044443, 6.627511842702816e-42, 0.01773070504605662, 0.04479027191636979, 0.01708220469138959, 0.01259893594527607, 1.2361695139299495e-167, 0.022319452580858348, 0.023433074935482412, 0.033075021653304844, 0.0, 0.016833924389238284, 0.020084623017065633, 0.053275859259186056, 0.0037639149965795534, 0.015898614608946107]
[0.016349567610519065, 0.05971404239807688, 1.662527866797929e-30, 0.0, 0.07452430952917886, 0.032156729448443507, 0.017477300807763857, 0.0157482855249083, 0.0, 0.018420343457422324, 0.011247255413834542, 0.032619053894198696, 0.016051918447880842, 0.0, 0.01636533868220982, 0.008422232429067774, 6.029711237642802e-84, 0.0, 0.016252776815546065, 0.06482145246151559, 0.051573151740140113, 0.03189154835839826, 0.017416517202519625, 0.015228076646115998, 0.01500425912908857, 0.03376227880861091, 0.01949349231999691, 2.2436984619251272e-192, 0.01421337464838794, 0.016272573885817432, 0.01629885112345677, 0.014420473364941204, 0.05721857539687386, 4.0956725507063614e-55, 0.016151218572601073, 6.9251161302843e-42, 0.017730420582118597, 0.04479045410671338, 0.017081924648878425, 0.012598696387697643, 1.5132684225053269e-167, 0.022319163482645062, 0.023432784080414677, 0.033074837117732216, 0.0, 0.016833645585812514, 0.020084330176789483, 0.05327658228816059, 0.0037638200283869735, 0.015898343095995773]
[0.013976267512052252, 0.06933412433917549, 3.027075619584161e-24, 0.0, 0.09410845327688347, 0.03133754220202501, 0.015181168274467884, 0.013364884685548343, 0.0, 0.016132311026316466, 0.009000979464825202, 0.03197055935085131, 0.013675612136391275, 0.0, 0.013996145600673093, 0.006534289020311097, 5.957748161149624e-56, 0.0, 0.0138828948001019, 0.07769672586466683, 0.05745919903044136, 0.03107177176508328, 0.015046408571427665, 0.01284890008192708, 0.012633060669579912, 0.033352208849690174, 0.01724785010413656, 1.500628290480525e-130, 0.011833331057485227, 0.01389966018814659, 0.01392568493249815, 0.012021040093560203, 0.06440194407338706, 5.5982449334002777e-42, 0.013775530821961686, 2.537290943815818e-44, 0.015394567859955507, 0.04742363792695542, 0.014731008234705736, 0.01027006343715109, 1.857539105305155e-99, 0.02034047704221593, 0.021510129477845117, 0.03267335515513994, 1.0416489442519124e-165, 0.014471316582727677, 0.017864694066180672, 0.05975119856887159, 0.002344006638529526, 0.013516997038536123]
[0.013347114929980568, 0.072359602614534, 9.073552115195045e-36, 0.0, 0.10112521763013177, 0.03065166379576148, 0.014520075107774338, 0.01275381112348922, 0.0, 0.015447008707565857, 0.008543926618578744, 0.03129760252295775, 0.013055259077895587, 0.0, 0.013366667223581407, 0.0061676438601380185, 1.6551749162406806e-100, 0.0, 0.013256640028643542, 0.082005074114907, 0.05876412375783208, 0.03037682940577487, 0.014391920784194065, 0.012254772486289056, 0.012040168227131661, 0.03272286334366418, 0.016537254429401294, 3.0582539443120406e-208, 0.01127162654206135, 0.01327197411497629, 0.013297874357272312, 0.01145071348562647, 0.06685933355158684, 7.538314801815839e-58, 0.0131525132466684, 7.953396629399272e-67, 0.014725312144322038, 0.04769243670898909, 0.014080375537529357, 0.009762940893434595, 1.74967483877558e-170, 0.01958140109332632, 0.020737690156377192, 0.032012050799086256, 0.0, 0.013827331764232335, 0.017140653143970768, 0.061374726693784076, 0.0018745605646786206, 0.01290124525431638]
[0.012737498508907279, 0.0749513890468483, 5.765990572275482e-36, 0.0, 0.10651268872132058, 0.03032412256135013, 0.013897062928727692, 0.012154178892782514, 0.0, 0.014815166308029891, 0.00805781947515166, 0.030995921366669527, 0.012450380879461105, 0.0, 0.012756808777311321, 0.00578192017479469, 3.9578064038764084e-148, 0.0, 0.012648561622967442, 0.0854922190497424, 0.06021092821807831, 0.03003659839601381, 0.01376869450236737, 0.011664846306754094, 0.011455491051315853, 0.032483418385840214, 0.015900963122800534, 0.0, 0.010703473718443338, 0.0126637520379272, 0.012689017281356456, 0.010877654348308336, 0.06895217274377044, 4.025149656177847e-56, 0.012546111144867506, 5.553677538887767e-94, 0.014099394924356318, 0.04831579713246463, 0.013460816188134932, 0.00923631749886291, 9.695566638154513e-196, 0.0189569782282405, 0.020127008082365762, 0.03174036066399731, 0.0, 0.013211019926091033, 0.016504165078345883, 0.06302784955417111, 0.001492409382041262, 0.01229902362276935]
[0.01259445127402205, 0.07557720753735049, 3.1179470867701e-32, 0.0, 0.10785303617359196, 0.03021237648648206, 0.013745794878714584, 0.012015432083141887, 0.0, 0.014659728701638631, 0.007957559303834866, 0.030887350481476318, 0.012309323223594654, 0.0, 0.012613505759960536, 0.005708503249817804, 2.396374790070729e-140, 0.0, 0.012505998641186044, 0.0863445066709914, 0.06052765587688549, 0.029920428577084848, 0.013619563161294104, 0.011529657987001958, 0.011322577588591353, 0.03238841035643391, 0.015741573518781433, 0.0, 0.01057675555175496, 0.012521313441942981, 0.012546281109799245, 0.010749922583437222, 0.06947703525987241, 1.4446103463709556e-51, 0.012404402716772655, 4.432734390828833e-87, 0.01394841709802371, 0.048434179804660235, 0.013312991139197202, 0.009123695752164354, 4.549560733966438e-178, 0.018789558394159224, 0.019961284880164992, 0.03163393335115905, 0.0, 0.013064957249565128, 0.0163433276273915, 0.06340381043225107, 0.0015142950438517492, 0.01215919689028249]
[0.015176675603474084, 0.06391285179158077, 7.572846694469411e-24, 0.0, 0.08223586413269023, 0.03238041568226135, 0.01642364462068802, 0.014538287918965668, 0.0, 0.017408781421458932, 0.009915695465382344, 0.03296884351736234, 0.0148628596975352, 0.0, 0.015197015516905736, 0.007251156668054752, 4.51457994098002e-81, 0.0, 0.015078844760611772, 0.070178132964991, 0.05475534807970137, 0.03213031583321769, 0.016287864006818257, 0.013996786735179689, 0.013771904395347692, 0.03424918996095738, 0.018555341137284277, 7.614657623107664e-135, 0.01292909962904677, 0.015096918330440301, 0.015123956392081587, 0.013129367056331904, 0.06013091887405834, 1.868250546184517e-38, 0.014966988801333393, 6.165413929798516e-55, 0.01664959284601573, 0.046599323476113966, 0.015961523274180694, 0.011272470892644389, 8.348118484898598e-101, 0.021687432299655522, 0.022864055921865408, 0.033616684623508454, 3.4848285406206673e-190, 0.015692266697927778, 0.019186949170054177, 0.05655865158017883, 0.00256063431867465, 0.014697345693129775]
[0.013697736257189936, 0.07095046752854431, 3.423996643604992e-23, 0.0, 0.09774259942977319, 0.030829459171029906, 0.014866865234462439, 0.013103279584732497, 0.0, 0.015793484161602315, 0.008851462819403685, 0.03145624527419169, 0.013405295056502734, 0.0, 0.013717091215205153, 0.006416636142308774, 2.5061086254324048e-120, 0.0, 0.01360682040449282, 0.07999144867931222, 0.05801822946514591, 0.03055519437607048, 0.014743899029266224, 0.012602064783529555, 0.012385407963313921, 0.032853536103867105, 0.016879600548973177, 2.110715116252121e-191, 0.011613490201042785, 0.013622269378838654, 0.01364837756756414, 0.011794789964341407, 0.06583590041427344, 1.2217669888010066e-42, 0.013502741892459485, 3.5732558230920664e-60, 0.015074916929452103, 0.04742716240495108, 0.014430801689293863, 0.010089264492077185, 1.7035433548085155e-159, 0.019896151886179193, 0.021044645810480673, 0.03214299875296817, 0.0, 0.014178089017191213, 0.01748007108977138, 0.06052496495002177, 0.0019754702598856182, 0.013251069907038535]
[0.012547321676309607, 0.0757089086745968, 1.1436638274621253e-35, 0.0, 0.10800678260769998, 0.03028329385205975, 0.013703893577673735, 0.011965875002503169, 0.0, 0.014623522990783601, 0.0078999061234977, 0.030961655229637654, 0.012260879067096766, 0.0, 0.012566340906780863, 0.005657076145233284, 1.8332212245298048e-195, 0.0, 0.012458341378956265, 0.08647946149901718, 0.06066700271335543, 0.029989297024838844, 0.013577801542263734, 0.011477935840692299, 0.011271161506131812, 0.032470477812373964, 0.01571263270290951, 0.0, 0.010522379405664008, 0.0124740144875834, 0.012498910141329499, 0.01069664536209633, 0.06959685256574505, 3.1374058537115407e-54, 0.012356412182145251, 2.8040748996796836e-121, 0.013908881884646989, 0.04856290384845891, 0.01326938955878613, 0.009066701850800083, 0.0, 0.018780655112065895, 0.019961993521885393, 0.03171191405834493, 0.0, 0.013020294559620364, 0.016318833051207664, 0.06354078025703845, 0.0013126238493718593, 0.0121102462737555]
[0.013075423463777427, 0.07345983158412146, 2.9186870683368906e-22, 0.0, 0.10256712440416241, 0.03060971634367594, 0.014236140634323654, 0.012488230092387942, 0.0, 0.015161572667642176, 0.008343579233931435, 0.03126443819316216, 0.012786135314413223, 0.0, 0.013094373285239035, 0.0060154419812973575, 1.5261440203513684e-91, 0.0, 0.012985265127308842, 0.08326156965030601, 0.05952593677271863, 0.030321137232344277, 0.014115156626213736, 0.011994037952789166, 0.011782849637267914, 0.03272916547481353, 0.01625223124849175, 3.4380405262730236e-162, 0.01102487823926654, 0.013001110960366349, 0.01302650325536341, 0.01120310857309141, 0.06789627873215107, 9.165752151328634e-42, 0.012882626884895693, 4.981916313066642e-49, 0.014445369957853022, 0.04816633234035934, 0.013802563538532498, 0.00954029430692163, 9.596628254750724e-134, 0.019303087880185744, 0.0204765060125294, 0.03198304459551233, 0.0, 0.013551979082369625, 0.01685789574256609, 0.062216173466794464, 0.0019187860612689819, 0.012634103306849392]
[0.012480851688519007, 0.07604117509545436, 6.911494943209702e-33, 0.0, 0.1087528019910681, 0.030189872223327693, 0.013630699853206068, 0.01190273391391076, 0.0, 0.014545984579592131, 0.007861556025144933, 0.030868392860060708, 0.012196005705048947, 0.0, 0.012499735205365138, 0.005630707698404478, 2.2677230348031072e-185, 0.0, 0.012392322395669628, 0.08694721104634066, 0.060802575208950584, 0.029894044532920657, 0.01350630258387512, 0.011417615054422146, 0.011211660914178133, 0.0323819533141752, 0.015630189472892003, 0.0, 0.010467825634498685, 0.012407899622189439, 0.01243269061718633, 0.010641077026532168, 0.06987775607161388, 4.5324804288489e-51, 0.01229102587648151, 3.466099726983988e-113, 0.013835056833299839, 0.04858293319887733, 0.01319888006857248, 0.009021036516452969, 1.5771745085170862e-203, 0.018686069922648235, 0.01986478720914146, 0.031617741178389135, 0.0, 0.012951167566150786, 0.01623387755483067, 0.0637149961199237, 0.0013445230715029997, 0.012046264398654898]
[0.014120915107671106, 0.06892870030044826, 2.0088300254390647e-16, 0.0, 0.09248943129982568, 0.031363340462167856, 0.015327261817318706, 0.013508771795392295, 0.0, 0.016274197865307424, 0.009120660461226938, 0.031993270536797395, 0.01382022466303126, 0.0, 0.014141388845745, 0.006605705334567128, 1.1469452636887525e-85, 0.0, 0.01402804537930277, 0.07699505129132081, 0.057283511822509285, 0.031102782567352112, 0.015193746911739891, 0.012993630370403813, 0.012768497930104997, 0.03336547678724088, 0.017383221603681998, 1.3576244489869817e-136, 0.011972892269601389, 0.014043008063571213, 0.014070257585724022, 0.012157388582576954, 0.06414074458935806, 9.383032746110037e-34, 0.013920380422247098, 4.998192201044378e-41, 0.015534005517918038, 0.047346021887071515, 0.014874832289896757, 0.010399054689331685, 1.8358062503202204e-112, 0.020463955072660894, 0.021620096572584437, 0.032691808943437164, 1.4800617339722266e-195, 0.014614333435450422, 0.017994321903915218, 0.05954602049158405, 0.0021420967753600162, 0.013660947597829551]
[0.013077642971396948, 0.07351053561279332, 7.822945148775969e-34, 0.0, 0.10356708029616765, 0.030484972658193304, 0.014242225908524907, 0.01248968509726143, 0.0, 0.01516424800523724, 0.008335698034004394, 0.031140812875217423, 0.012788296119312918, 0.0, 0.013096984751256164, 0.006005924775554916, 8.426971098523389e-103, 0.0, 0.012987897965473798, 0.08356711107252432, 0.05938366692972121, 0.030204057667934995, 0.014114987742605204, 0.011995510276470379, 0.011783858736503389, 0.03259243904484752, 0.016251077201147067, 1.722539996744275e-203, 0.011023614600963783, 0.013003270878051034, 0.013028802195082914, 0.011200676350975793, 0.06779322462822768, 2.9911917771483723e-55, 0.012884734573981817, 6.740793633836098e-67, 0.014446710024585164, 0.04794403215221499, 0.013805349641052744, 0.00953540598722647, 6.708108824807425e-166, 0.019294818422369006, 0.02045614082065981, 0.03186614149678708, 0.0, 0.013554233460673222, 0.016853673370408894, 0.06209122110443656, 0.001797483731957867, 0.01263575266812728]
[0.013590944813094809, 0.07132852986839602, 9.209371524925545e-30, 0.0, 0.09902104386539821, 0.030735806390513057, 0.014756456982193987, 0.012998426599048653, 0.0, 0.015683116123862577, 0.008773706504460872, 0.03136531604411865, 0.013299251363697287, 0.0, 0.013609984805845977, 0.006368841327105825, 4.8067602316382445e-60, 0.0, 0.013500004344396563, 0.08062293792575506, 0.058154111016208494, 0.030461324522636116, 0.014634468383164925, 0.01249832633420394, 0.012285278982263718, 0.03276599832851628, 0.016769734355896897, 7.638669109628105e-158, 0.011515261328097891, 0.01351607223782792, 0.013541706923505729, 0.011697334624081672, 0.066061639676016, 1.9022584951614732e-51, 0.013396407048953398, 4.4300371380426816e-46, 0.014966800497565276, 0.04741856208411197, 0.014322458989255313, 0.01000147651929316, 5.484736437684756e-126, 0.019786577913432222, 0.020937549613972182, 0.03205690266541873, 1.0918551303091149e-194, 0.014070654253511033, 0.017371136001864778, 0.060695512173238195, 0.002274580656741335, 0.013145757739537975]
[0.012543980821639164, 0.07576725724444013, 1.8580215426799337e-30, 0.0, 0.10801374786359794, 0.030235700641181813, 0.013693892561110439, 0.011965470357963592, 0.0, 0.014609455586878567, 0.007917136787203943, 0.030911761395530295, 0.012258950777373774, 0.0, 0.012562862744942898, 0.00567659053112536, 7.297501102528051e-160, 0.0, 0.012455377296872473, 0.08653377612174386, 0.060679835820709876, 0.029940047990139374, 0.01356999009015182, 0.011479919588033837, 0.011273457889308426, 0.03242141019744556, 0.01569354121228897, 0.0, 0.010528994047510619, 0.012470934867168776, 0.012495788142803962, 0.010702504733473676, 0.0696828829199189, 1.3646551324798747e-48, 0.012354030629526166, 8.256178936445728e-97, 0.013898527967446339, 0.048554576619155056, 0.013262275147095264, 0.009079558863731326, 3.0198090802084508e-180, 0.01874736759866418, 0.01992544614925069, 0.031657555629961344, 0.0, 0.013014476852760287, 0.016297063888165302, 0.06356848296180127, 0.001446266708676025, 0.01210910260815943]
[0.012553270910020956, 0.07569640148961189, 2.071463275296566e-33, 0.0, 0.10806922287465195, 0.03026602923802813, 0.013709696618311933, 0.011971821102365124, 0.0, 0.01462897052735694, 0.007904513647275934, 0.030943545625750885, 0.012266837935685952, 0.0, 0.012572288162260059, 0.0056610047650860595, 2.109987532436329e-195, 0.0, 0.012464295299475566, 0.08648759023654512, 0.06063483328283354, 0.02997271542926158, 0.013583440293683822, 0.011483808160659182, 0.011277182697186002, 0.032449977440042424, 0.015717439041595335, 0.0, 0.010528070953288577, 0.012479989331072661, 0.012504867760852172, 0.010702454383061359, 0.06957665286030708, 1.6524799460252775e-51, 0.012362360391574439, 1.5489316962282317e-118, 0.013914607354073459, 0.048527455220858544, 0.013275272475821385, 0.00907190576209728, 1.8294527659646213e-213, 0.01878269290058558, 0.019962369516669506, 0.0316930712658649, 0.0, 0.013026221317893948, 0.01632317656751087, 0.06351128849063178, 0.0013264584591997964, 0.01211620005581855]
[0.024417930128480782, 0.0308138756502691, 5.851729179489381e-07, 0.0, 0.030439171675789866, 0.03059660760973259, 0.02556668294783768, 0.023806592232450123, 0.0, 0.026229694437297973, 0.018208311007422665, 0.03080004502239326, 0.024133647070391888, 0.0, 0.024451771686860947, 0.013950295198908317, 4.3510365219548996e-119, 0.0, 0.024345515733243978, 0.03069815781240608, 0.031397343242598276, 0.03068591893042023, 0.0253024974417435, 0.02329798952953024, 0.02297658578653318, 0.030922877967094812, 0.026916477872168325, 5.640497977802983e-111, 0.02209679844314151, 0.024330921849326965, 0.024373527885205755, 0.02225099895758783, 0.030338750461000836, 1.2561362058740944e-16, 0.024225280229420807, 1.0459436963898338e-37, 0.02557774895818519, 0.031175824513094873, 0.02510243776076449, 0.020056473328123055, 3.3875752695569546e-92, 0.028666855593570316, 0.028968752447151788, 0.031098462946840974, 1.3959566821821598e-194, 0.024851712526926216, 0.027231752156770296, 0.031208816292792332, 0.00452644520376266, 0.023959865802557278]
[0.013652907051507662, 0.07119436861055697, 2.1109038858622744e-33, 0.0, 0.09912678430607527, 0.03066787463302221, 0.014826513310206131, 0.013059031369618395, 0.0, 0.015745336685435117, 0.008809454844520533, 0.031304343432764496, 0.013361339954985962, 0.0, 0.013672945032698176, 0.006385505514882355, 2.8360623083964263e-107, 0.0, 0.013563090495958992, 0.08055368460545588, 0.05803862973354454, 0.03040308892554716, 0.014691215555456598, 0.012559786801293297, 0.012343824169479335, 0.03269622876422373, 0.016824419901780883, 1.9772179864922398e-196, 0.011570298989635401, 0.013577680942609652, 0.013603879958810235, 0.011748516024774582, 0.06581422866008492, 8.933358797907138e-53, 0.01345831306271153, 8.777119359686591e-74, 0.015025400382577634, 0.047269224812139965, 0.014385081994896446, 0.010046739614570706, 7.951449540079496e-155, 0.019835267466644678, 0.02096853048163327, 0.03201197967326556, 0.0, 0.014132040839065916, 0.01742017234681945, 0.06056032971986017, 0.0018852716140072647, 0.01320666954610156]
[0.015130634727315366, 0.0650802750382841, 4.013826501657535e-20, 0.0, 0.08656827034133978, 0.031435807476670415, 0.01636842885020725, 0.014501681399554512, 0.0, 0.017310403727970387, 0.009893569897919145, 0.03203070222005515, 0.014823359142890513, 0.0, 0.01515313994715956, 0.007195297903151993, 5.614667961489188e-185, 0.0, 0.015037483767399638, 0.07241101226887446, 0.05467462114708688, 0.031220207904781996, 0.016211740783417184, 0.01397316957839376, 0.01373601205859618, 0.03326762932037841, 0.018404638799140293, 0.0, 0.012907978220660208, 0.01505021605698765, 0.015079276357761604, 0.013094223937240461, 0.060619240337893475, 6.285490564094596e-35, 0.01492538166849086, 3.782418621243773e-94, 0.01655845223036659, 0.045718903723837745, 0.01589914447832069, 0.011252228086518557, 1.3001563351787081e-167, 0.021423067889514678, 0.022506211837417866, 0.03270609723238881, 0.0, 0.015632300166709457, 0.01900000189946072, 0.0566691479156276, 0.0018718265561210323, 0.014658214892600262]
[0.001200541616804006, 2.2009474061013972e-07, 1.10241531177579e-20, 0.0, 2.82623086728382e-08, 3.599945996107246e-05, 0.0009837872404216312, 0.0013308458865120918, 1.498320124699056e-117, 0.0008045411896651142, 0.0024090652442410863, 3.3177445503140554e-05, 0.001267609600716758, 0.0, 0.001201226106877936, 0.0027443731088504708, 8.641015563236613e-75, 1.583390962521062e-100, 0.0012260471710584793, 1.0238838563743308e-07, 8.575195272882406e-07, 3.876032295368194e-05, 0.000968264300249994, 0.0014634025095239544, 0.0014795610465181948, 2.6049106808213696e-05, 0.0006338188173303865, 2.5732460671008047e-12, 0.0016927378594837372, 0.0012122543618978815, 0.001212647503163886, 0.0016131193983026223, 3.185948225224257e-07, 0.0012330951709462758, 0.0012434365656619072, 0.964960984860698, 0.0009062203324105735, 2.8561762005150404e-06, 0.0010473701022263528, 0.0020838700950129223, 1.312763424945997e-37, 0.0003485330913190646, 0.0002642730940563592, 3.086598516076031e-05, 2.064038657445372e-65, 0.0010919205671401087, 0.0005517933833273335, 6.364366178274347e-07, 0.0013581052152109583, 0.0012966813725697561]
[0.01960470923225612, 0.04429541775722952, 7.088066026245052e-14, 0.0, 0.04570900145060475, 0.03529070457307518, 0.021054992859798213, 0.01884843728713061, 3.111350841798307e-194, 0.022164774052599576, 0.013132193931827768, 0.035714781553229435, 0.019234944419230644, 0.0, 0.019629513884389736, 0.009691022753244492, 4.5278084631021414e-72, 0.0, 0.019490525316581287, 0.04482539305172403, 0.043560697886893464, 0.03516830744739116, 0.020885379010251517, 0.018201507713590324, 0.01792753327376419, 0.03649568272107735, 0.023419793175844205, 4.0763155205177287e-81, 0.016902954748341085, 0.019510016125022022, 0.01954310432651421, 0.0171462046248883, 0.043430643762101234, 9.755428245527703e-22, 0.019357195026544503, 6.054516861050122e-36, 0.02130180898252928, 0.04162760005320772, 0.02051977383896009, 0.014848312972628605, 2.8487303049817254e-58, 0.02668622234782833, 0.02780642522101705, 0.03620167467768627, 3.548044551398192e-133, 0.020206087848602977, 0.024092413288596834, 0.04370518990393031, 0.0037314946238901966, 0.019037563984220136]
[0.013087285436892684, 0.07319920210156577, 2.0977448819111337e-24, 0.0, 0.10172142352004926, 0.03084326683089627, 0.014267758407415045, 0.012491847645798396, 0.0, 0.015205729175809327, 0.008302931070893735, 0.0315080740564069, 0.01279404015758376, 0.0, 0.01310665600927667, 0.005972565481119248, 1.2681098836003346e-111, 0.0, 0.012996108494649782, 0.08280124060752561, 0.059591731620177744, 0.030556054579959715, 0.014139588510724473, 0.011991205721996636, 0.01177960320791334, 0.03298078357454981, 0.01631307533146186, 4.02290172443973e-171, 0.011009739032031837, 0.013012301192069562, 0.013037766615661982, 0.01118969332913913, 0.06766014617002304, 1.5224679273594377e-41, 0.012891764644150946, 9.023305896414029e-66, 0.01447807312448848, 0.04835805306936643, 0.013825430151232979, 0.009509747763650616, 9.057858410935525e-134, 0.019415197039798188, 0.02060452076161795, 0.0322425418788297, 0.0, 0.013571037843514754, 0.016928284305209478, 0.06221387577206337, 0.0017618788757219396, 0.01263977674303677]
[0.013219231114708354, 0.07287657890177389, 2.8105105690237957e-34, 0.0, 0.10206854440942154, 0.03060989197348259, 0.01438695206611596, 0.012628496900851318, 0.0, 0.015313525866856206, 0.008447531714152504, 0.03125863061844046, 0.012928425623623016, 0.0, 0.013238492099882714, 0.006094295639451455, 2.2772922560334512e-98, 0.0, 0.01312884144439574, 0.08266116969494461, 0.05906749460883578, 0.030329578532265946, 0.014262016629607296, 0.012131403565856522, 0.011918566866851235, 0.032698570453547494, 0.01640415779900611, 1.1774876007735438e-202, 0.011154386226036176, 0.013144480940320696, 0.01317011728473442, 0.011333312007897655, 0.06732709999836939, 3.0505084045480605e-56, 0.013025368944168638, 5.547128062979922e-64, 0.014594276631901135, 0.047857087087725216, 0.01394998991165591, 0.00965642476685351, 1.929098908363106e-166, 0.019450549949553763, 0.02061379161207338, 0.031973829972672105, 0.0, 0.013698012288903024, 0.01700863447902094, 0.061722371290765944, 0.0018725903016114207, 0.012775279627472753]
[0.013063708333997148, 0.07348223707104837, 1.991590277691773e-21, 0.0, 0.10262463478347401, 0.030642593552650126, 0.014235350386923003, 0.01247261691667934, 0.0, 0.015163840308579247, 0.008304551793672349, 0.03130476935739488, 0.012772754223121036, 0.0, 0.013083140332704324, 0.005973490578356121, 1.8940370277429927e-107, 0.0, 0.012973438580994276, 0.0832988417587976, 0.0595863782171144, 0.030358609539432032, 0.014107940401992066, 0.011976010699896705, 0.011763230182332066, 0.032770632929488466, 0.016259184310012036, 7.484137502797775e-169, 0.010999957593019796, 0.012988914921107538, 0.01301457101230953, 0.011177664146606432, 0.06784186120185082, 1.0458664671958563e-39, 0.012869765465698785, 3.6788436000507278e-56, 0.014441407781078955, 0.048195929972216604, 0.01379571035078716, 0.009506803582369749, 1.295722640461883e-137, 0.019329906896219343, 0.020503382873462553, 0.0320368432367521, 0.0, 0.013543086899984017, 0.016866861881654337, 0.06225965755495857, 0.0017902810520188353, 0.012619439179598065]
[0.014578727091132853, 0.06674354648273734, 1.60486776370148e-19, 0.0, 0.0878787561705648, 0.03173532372603778, 0.015769044731057683, 0.013966880789945632, 8.665930034534652e-143, 0.01672728230700516, 0.00955842460370117, 0.032329374384219775, 0.01427703934036103, 0.0, 0.014597343556905078, 0.007004073576238977, 2.5066840626033933e-25, 0.0, 0.014483560584175223, 0.07398153516556366, 0.056120124403667, 0.03146571594692526, 0.015656833177901903, 0.013446768838942285, 0.013228752331730802, 0.03366354192449776, 0.017842915127013945, 1.5012229470775434e-104, 0.012428632978521016, 0.014501685480381303, 0.014527731382014441, 0.012623434500673821, 0.06252751341903941, 2.5252041515461754e-38, 0.014377464494509749, 7.5182107906058675e-34, 0.015997690318663816, 0.0470026360532029, 0.015332203727315896, 0.010849263601806108, 1.4660209831397428e-72, 0.020896258078477056, 0.02206800652909147, 0.032972803260503315, 2.993687867083522e-108, 0.015074183490770795, 0.018459836339424503, 0.05821584846932171, 0.002970026694930033, 0.014119216700431831]
[0.013286659521405201, 0.07235401269170369, 1.624043949751341e-20, 0.0, 0.09971889677095376, 0.030996812536417232, 0.014482800404793092, 0.012683709889698339, 0.0, 0.015427204170571444, 0.008430817895119503, 0.031660417044747285, 0.012990014734921734, 0.0, 0.01330663462253786, 0.006057959334104289, 6.189450500606198e-119, 0.0, 0.013194817409446785, 0.08161740008320774, 0.05919321585836779, 0.030718619334087822, 0.014349709328908394, 0.012177339404274663, 0.011960664580392327, 0.03311425791634173, 0.01654086148133713, 1.3799999526841991e-167, 0.011181026276002221, 0.013210456699395943, 0.013236607939905321, 0.011361810222363178, 0.06692788671145954, 4.2581935040282246e-37, 0.013088886890131032, 9.362500931298884e-63, 0.014690647971609119, 0.048202743732674795, 0.014033135691643195, 0.009657349888470187, 1.4442233619513478e-132, 0.019659858439878764, 0.02084443773068047, 0.03239770587937891, 0.0, 0.013775425156294928, 0.01715792028896499, 0.06172835089642008, 0.001749429848920544, 0.012833494579535915]
[0.01254060413266147, 0.07574349566500088, 2.131223894539143e-34, 0.0, 0.10812472050956326, 0.030268962846764495, 0.013696692594879614, 0.01195938099848121, 0.0, 0.014615980394647387, 0.007895004512791858, 0.03094716128358336, 0.012254267126160887, 0.0, 0.012559608368300735, 0.0056535716082353575, 5.51724805017118e-194, 0.0, 0.012451646911594689, 0.08653871962826509, 0.06067256835757593, 0.029975007020295416, 0.013570651349201414, 0.011471591864207653, 0.01126501966802391, 0.03245574735188726, 0.015704649123751097, 0.0, 0.010516421086537235, 0.012467341828230045, 0.01249220986944722, 0.010690691845097619, 0.06962114583184231, 1.1536756643158012e-52, 0.012349763324483799, 4.456874742631714e-119, 0.013901685308452146, 0.04855448321039829, 0.01326240021512548, 0.009061332485579589, 3.841282480852678e-215, 0.018771167109671444, 0.019951940479119485, 0.0316972554222955, 0.0, 0.013013418720223451, 0.016310601051483627, 0.06355132365721584, 0.001318069743748709, 0.01210369734029606]
[0.012659134416224389, 0.07530815447546879, 7.023136459730072e-36, 0.0, 0.10723797320856995, 0.03026761738647962, 0.013813602822623417, 0.012078430597960732, 0.0, 0.014729095537248613, 0.008004289328102841, 0.030941091902013346, 0.01237323636177539, 0.0, 0.01267830244862381, 0.005741953615868615, 2.969833271312983e-166, 0.0, 0.012570504189560464, 0.08596762738268421, 0.060399206367683075, 0.029977154290170224, 0.01368675926484637, 0.011591310233544835, 0.01138297521520661, 0.032437029382251986, 0.015812390140440433, 0.0, 0.01063492178335751, 0.012585709656876203, 0.01261083856856377, 0.010808368930762742, 0.06925895539569565, 3.994360220556365e-55, 0.012468576420787091, 1.038047186644414e-105, 0.014015999692573671, 0.048395310458769214, 0.013379477994216295, 0.00917584886500916, 1.024760522182719e-201, 0.01886348262625439, 0.020034744170236988, 0.03168622046039636, 0.0, 0.01313074256447098, 0.016414646389317594, 0.06324929894451893, 0.0014064034454426204, 0.012222614915019143]
[0.01251993096801862, 0.07587561291860954, 8.039513340077645e-33, 0.0, 0.10846143080339392, 0.030192050114903238, 0.013671220097120046, 0.011941256737998176, 0.0, 0.014585888825424949, 0.00789282693446945, 0.030870104516541343, 0.012234909383070508, 0.0, 0.01253893947799954, 0.005655490776148804, 8.563574222171107e-149, 0.0, 0.012431469183824078, 0.08674149405426296, 0.060701184122606486, 0.02989845432013547, 0.013545329152125717, 0.011455845529098481, 0.011249262005532255, 0.03237871997351255, 0.01566921381829142, 0.0, 0.010504448380697194, 0.01244686830783158, 0.01247176238915811, 0.010677468743908137, 0.0697220680238138, 3.3788032325297366e-52, 0.012329972119486148, 1.5865745140519088e-91, 0.013874307743653162, 0.04851992762492331, 0.013238413209502028, 0.009054911178482837, 1.3477563581052023e-186, 0.01872324859007754, 0.019898625203749624, 0.03162011098538358, 0.0, 0.012990426359854807, 0.016272076630515615, 0.06359970843726717, 0.001460098060446051, 0.012084924157071126]
[0.014235107566927679, 0.06844255705033989, 1.1206904116484343e-30, 0.0, 0.09184197500354033, 0.031371328962707265, 0.015401520205105717, 0.013634602044897417, 0.0, 0.016347105511906775, 0.009315477816934325, 0.03195987537699621, 0.013938692052346621, 0.0, 0.014253138741877234, 0.006803747772152786, 5.409313594968003e-105, 0.0, 0.014141260898574717, 0.0763761986848545, 0.05676490896412123, 0.03108780254713049, 0.0152994588074921, 0.013124142979823073, 0.012907272235167909, 0.03331765626356601, 0.017448497911786123, 9.456741407682076e-206, 0.012126320222726606, 0.014159043230972081, 0.014184846030987491, 0.01231736858536321, 0.0641204845157595, 3.568222411785294e-53, 0.014037576046661475, 1.668152811750227e-56, 0.015630085688052547, 0.04716943948318704, 0.014974923703599081, 0.010578568133800004, 2.7152798975169243e-175, 0.020463443772369368, 0.021632917435799207, 0.03258570236175176, 0.0, 0.01472160259595841, 0.018058538594328235, 0.059077438724635015, 0.0023653289929850985, 0.013784044290662649]
[0.012779145467627248, 0.07473357789010887, 3.31150447679128e-29, 0.0, 0.10572115752179437, 0.03040219583426179, 0.013936201761497043, 0.012196205522396105, 0.0, 0.014855814605825468, 0.00810118442090566, 0.031070837329754082, 0.012492057786952277, 0.0, 0.012798205535157564, 0.005822727287964298, 1.3671845283585826e-133, 0.0, 0.012689959679693748, 0.08509932018940762, 0.06016189260552533, 0.030110968799393876, 0.013810710932336214, 0.011706605471326306, 0.011498328883679798, 0.03256024132294566, 0.015943027047023706, 3.825113731965239e-205, 0.010746364296901855, 0.012705556462829469, 0.012730644923007928, 0.010921616965325752, 0.0688509327379402, 2.350319013871141e-47, 0.012587769240835402, 4.442387040535368e-82, 0.014141482262020711, 0.04837281401309441, 0.013502120545841673, 0.00927996412293871, 3.708753764062102e-160, 0.018998658393433215, 0.02017377531873796, 0.03180864856573908, 0.0, 0.013252737575665311, 0.016547585892050264, 0.06295723082279842, 0.0015907524633415845, 0.012340979355714123]
[0.013027069335118638, 0.07374137315655191, 6.080799370953058e-31, 0.0, 0.10416846768659813, 0.030423556755571724, 0.0141895003624826, 0.012440828407332627, 0.0, 0.015108104135077594, 0.008299882033145108, 0.031082831186866278, 0.012738663453555298, 0.0, 0.013046465171477298, 0.005980918666822584, 2.6122641943470064e-98, 0.0, 0.012937753705565306, 0.08390999870651526, 0.05949931127270853, 0.03014276507294948, 0.014060101156176593, 0.011948353289860391, 0.011737918635236221, 0.03253888436447981, 0.01619176255290503, 5.351265000618519e-187, 0.010979213395159304, 0.012953011706634996, 0.012978427400847573, 0.011155303496122447, 0.06794233852945598, 5.2693646946519447e-51, 0.01283473725850447, 1.4798242784244962e-64, 0.01439209486419664, 0.04796562606677818, 0.013752781128991056, 0.009495794201510518, 4.248413697226424e-150, 0.019230768359474782, 0.020389560020708856, 0.031813643996226555, 0.0, 0.013502278370256629, 0.016792759916340397, 0.062224017968349705, 0.001796663246648381, 0.012586470817873091]
[0.013262211222659807, 0.07274696761027408, 1.1671195685272978e-30, 0.0, 0.10217780677661188, 0.030538997323572792, 0.014430385416166574, 0.012672175862790078, 0.0, 0.01535133475680776, 0.00848661656211238, 0.031189739383613278, 0.012972089555851938, 0.0, 0.013281784855281134, 0.0061298616503413445, 1.2064126182040064e-87, 0.0, 0.013172445434884751, 0.08259159352385491, 0.058943773821165675, 0.03026406817065904, 0.01429923264721358, 0.012176151754876973, 0.011964043058013265, 0.032621643575628766, 0.01643579223830891, 5.230527593005813e-177, 0.01119837815696712, 0.013187685609765496, 0.013213326853511224, 0.01137604979446318, 0.06711107023165463, 9.834306227694312e-51, 0.013068676581178263, 6.790294752455352e-60, 0.014632975400430098, 0.047714375032469517, 0.013991663155342159, 0.009698673177212135, 1.3800738478958826e-141, 0.01946941957130195, 0.020621250542063364, 0.031911911992626205, 0.0, 0.01373988460476335, 0.017036319413879526, 0.061586126975448116, 0.0019146887856496214, 0.012818808764511028]
[0.012806086697168217, 0.07464999457403722, 1.1489272762553544e-29, 0.0, 0.10596607983017405, 0.030384281695683597, 0.013971599435843933, 0.012219361942812144, 0.0, 0.014894194867296666, 0.008095487197370648, 0.031053466716899018, 0.012517283181411442, 0.0, 0.012825430645106651, 0.005807707518960615, 9.292230635096091e-195, 0.0, 0.012716565840991291, 0.08510535837567397, 0.06004220295796546, 0.030098854801289758, 0.01384231572302272, 0.011726745066551924, 0.01151732187333748, 0.03253253184246397, 0.01598438726067666, 0.0, 0.010759415528154697, 0.012732084258386466, 0.012757336822518731, 0.010935380224075529, 0.06869140777203095, 7.239330648737452e-47, 0.012613548067310082, 1.49967713288933e-113, 0.01417561177842937, 0.048245426196629804, 0.013533457469094594, 0.00928247501150488, 5.107217329230969e-202, 0.019047064112375656, 0.02021789685523162, 0.031795601142751075, 0.0, 0.013282446861975503, 0.01658973725063367, 0.06283230575404364, 0.0013864513796289517, 0.012365095309428507]
[0.013160047017365005, 0.07314650324868913, 3.023989448823264e-24, 0.0, 0.10250806464724443, 0.030614735085044694, 0.014340190008499162, 0.01256531602918239, 0.0, 0.015268844277863238, 0.008361064594891672, 0.031275210344854344, 0.01286763020662572, 0.0, 0.013179941070445273, 0.0060091390719653895, 4.574931345386892e-166, 0.0, 0.013069730328292275, 0.08300668373660075, 0.05929076494668319, 0.030339265716992355, 0.014206707572169736, 0.012066090852117616, 0.011851464400496947, 0.03272230960801957, 0.016363650359292985, 0.0, 0.011081744125354603, 0.013084795123982274, 0.013110748390367853, 0.011259436985192483, 0.06745857870092166, 4.734273053692173e-41, 0.012965067118722215, 2.7427770095668223e-90, 0.014542563787491443, 0.047956552867054685, 0.013895800409356607, 0.009575173299380828, 5.873502407468359e-172, 0.019432468604704246, 0.020594905488544864, 0.03201012399171525, 0.0, 0.013641582826845052, 0.016969737558721935, 0.06194309771429365, 0.001551206981121762, 0.012713062747403789]
[0.012581593010460693, 0.07558074580307725, 1.785431689585543e-32, 0.0, 0.10784868677386956, 0.0302765839910789, 0.013738961397211728, 0.01199957591207471, 0.0, 0.014658553668482599, 0.007925977597171438, 0.030953046126076404, 0.012294906215484666, 0.0, 0.01260064447850634, 0.00567758293186763, 1.1943872594203891e-193, 0.0, 0.012492555971450681, 0.08633812204389132, 0.06056574965050649, 0.02998419659884279, 0.013612379320309037, 0.011511052156842384, 0.011304153442690739, 0.03245616952080351, 0.015747124496350844, 0.0, 0.01055404545530541, 0.01250823982008704, 0.012533152821890903, 0.010728624521368328, 0.06947788589438447, 2.5631521868538857e-50, 0.012390506868432218, 1.3886518993841407e-116, 0.013943787632589378, 0.0484919523856853, 0.013304162653047824, 0.009095571555680708, 2.0580223361535966e-209, 0.018811687836526824, 0.019990199026642078, 0.03170161001959689, 0.0, 0.013054910565794477, 0.016352761607975923, 0.06343324399085817, 0.0013351938351840262, 0.012144102246096909]
[0.012479159576243326, 0.07603975734357009, 3.806268535214737e-33, 0.0, 0.10876446643893346, 0.030194298252403187, 0.013630041503853418, 0.011900660040573847, 0.0, 0.014545726595348937, 0.007857390026819719, 0.030873491182765736, 0.012194144177663643, 0.0, 0.012498079563649329, 0.005626645553875517, 1.3447294250866832e-180, 0.0, 0.012390607701890018, 0.0869485961915118, 0.06080583109107438, 0.029898834749605707, 0.013505076292788017, 0.011415277891797242, 0.011209260304496775, 0.03238716858003807, 0.01563051344924793, 0.0, 0.01046486525728896, 0.012406172552887586, 0.01243097530934741, 0.01063812294515961, 0.06986883650587335, 1.8285343766953996e-51, 0.01228921513224934, 1.475024750603812e-110, 0.013834219205723485, 0.0485853630889306, 0.013197684514783252, 0.009017330337368897, 1.341567732921316e-202, 0.01868851942381508, 0.01986748654624209, 0.03162405254683847, 0.0, 0.01294978180577992, 0.016234493476338208, 0.06371622004869842, 0.0013473508512367202, 0.012044283793944297]
[0.012566004458756913, 0.07562668591630525, 8.082605111459328e-36, 0.0, 0.10780776501755346, 0.03029989163681878, 0.013723337439976868, 0.011984139862461747, 0.0, 0.014643384624771423, 0.007914099752104687, 0.030977827163241628, 0.012279371608470474, 0.0, 0.01258504955333394, 0.0056678984664528705, 1.7967397101906687e-192, 0.0, 0.012476976913867548, 0.08636123098281755, 0.06062991210888007, 0.03000624159444449, 0.013597099966389036, 0.01149585016064497, 0.011288806057153745, 0.03248530962944715, 0.01573289008963164, 0.0, 0.010539434257131596, 0.012492633993609937, 0.012517562741659332, 0.010713797763816774, 0.06953171243303896, 2.5056292636000964e-54, 0.012374965659159139, 4.599780924246027e-120, 0.013928317113858769, 0.04855328840936912, 0.013288530739704587, 0.009082263731291357, 0.0, 0.018801701353487143, 0.01998298970899826, 0.03172766059909245, 0.0, 0.013039264860131712, 0.016339239730360198, 0.06349557979174163, 0.0013126683649780362, 0.012128615589511347]
[0.012854780075420593, 0.07433181770583537, 6.320581136712435e-34, 0.0, 0.10480383490742275, 0.03052952608527815, 0.014019559426192867, 0.012267204752457865, 0.0, 0.014947489743584013, 0.008140864655989052, 0.03119422917058224, 0.012565262716934764, 0.0, 0.01287380024605985, 0.005847302601793184, 1.3135083358229509e-133, 0.0, 0.012764626843966079, 0.08452913974879504, 0.05996994326932102, 0.030238748693080904, 0.01389576289363496, 0.011773205026913593, 0.011563653306381323, 0.03267648733991522, 0.01604337890586442, 0.0, 0.010805796057674576, 0.012780641885583711, 0.01280582952950638, 0.010983401004208642, 0.06856027037173212, 9.494806692101475e-55, 0.012661827752593573, 1.786731151713878e-80, 0.014228563762649003, 0.04834571276848507, 0.013583493428951293, 0.009328195365292072, 9.118450628355335e-190, 0.01911602675067962, 0.020298015457591165, 0.031926261395620194, 0.0, 0.013332352744723995, 0.016652580780360443, 0.06272862159918852, 0.0016186422584468082, 0.012413148825011879]
[0.014041971907220117, 0.06941353872484901, 2.5151916822227284e-30, 0.0, 0.09455366253018824, 0.03101634694922361, 0.015197035824500115, 0.013448644901373614, 0.0, 0.01612956986893332, 0.00918655070420599, 0.03161287692172509, 0.013749264046230702, 0.0, 0.014060055700063998, 0.006712961306528243, 1.1990606019707908e-51, 0.0, 0.013949584416027228, 0.07790445767225294, 0.05709817867257251, 0.030738030581775145, 0.015092365516955893, 0.012944985398301538, 0.012730044314023541, 0.032974648255684684, 0.017216563290045832, 9.627757153201354e-157, 0.011959115869125297, 0.013966715689676888, 0.013992375066464492, 0.01214669953811971, 0.06473450844450006, 1.0330851082897011e-53, 0.013846893846202208, 8.817522228659189e-41, 0.015419268912293328, 0.047066021112339734, 0.014773019745607753, 0.010431721313588962, 3.6268992686656825e-126, 0.020201852683856054, 0.02135380367376498, 0.032253790780468854, 1.0056186535946148e-185, 0.014522343357462723, 0.017818110524781758, 0.05951199828028217, 0.0026341599412100986, 0.013596263520108499]
[0.012699676394526316, 0.07506907993816798, 1.062892592791489e-34, 0.0, 0.10665631413033834, 0.030346246257783337, 0.013859704467942139, 0.012116012482153311, 0.0, 0.014780162445727957, 0.008023023317355885, 0.031018990558442247, 0.012412266853193308, 0.0, 0.012718866616970283, 0.005754164502896905, 2.4561696897821968e-141, 0.0, 0.012610502176018253, 0.08561867243483266, 0.06030369739413741, 0.0300565326816825, 0.013732661415901995, 0.011626183907724595, 0.011417436218881995, 0.03251171798659324, 0.015868932823591156, 0.0, 0.010665265925368565, 0.012625961516283778, 0.01265112084580802, 0.010840048745256117, 0.06907459002470796, 6.294270575706338e-55, 0.012508111854111421, 5.461357731731229e-88, 0.014063886211936282, 0.04839169453212805, 0.013423769543192916, 0.009199528572629212, 8.300748376731994e-191, 0.01893227211408225, 0.020107643692854758, 0.031763466857695766, 0.0, 0.013173858543103939, 0.016474148515852164, 0.06312745145519716, 0.0015153912536295209, 0.012260944647566524]
[0.012560634695168651, 0.07565070396895993, 1.483439037580045e-35, 0.0, 0.10786845680399045, 0.030294472492410428, 0.013717709474354257, 0.011978903732245801, 0.0, 0.014637618767685065, 0.00791009067065452, 0.030972483931098357, 0.0122740604235536, 0.0, 0.012579669396394681, 0.00566488770758815, 3.808942661744716e-192, 0.0, 0.012471620058765506, 0.08639642934335692, 0.06063989076384149, 0.03000072088101617, 0.013591528769553302, 0.011490720112993983, 0.011283766193549071, 0.03248030162507505, 0.01572698126215379, 0.0, 0.010534570921710769, 0.012487284960472423, 0.012512201679282972, 0.010708912486585237, 0.06955074190111274, 5.287983704347555e-54, 0.012369637492337202, 1.3347662856823832e-119, 0.013922700755848927, 0.04855517660200531, 0.013283010546443128, 0.009077851974972632, 0.0, 0.0187954380525742, 0.019976705923613634, 0.03172238220623852, 0.0, 0.013033803814171832, 0.016333273010979338, 0.06350810345907862, 0.0013132075424654227, 0.012123345440289786]
[0.012486845735794498, 0.07600808856997297, 6.175957351002857e-32, 0.0, 0.10869891245280279, 0.030197916602222853, 0.013638104509783202, 0.011908095165297462, 0.0, 0.014554102483751963, 0.007862588203615618, 0.03087670421149437, 0.012201703201585755, 0.0, 0.012505765682214374, 0.005630566484898567, 5.359118839560543e-181, 0.0, 0.012398244741066074, 0.08690661510851835, 0.06078649521912059, 0.029902687075558113, 0.013513154598697112, 0.011422458688999828, 0.011216401455765575, 0.03238936186234091, 0.01563913326572964, 0.0, 0.010471583517562508, 0.012413833897320316, 0.01243864094777738, 0.010644992203541672, 0.06984318354124339, 6.044984435991756e-50, 0.012296818081690693, 1.7360920620756067e-109, 0.013842427876784722, 0.048575598913182236, 0.01320565475874096, 0.00902324298447744, 5.98557178290642e-199, 0.01869720485314236, 0.01987601149436817, 0.031626811553872834, 0.0, 0.012957667558771363, 0.016243204623704766, 0.0636947046136481, 0.0013526893700010847, 0.012051783741349143]
[0.012814742845641302, 0.07450635637982077, 3.7967479800623806e-26, 0.0, 0.10511856193764045, 0.030483898944443807, 0.013978412118641792, 0.01222868692580845, 0.0, 0.014902672564114296, 0.008114319709017737, 0.031154350895308436, 0.012526126688489457, 0.0, 0.012833900855341925, 0.005831220115905121, 2.8489262368899916e-103, 0.0, 0.012725092757574887, 0.08475714231086988, 0.06010154449275826, 0.030194275329980962, 0.013851197976040388, 0.011736409308514302, 0.011527912723879406, 0.03264221813616172, 0.015995375071821707, 5.259935648175792e-174, 0.010771312143652942, 0.012740885297698092, 0.012766000937077202, 0.010947667638221133, 0.0686474725508433, 1.458329381272436e-44, 0.012622323614756516, 9.23854551563574e-63, 0.014184631385839294, 0.04838767199741781, 0.013541707366540728, 0.009298114134913821, 2.4363485218119062e-138, 0.01906553779550487, 0.020244461236142288, 0.03189588105518592, 0.0, 0.013291007157724641, 0.016602892087570577, 0.06286339184640821, 0.0017303755797743643, 0.012374247946807037]
[0.012593165051079906, 0.07553310360229003, 3.6575557670557295e-32, 0.0, 0.10775469181617335, 0.030281578666364495, 0.013750925456934487, 0.012010913767229495, 0.0, 0.01467066006555366, 0.007934755020028795, 0.03095763127707776, 0.012306370403534935, 0.0, 0.012612228371558131, 0.005684353439051218, 7.674054902061391e-193, 0.0, 0.012504104123539177, 0.08627564937822849, 0.06053817155750744, 0.029989549462604143, 0.01362421286419683, 0.011522178327743998, 0.011315163729790276, 0.03245946613684325, 0.015759295917162144, 0.0, 0.010564653401225631, 0.012519778414466923, 0.012544708395220407, 0.010739310541408446, 0.06943757226388489, 6.515997147964671e-50, 0.012402005414305934, 7.894556985780352e-116, 0.013955717994178272, 0.04847844806941859, 0.013315969211548052, 0.009105240908865666, 6.9278395134184646e-208, 0.01882365934425358, 0.02000174395836996, 0.03170581670547391, 0.0, 0.013066632978910885, 0.016364905953350585, 0.06340183490329164, 0.0013383336669680992, 0.012155499284283739]
[0.012808003802058253, 0.0746152381689753, 1.1638082322900858e-26, 0.0, 0.10538219671934071, 0.030402267663619767, 0.013959104649456931, 0.012226415306618955, 0.0, 0.014879425033468435, 0.008138729756985413, 0.03106341771936317, 0.012521303554695246, 0.0, 0.012826654552344219, 0.005857443817585075, 1.2049968914933745e-98, 0.0, 0.012718515133508855, 0.0849197443472326, 0.06005781677902434, 0.03010812635865673, 0.013839980238633361, 0.011737052084551159, 0.011529204698989076, 0.03254868466744359, 0.015965878407665043, 4.966853213951824e-181, 0.010779623769490237, 0.012734531998466973, 0.012759488119527998, 0.010956223008149425, 0.06882491204163824, 4.780805103796665e-47, 0.012616956592648798, 1.8076470715413258e-56, 0.014168331077444694, 0.048328910480286855, 0.01352921954752203, 0.009315919939011418, 2.878826891531333e-149, 0.019010757776180016, 0.020187237144003382, 0.03178832887897544, 0.0, 0.013280798112280489, 0.01657023120152807, 0.06285992153594445, 0.0018125343040360446, 0.01237087087192437]
[0.01247917922814341, 0.07602916580244154, 9.26176788758475e-29, 0.0, 0.10863329618356106, 0.030200191158378728, 0.013630549156137678, 0.011900521321631037, 0.0, 0.01454644008344848, 0.007856964164606647, 0.0308800532593138, 0.012194091353360487, 0.0, 0.012498118915427747, 0.005626612174791547, 1.0773897928567853e-151, 0.0, 0.012390618974941276, 0.08690887899825402, 0.06081836643395303, 0.02990485697162951, 0.013505376699182907, 0.01141505709094431, 0.011208922780674938, 0.03239451171488542, 0.015631521597719748, 0.0, 0.010464439692644325, 0.012406162045303126, 0.012430983532854717, 0.010637661375527794, 0.06986665275569375, 5.8569001613828765e-47, 0.012289189103935434, 3.2916550534908254e-89, 0.013834593993813885, 0.048599249024497866, 0.013197919621003185, 0.009016793021363415, 4.6670442852354357e-175, 0.018690876051763908, 0.019869991935588322, 0.031631579156256535, 0.0, 0.012949919554552141, 0.016235630775006324, 0.06372573767568881, 0.0014551453046175822, 0.012044181176842233]
[0.012546562949929608, 0.07571539325161142, 1.2573502082591587e-34, 0.0, 0.10804383808598905, 0.030277341962825013, 0.013702920817547412, 0.011965197305092419, 0.0, 0.01462240482877468, 0.007899583359609538, 0.030955479402675224, 0.012260159385626183, 0.0, 0.012565574743721398, 0.005657038433786861, 8.237913253929711e-192, 0.0, 0.012457590386559149, 0.08649463680168493, 0.06066346147129823, 0.0299834050443347, 0.01357686638196312, 0.01147729685508983, 0.011270612655641764, 0.03246391275276202, 0.015711298944171396, 0.0, 0.010521855459586674, 0.012473275755750045, 0.012498159219585574, 0.010696148476979797, 0.06960056448792287, 7.032496492213773e-53, 0.012355676157670475, 2.4097969157815195e-118, 0.013907934291372012, 0.048555916750589345, 0.013268525667898705, 0.009066312298293362, 4.611312723076965e-214, 0.018778445944598408, 0.01995943746375123, 0.03170548292788881, 0.0, 0.013019480467189154, 0.016317369259587284, 0.06353894844361477, 0.001316341419810337, 0.012109549532155867]
[0.017084653856457434, 0.057012820245771485, 5.841493208239084e-25, 0.0, 0.06947578319931282, 0.0319600039946819, 0.01812650528696998, 0.016513902837709687, 2.9032487569606516e-192, 0.019032379457416575, 0.012149351106474372, 0.03235644341950615, 0.016800852747515048, 0.0, 0.017097568511317423, 0.009249225754163403, 3.801303871518207e-39, 0.0, 0.0169899100309187, 0.06136540776769993, 0.04965926015741839, 0.03169114861296312, 0.018109898673301313, 0.01601400945614679, 0.015793069638461464, 0.03342030018835591, 0.020048995997539468, 5.802811057492938e-141, 0.015045582403386477, 0.0170102082280674, 0.01703587908519973, 0.015253743191885851, 0.055150562312746454, 1.3677118330719688e-50, 0.016895780413288125, 1.4245813300900697e-26, 0.018391335015470908, 0.043656602070569164, 0.017775662440087204, 0.01347928711460495, 1.5672871258914837e-115, 0.022670704257440662, 0.0237369262600789, 0.03271569620463604, 5.841080356138004e-156, 0.017543051458050157, 0.020608833779877433, 0.051254151977208895, 0.005168061107997395, 0.01665644133762304]
[0.012545195992736166, 0.07572423994412711, 4.311708658297705e-34, 0.0, 0.10808437804024193, 0.03027145535097652, 0.013701407423238741, 0.01196389227287373, 0.0, 0.014620755756828906, 0.007898593411936886, 0.030949467364340615, 0.012258820920428105, 0.0, 0.012564202408851205, 0.005656382222355385, 9.122921757483136e-192, 0.0, 0.01245623105958326, 0.08651274778817249, 0.06066193721721468, 0.029977597724816566, 0.01357534499936314, 0.011476025268918213, 0.011269414231715246, 0.03245759678328109, 0.01570945979546004, 0.0, 0.010520675863422198, 0.012471924206604552, 0.012496796317265593, 0.010694979572843816, 0.06960556534328372, 3.1220973618986176e-52, 0.012354328698866636, 1.1041986891360999e-117, 0.013906407393268996, 0.048549936066097026, 0.013267077431002193, 0.009065249029804916, 1.574113276602236e-212, 0.01877590522690744, 0.01995656648256308, 0.03169936081669058, 0.0, 0.013018066568882493, 0.016315411304223395, 0.06353912855441268, 0.0013192449459186722, 0.012108230045464595]
[0.01255789278412761, 0.07570622568818666, 2.052114898850099e-34, 0.0, 0.10806404177503051, 0.030233965763312526, 0.013711630853908564, 0.011977935659194092, 0.0, 0.014627805570652248, 0.007918566555505456, 0.03091137726410944, 0.012272265122183117, 0.0, 0.012576965230390473, 0.005673835278062325, 3.0112268669286132e-161, 0.0, 0.012469268242664797, 0.0865000118036849, 0.060627587441164206, 0.029941144948769514, 0.013585261310164014, 0.01149145355383083, 0.011284258034768522, 0.0324173185133453, 0.015712719210503115, 0.0, 0.010537640051550683, 0.01248465487561742, 0.012509626716990253, 0.010710990361924416, 0.06958526334418433, 1.3335180741897698e-53, 0.012367527860607533, 1.5521921342291043e-100, 0.013914844105472429, 0.04850507274740602, 0.013277849500123487, 0.00908412142653368, 5.2459481800263273e-197, 0.018770446330775372, 0.019946388344301052, 0.031660863015242444, 0.0, 0.01302933398330158, 0.016316327956097117, 0.06350826395717418, 0.0014073296865506053, 0.012121924986813056]
[0.01471059068274094, 0.066363593471292, 8.568876940118936e-33, 0.0, 0.08735254510266212, 0.0316860931523812, 0.015876633785905113, 0.01410550672282721, 0.0, 0.01683104317902924, 0.009724432825005694, 0.03224680690851596, 0.014411534795662278, 0.0, 0.014728068891487481, 0.0071395545591325296, 9.550859861174207e-89, 0.0, 0.014615130419499673, 0.07351708481829464, 0.05563104467230481, 0.03140445372752935, 0.015785490250009478, 0.013588885661382265, 0.013369486507804776, 0.03356058183706495, 0.017937050708962274, 1.7651445327841127e-198, 0.012581552235727428, 0.014633807919979402, 0.014659775200934819, 0.012778151212824914, 0.0625396749501443, 1.3734634204249044e-56, 0.014511360073310105, 4.687050749032211e-50, 0.016114676218264304, 0.0467575044767502, 0.015454638884045097, 0.01101137824878172, 8.865451146175055e-170, 0.020936459353928946, 0.022105831820371118, 0.03283336709786772, 0.0, 0.015200608891284531, 0.018549096097886613, 0.057784499012453416, 0.002705828349241927, 0.014256177062570779]
[0.012502563634309407, 0.07594387725905234, 4.3644472194284545e-32, 0.0, 0.1085933480650981, 0.0301870908156352, 0.013653576810533046, 0.011924059073577381, 0.0, 0.014568384076243486, 0.007878454738539969, 0.030865702317820765, 0.012217602734394184, 0.0, 0.012521545803624105, 0.0056441901186434044, 1.7241190179117277e-146, 0.0, 0.012414097012775707, 0.08683020481594604, 0.060741263513133255, 0.029892953485510094, 0.01352791366040334, 0.011438771920635912, 0.011232411108086728, 0.03237614416649124, 0.015651991648842352, 0.0, 0.010487907930351932, 0.012429539557825359, 0.012454400975553078, 0.010660939782177014, 0.06978071528206145, 2.5775429566140695e-51, 0.012312648675035783, 1.7088135397430342e-89, 0.013856906302068674, 0.048540703763007544, 0.013220932645662284, 0.009039433300894878, 2.2698653281746348e-183, 0.018707019441508266, 0.01988333222088712, 0.03161619638705836, 0.0, 0.012973008946473052, 0.016255105130895713, 0.0636452088664243, 0.0014621705569217059, 0.012067683315604504]
[0.012701224741872776, 0.07508593062128054, 1.614766744070029e-30, 0.0, 0.10685684531174887, 0.030331945206726427, 0.01386287308883799, 0.012116714381418828, 0.0, 0.014784033225886836, 0.00801635183675206, 0.03100442871899873, 0.012413415111276305, 0.0, 0.012720427703552441, 0.00574703536476339, 1.8222205648267707e-192, 0.0, 0.012611927612997, 0.08568523433007776, 0.06028460259513262, 0.030043296998511243, 0.013734866890697833, 0.011626007355814792, 0.011417799539865086, 0.03249453808089783, 0.015873407647759574, 0.0, 0.010663522986855616, 0.012627529493566813, 0.012652619083619945, 0.010838859178265228, 0.06905917033943071, 7.246097810754421e-48, 0.012509366145258551, 1.3377356967602924e-113, 0.014067286543839267, 0.048357557815236346, 0.013426329542997049, 0.00919522108770602, 8.488241891314504e-203, 0.018936658656504537, 0.02011095375492745, 0.03174944759783946, 0.0, 0.013176154025985893, 0.016478855529670898, 0.06311143189331864, 0.0013642499841308399, 0.012261879817365255]
[0.012936641494083545, 0.07408311092524117, 1.3427061746358108e-31, 0.0, 0.10460703689488152, 0.030437257303246108, 0.014095485449343246, 0.012351523123947787, 0.0, 0.015016994490033502, 0.008229305784713849, 0.03109629890814047, 0.012648463664909461, 0.0, 0.012955671998083338, 0.005924793437197496, 2.880366617608428e-99, 0.0, 0.01284700498995073, 0.08429328350023663, 0.05971993790257842, 0.03015040053400782, 0.013971689729889391, 0.011859520376377178, 0.011649768870514835, 0.03256412023048853, 0.016104119816093772, 2.6933968374013497e-194, 0.010894346320442382, 0.012862694913185433, 0.012887943358780112, 0.011071181667598757, 0.0683099639869253, 1.017017987942461e-52, 0.012744555690390768, 1.160080125024943e-62, 0.014302137474927383, 0.04812519652972804, 0.013661567075516884, 0.009417905736698791, 4.3365850692852167e-159, 0.0191501548679135, 0.020318896393935863, 0.03182266993981335, 0.0, 0.013411621412392336, 0.016707809605549163, 0.06247640144411911, 0.0017956538874172334, 0.01249687012459872]
[0.012461841176158065, 0.07610588665971833, 9.935777615672534e-31, 0.0, 0.10890918035651821, 0.030181324238875, 0.013613076661341586, 0.011883335531877216, 0.0, 0.014528731294089235, 0.007841664504498252, 0.030861518981464584, 0.012176829020737185, 0.0, 0.012480779512002532, 0.005614021815771286, 3.347490596511371e-161, 0.0, 0.012373310934038493, 0.08704124164474912, 0.060839745163627494, 0.029886052854777325, 0.013487684620901894, 0.011398007060168724, 0.011192114179491355, 0.03237630041662172, 0.015613632036765674, 0.0, 0.010447728470627833, 0.012388869898747736, 0.012413662276434083, 0.010620895714616616, 0.06991657820641467, 3.2824463449339803e-49, 0.012271899560843966, 5.03293846676259e-96, 0.013817024280784925, 0.048593846114568476, 0.013180442292440338, 0.009000785176223084, 9.79074387817776e-188, 0.01867268353873018, 0.01985158904458974, 0.03161365192747758, 0.0, 0.0129324982903674, 0.016217660998887645, 0.0637553718307339, 0.001411573419930272, 0.012026960151173013]
[0.012586605960246636, 0.0755366816782178, 1.9440345192223312e-35, 0.0, 0.10760550714122363, 0.03030862060378732, 0.013745043789917102, 0.012004263911914826, 0.0, 0.014665176639181052, 0.007929565895898098, 0.030986342713113586, 0.012299777879535704, 0.0, 0.012605720626692091, 0.005679438510960864, 1.7677375755983886e-172, 0.0, 0.012497575786018756, 0.08623800180556027, 0.06058202064429799, 0.030015967946776353, 0.013618191582320699, 0.011515676356542909, 0.011308119499486834, 0.032491650538631574, 0.01575469307799102, 0.0, 0.0105581661060347, 0.012513134949360063, 0.012538136719050132, 0.010732440353403332, 0.06945520188946169, 1.5708450321184085e-54, 0.012395437652431684, 1.989262429438913e-107, 0.01394948268726891, 0.04852994063350527, 0.013309606116093163, 0.009099232618463203, 1.4269338507119104e-207, 0.01882385231275316, 0.020003983133655475, 0.03173637423940425, 0.0, 0.013060108235534487, 0.01636087061070726, 0.06343968313667177, 0.0013708517610737261, 0.012148854107544972]
[0.012942115736549725, 0.07410669996307352, 7.147666220199537e-34, 0.0, 0.10487952143543312, 0.030393215845250492, 0.014104761630897722, 0.01235629742468253, 0.0, 0.015023563332249426, 0.008225537934526074, 0.03105625964995179, 0.012653894659891253, 0.0, 0.012961547609627408, 0.005916801754585308, 1.318243458451081e-116, 0.0, 0.012852893795152663, 0.08439139960735013, 0.05970654177443583, 0.03011103441878225, 0.013975562649369468, 0.01186452471720516, 0.011653627974807273, 0.03252088358773219, 0.016108202919489046, 3.9229714136216304e-212, 0.010896814083100545, 0.012868009836797083, 0.01289348146866874, 0.011072161710266683, 0.06824757668033525, 2.190421087923324e-54, 0.012749953728310816, 3.1134225231996386e-75, 0.014306855181237978, 0.04806256972001329, 0.013667589332271805, 0.009416992246146146, 2.614404966447665e-171, 0.019153748986998984, 0.02031541438819442, 0.03179131242467277, 0.0, 0.013417047460682566, 0.016709864155587364, 0.06246031201974995, 0.001663605743376121, 0.012501802265115446]
[0.013131906347579577, 0.07321523860325592, 4.991767460240604e-28, 0.0, 0.10223990564740895, 0.030632716765357882, 0.014286799182537257, 0.012545767388261164, 0.0, 0.015213467199604744, 0.008403887866623619, 0.03127680398737309, 0.01284285503060689, 0.0, 0.013150404805617504, 0.006069282532903048, 6.132554360088815e-103, 0.0, 0.01304135836645145, 0.08296233902809165, 0.05931590980488392, 0.030340275206135435, 0.014171989798723172, 0.012051367049953783, 0.011841278466594675, 0.032733758318428355, 0.016303956487427492, 2.641016492035013e-191, 0.011084392954297726, 0.013057797500201671, 0.013082961283853186, 0.011264396691341832, 0.0677834288634437, 4.390504282966706e-49, 0.012939301806735085, 1.4326343713068537e-57, 0.014500783370378143, 0.04808165445289057, 0.013857658782726354, 0.009600992041251566, 9.708558794912024e-160, 0.019343203130117143, 0.020519059459503813, 0.031977797873332214, 0.0, 0.0136080312980793, 0.01690997495323568, 0.06200877318415713, 0.001917106729642796, 0.01269141758911026]
[0.016722725498803357, 0.05745321394496522, 2.69735996227116e-10, 0.0, 0.06884130388318876, 0.033183091980757466, 0.018028591094568478, 0.016052441161586356, 2.767828041192919e-156, 0.019031109075291475, 0.011089600815207741, 0.033733493527376104, 0.01639492685441689, 0.0, 0.01674587517155053, 0.008128176484246819, 4.078971876581931e-45, 0.0, 0.016622443028002226, 0.061545425848508244, 0.05127381449874712, 0.032986687468146675, 0.017874917485628472, 0.01548601376574488, 0.01523257651275626, 0.03485802140991992, 0.020186354128034475, 1.4439161026226143e-82, 0.014346427440187251, 0.016636969891027486, 0.016667861607833102, 0.014550431205624213, 0.05458627761167363, 6.380823914968337e-24, 0.016503751903794984, 9.914801409174133e-25, 0.01823997910201954, 0.0450047184096294, 0.017539187926177407, 0.012562892778149122, 2.8063875856799124e-64, 0.02332228454594563, 0.02444366865005082, 0.03435491661254821, 1.1030357322749374e-110, 0.017256703713460147, 0.020813060749985974, 0.05250000441671064, 0.002980631496504887, 0.016219427820030812]
[0.012559111022501969, 0.07565838833919865, 4.1015828989196865e-35, 0.0, 0.10789370043034052, 0.030291458719387432, 0.013716045295807161, 0.011977439442023808, 0.0, 0.014635879612626296, 0.007909062244239765, 0.030969419766809336, 0.012272564236599741, 0.0, 0.01257814202132814, 0.0056641929315361834, 2.1577472827156292e-190, 0.0, 0.01247010261339389, 0.08640925973193404, 0.060641274584630804, 0.02999768378393668, 0.013589901048261379, 0.011489296105633257, 0.01128239621529825, 0.0324772069649468, 0.015725142740422027, 0.0, 0.010533255939127054, 0.012485773623989335, 0.012510683529696285, 0.010707602726615553, 0.06955657766003263, 2.006596098615385e-53, 0.012368129179261778, 2.9028028985842084e-118, 0.01392105484878345, 0.04855368235844411, 0.013281414756338974, 0.009076698083887634, 2.7595773490037647e-214, 0.018793238183163145, 0.019974412902087752, 0.03171923441095454, 0.0, 0.013032239298259713, 0.016331379875271692, 0.06351060733965702, 0.0013144794586568106, 0.012121867819524134]
[0.01277425595060941, 0.07465302636375859, 2.6187235492449053e-24, 0.0, 0.105115621963621, 0.0305329765754901, 0.013942309940098681, 0.012186411168607001, 0.0, 0.014870213222914376, 0.008066446251061638, 0.031207172809964382, 0.012484722247081933, 0.0, 0.012793499716232937, 0.00578535453523374, 2.518174064591911e-129, 0.0, 0.01268433412569181, 0.08487606187177073, 0.06025357471434609, 0.030242260429301743, 0.013815077054016606, 0.011692897123468483, 0.01148324534537294, 0.03270261902557841, 0.015967725912650402, 2.0268852523317592e-187, 0.010725580453626463, 0.01270008373455326, 0.012725332510275349, 0.010902003756664174, 0.06879622281495976, 1.4108150221375206e-41, 0.01258127550915142, 3.198080570765683e-73, 0.014149001385836944, 0.04851168469251631, 0.013503695335785625, 0.009250324531315758, 3.2027720321437906e-147, 0.01905371384140391, 0.020238638903441346, 0.03195291968736286, 0.0, 0.013252052754535233, 0.016577946587112372, 0.06301691634077466, 0.0016004117929367585, 0.01233238888160318]
[0.012661163053422563, 0.07523463917942895, 1.6060506544803735e-28, 0.0, 0.10686350410911327, 0.030320325197563204, 0.013814220067816432, 0.01208006801685792, 0.0, 0.014733593098286644, 0.008006971127350916, 0.030990056205879798, 0.012374795111990581, 0.0, 0.012679984473100026, 0.005747707358483116, 3.621028809219322e-123, 0.0, 0.01257199038600828, 0.0858037290592553, 0.06038638481592054, 0.030026038458553606, 0.013691739122521295, 0.011591783013443447, 0.011384608621324553, 0.03248771871747316, 0.01582068618120561, 2.252706206841522e-205, 0.010636062245477406, 0.012587823558881881, 0.012612731379223991, 0.010811347137895062, 0.06927589842429219, 2.4860199658265847e-48, 0.0124703243801519, 1.563317741765008e-70, 0.014021181844934227, 0.04844524295034041, 0.013382304039047856, 0.009177700412682867, 9.28712769350852e-168, 0.01887533985469148, 0.020053604582932236, 0.031727429495651396, 0.0, 0.013133716050129305, 0.01642557607036855, 0.06323405306361773, 0.0016335846970914173, 0.01222437429867638]
[0.013464093774914893, 0.07187966413782118, 1.0490540395037151e-30, 0.0, 0.09985283116661649, 0.03073659850532076, 0.014631737001330226, 0.012872676483112194, 0.0, 0.015555261092602786, 0.008662389789766618, 0.03137752228986481, 0.013173222064046574, 0.0, 0.013483533659909414, 0.006271854068435005, 8.160158407206184e-125, 0.0, 0.013373890361817919, 0.08126995691690318, 0.05857175255380707, 0.030458816059036515, 0.014504123310013167, 0.01237488807451188, 0.012161451025654626, 0.03280010360249151, 0.01664135303827548, 7.631822685090985e-198, 0.011393546458213987, 0.013389293577512507, 0.01341505698535211, 0.011572593724472122, 0.06653533463986758, 1.495038365836133e-48, 0.013270063586420059, 3.284534965044289e-81, 0.014837204448158524, 0.047682640231016836, 0.014194654197716892, 0.009884837069943087, 5.961112361724668e-153, 0.019671735576961048, 0.020827051638855835, 0.032083507960625784, 0.0, 0.01394267478981218, 0.017242959009098113, 0.06113838263240287, 0.0017810668109282735, 0.013019677516906492]
[0.012802964314653973, 0.07460101730280856, 3.8180041421806516e-23, 0.0, 0.10521432689792322, 0.030464149781373705, 0.013968077654836606, 0.012216383623458537, 0.0, 0.014892301930471875, 0.00809809632683877, 0.031135549331429417, 0.0125141389392801, 0.0, 0.012822244962107161, 0.005811458149766648, 8.860308541734159e-120, 0.0, 0.012713346791890196, 0.08487235068292537, 0.06014704738194445, 0.030175701559791306, 0.013840720964166338, 0.011723967036805633, 0.011513916741816144, 0.03262362733059362, 0.01598481362205535, 1.237577668371306e-181, 0.010757630994069957, 0.012728853452228874, 0.012754172137323692, 0.010933486002489175, 0.06872512979143997, 3.863092380358831e-41, 0.012610454787215317, 6.396613076984516e-65, 0.014173131498545285, 0.04839200572128287, 0.01353038597811615, 0.00928271887572527, 2.792733526516387e-146, 0.019056008577090947, 0.020233074630040194, 0.03187856517925195, 0.0, 0.013279335981692663, 0.01659179979849915, 0.06291857556354107, 0.0016564184839603997, 0.012362051083747019]
[0.013420041139707701, 0.07195566508379153, 5.516239893145916e-33, 0.0, 0.0997007015353406, 0.03081832752875842, 0.01458660214667526, 0.012827039223270198, 0.0, 0.015520271125501852, 0.008620279866613297, 0.03145280311806045, 0.013127742015230077, 0.0, 0.013438813889865214, 0.006236612404716456, 3.1061721247495985e-90, 0.0, 0.013328552430396424, 0.08128631677981048, 0.0586290404156667, 0.03053399579498987, 0.014470013361336919, 0.012326518985928556, 0.012113116404378689, 0.032879555700945515, 0.016616506900533432, 2.6771446835795845e-194, 0.011345923404478927, 0.01334499709691555, 0.013370577045803946, 0.011528398870333289, 0.06672760135139649, 2.0022869179962032e-55, 0.013225246824737422, 6.384540767687988e-57, 0.014801543107244897, 0.04778946299143384, 0.014153257987438729, 0.0098388425174507, 1.2709144366058915e-161, 0.01966210566907965, 0.02083329040878621, 0.03214462762499916, 0.0, 0.0139010384432213, 0.017224430676413025, 0.06121284760338523, 0.002032858108207764, 0.012974434255374324]
[0.014898170550672607, 0.06501386482659632, 3.9989310487990997e-14, 0.0, 0.08330759872699786, 0.032441273170523345, 0.016171021231433307, 0.014251839584899366, 4.47029838820254e-204, 0.01716573643797675, 0.00960925966510168, 0.03306283466442869, 0.014580840462470835, 0.0, 0.014919769574708907, 0.006960683366533251, 9.633611971199499e-65, 0.0, 0.014800235934755955, 0.07138284284360265, 0.05568472126338137, 0.032196840073892424, 0.016025691551449152, 0.013707155277868758, 0.0134728635154647, 0.034382244028145985, 0.0183278073988358, 7.990750448400935e-105, 0.012627929125829215, 0.014816472105595786, 0.014844816983604318, 0.01282398083937369, 0.06096268583583444, 1.0405822700696081e-28, 0.014686396621868146, 3.733096381510468e-34, 0.016388037457498873, 0.047138460863427656, 0.01569360232189736, 0.010962945031580783, 1.029282819210643e-82, 0.021534841801926954, 0.022723633278501305, 0.03375884022506687, 1.7040012906518641e-149, 0.01541912320325157, 0.018966488031456105, 0.057510077178722786, 0.0023657406271506516, 0.014412634150150115]
[0.014771882033152987, 0.06586707114843438, 1.4282678822987734e-15, 0.0, 0.08576895127839368, 0.03206860939205708, 0.01603503856185001, 0.014131730123891349, 0.0, 0.01701419740309693, 0.009523879250018857, 0.03269167232910773, 0.014458009810171715, 0.0, 0.014793853621173142, 0.006886144917707534, 1.4525725575165582e-108, 0.0, 0.014675630121211682, 0.07275382053704085, 0.05587863593618357, 0.03182971877931567, 0.01588599594588094, 0.01359353590871197, 0.013357670938472734, 0.03400696747266233, 0.018158076295638315, 3.9376635138273765e-139, 0.012521874895891356, 0.014690506972690497, 0.014719160924121445, 0.012713248030530425, 0.0615659840527395, 4.527424244489806e-30, 0.014562445947854224, 9.690709975024659e-52, 0.016242545377310794, 0.046952309524198134, 0.015558753126778221, 0.01086833803860832, 5.809604088871872e-110, 0.021323725168847105, 0.022486918633004976, 0.033392610967670766, 9.267685577192983e-214, 0.015286454652370465, 0.018785236509845225, 0.05781908259082947, 0.002068778500592973, 0.014290934116395947]
[0.023125526910494142, 0.034296718886825665, 1.458835070541433e-05, 0.0, 0.034006209806095124, 0.03200145063916956, 0.02437274886236445, 0.022466770447974536, 2.3468191218669163e-186, 0.025170652775182947, 0.01679269745041063, 0.03226802912099515, 0.022813939819482473, 0.0, 0.023157293403360507, 0.01273095324366812, 2.2663887028604508e-73, 0.0, 0.02304051979394392, 0.03424185032271895, 0.03467864463797059, 0.0320385466798826, 0.024137159414520708, 0.021914684149635974, 0.021597963446883237, 0.03256582144695604, 0.02602673143971563, 1.7683110641366807e-76, 0.020674663224279563, 0.023034629460141738, 0.023075610289663123, 0.020853715213665806, 0.03373352470527497, 2.8623984946120327e-15, 0.022915540985454088, 3.64253854136861e-21, 0.024449344077887132, 0.0340526103648105, 0.023882516492720086, 0.0186138189890481, 6.924462047460862e-66, 0.028230533845840646, 0.028763846758980745, 0.0326235194318889, 9.721398930175683e-130, 0.02361078273876485, 0.02644599038203151, 0.034547535285801304, 0.0044006514666383185, 0.02263166485205477]
[0.013011738396138605, 0.07383674030488578, 6.1324476221883e-32, 0.0, 0.10440925770241453, 0.03039483176831885, 0.014173473998131212, 0.012426144442827521, 0.0, 0.015090321672501381, 0.00828892622175044, 0.031055085406388502, 0.012723720759385956, 0.0, 0.013031214850128186, 0.005970655191890011, 9.605212997697735e-110, 0.0, 0.012922650742965513, 0.08405226882639241, 0.059537427267630665, 0.030114431784101583, 0.014043292729576369, 0.011934483536938446, 0.011723666934003125, 0.032512136782300013, 0.016172183022182658, 1.5478795121579745e-197, 0.010966067929026711, 0.012937688146369539, 0.01296317083222343, 0.01114140076489414, 0.06801132144495091, 1.1214766819884698e-51, 0.012819667997930845, 1.1741495541382313e-71, 0.014374660676126031, 0.04796546557491983, 0.013736563307235222, 0.009483851845497097, 6.496236322378234e-158, 0.01920851979971045, 0.02036523494623071, 0.0317874490995962, 0.0, 0.013486229137562316, 0.016772070168443724, 0.06227173311739831, 0.0017126393861004847, 0.012571613335126271]
[0.012845118374339439, 0.07441408903674762, 3.130756417349329e-35, 0.0, 0.10515162178970533, 0.030476851063702383, 0.01401148761492129, 0.012257623397492985, 0.0, 0.014936771992013771, 0.008130165701434629, 0.031144748572888813, 0.012555842735188274, 0.0, 0.01286440303001352, 0.00583618345875408, 7.463661894022156e-136, 0.0, 0.01275533673612119, 0.08469536475392773, 0.059986108047668296, 0.03018954034942572, 0.013884213501611448, 0.011764297142638887, 0.011553959893534547, 0.03262524277907323, 0.01603004694037903, 0.0, 0.01079615230591506, 0.01277090817728349, 0.012796252747019605, 0.010972498651275654, 0.06856142404915941, 9.354160440247856e-56, 0.012652303494707013, 6.557082937652686e-85, 0.014217077227180217, 0.04829870275231684, 0.013573526141155997, 0.009317912064588927, 2.9002682653578333e-190, 0.019100466964013855, 0.02027667047337071, 0.03188350560987752, 0.0, 0.013322183964790877, 0.01663731947454052, 0.06274972397985225, 0.0015608254201119524, 0.01240352944468141]
[0.020385737611948115, 0.04461807322886436, 1.685773953227871e-07, 0.0, 0.04972570706403117, 0.032152216238568794, 0.021623586055243935, 0.019738038749019998, 0.0, 0.022481993307295684, 0.014453691982392408, 0.03253310282822482, 0.020075241741487466, 0.0, 0.02041344104749008, 0.01086655465982358, 2.7957421094593523e-84, 0.0, 0.020296787221415598, 0.046512279646160566, 0.04183283752246589, 0.032088181160308954, 0.02142952187219192, 0.019193445398303186, 0.018904702833868678, 0.033182518778505136, 0.023432982331484928, 6.610873982985326e-101, 0.018019448634677873, 0.02029840708509373, 0.020335037536775118, 0.018203712357465863, 0.043020983619005, 2.379549039782708e-20, 0.02017729480865735, 2.4942120581148372e-27, 0.021750754596832404, 0.038564481939109295, 0.021146987649105206, 0.016107084214835136, 6.794920021817278e-87, 0.025948258230858563, 0.026702930082739364, 0.032990743143944776, 9.829956638130466e-161, 0.02087754484684699, 0.023922284975080584, 0.04236334086300363, 0.0037300824838429536, 0.019899812756484253]
[0.012925644772735704, 0.07413108650418138, 4.8518591071727025e-25, 0.0, 0.10432539027097669, 0.030469327598333696, 0.014080736454917286, 0.01234173771752481, 0.0, 0.015002414585121807, 0.008228115587265945, 0.031126855740240583, 0.012637917631741978, 0.0, 0.012944459690263367, 0.00592510320051292, 3.034999849829683e-108, 0.0, 0.012835941297917415, 0.08425717476942038, 0.05980202468654279, 0.030178139652998617, 0.01396031714489004, 0.011850413946744732, 0.011641050571622255, 0.03260114553244939, 0.016089581312443695, 7.192400993532584e-184, 0.010887723056049308, 0.012851819691377516, 0.012876979340461206, 0.011064867248338564, 0.06842953440719941, 1.0464241875392717e-44, 0.012733896265459966, 8.932131660838599e-59, 0.014289395482225492, 0.048223816917481885, 0.01364917232674357, 0.009414449137492396, 6.210639275469314e-152, 0.01913371952450484, 0.0203067975316649, 0.03184817244688352, 0.0, 0.013399870462791548, 0.016693761963259942, 0.06256233121649804, 0.0017923299433976287, 0.012486784226398333]
[0.012537392003798014, 0.07579410186959314, 1.0054944419364802e-33, 0.0, 0.10825309639074543, 0.03022035782486466, 0.013690256275719449, 0.011957903890444535, 0.0, 0.014606074986363274, 0.007903210541223006, 0.03089826568974646, 0.012251974386714572, 0.0, 0.012556431145372561, 0.005662167157565852, 9.366866970420183e-160, 0.0, 0.012448811620814487, 0.0866198073687208, 0.06067266641639281, 0.029926950607163157, 0.01356416783970037, 0.011471805925660522, 0.011264897138131514, 0.03240611768640907, 0.01569069953531149, 0.0, 0.010518984878971366, 0.01246422420643185, 0.01248915692384205, 0.010692237417441321, 0.06965872912763756, 1.0505026740393979e-52, 0.012347169562090247, 3.3980941986303074e-99, 0.0138935693789317, 0.048522881213967105, 0.013256853046210847, 0.009067185871161917, 9.8167881499596e-194, 0.01874798007864609, 0.01992436767612345, 0.03164813904605469, 0.0, 0.013008526721062336, 0.016294246081083413, 0.06356143187265734, 0.0014053859733640236, 0.01210177447853206]
[0.012819535887829414, 0.07454494157470502, 1.0619477175097544e-28, 0.0, 0.10500157109806253, 0.030490435970221698, 0.013976467777305653, 0.012235685455953119, 0.0, 0.014899740962578324, 0.008134209999711234, 0.03115523903852632, 0.012531811355845579, 0.0, 0.01283839796244595, 0.0058476476327947715, 1.7569617535458437e-163, 0.0, 0.012729882512651046, 0.08475397563229095, 0.06011157775676614, 0.03019615604267714, 0.013854936587267077, 0.011744840581957742, 0.011535986554137564, 0.03264510266961922, 0.01599051772149575, 0.0, 0.01078364021907981, 0.0127457676300131, 0.012770868478027945, 0.010960094752543515, 0.06878030187359432, 1.2170929040093838e-45, 0.012627793945876542, 1.078148943751959e-98, 0.014185023067253433, 0.04842510790519405, 0.013543670076511962, 0.009314963688783753, 3.534719449557548e-170, 0.01905108320607234, 0.020232330271584498, 0.03188523910163442, 0.0, 0.013294092124043396, 0.016597317207823793, 0.06289087720224919, 0.0014924800229855484, 0.01238068829524405]
[0.012550385111020091, 0.07570083975286214, 5.020635567245352e-34, 0.0, 0.10802377449097346, 0.03027697211717772, 0.013706780228757709, 0.011968972700160792, 0.0, 0.014626261753244477, 0.007902633282472175, 0.030954868755773215, 0.012263958835944552, 0.0, 0.01256939748738574, 0.0056594956062150535, 3.04512149317963e-189, 0.0, 0.012461402985058314, 0.08647791672416517, 0.060652340281659674, 0.029983161103517997, 0.013580711840797947, 0.011481015441933006, 0.011274328047526856, 0.03246270988023959, 0.015715094870379177, 0.0, 0.010525449595372388, 0.012477095136039607, 0.012501977170299796, 0.01069978266071103, 0.06958787635291122, 4.440989341274608e-52, 0.012359484433919647, 1.9503273700481682e-116, 0.013911802773316143, 0.0485486727162336, 0.013272382457432882, 0.009069641528743125, 2.3957093551240832e-210, 0.018781818606560897, 0.01996254814761103, 0.031704604137559635, 0.0, 0.013023330507690068, 0.016321107904301288, 0.06352714913837972, 0.001318916185154171, 0.012113339095317734]
[0.012550868093612456, 0.07569832423015338, 4.31475320948721e-34, 0.0, 0.10801506375637633, 0.030278043091135343, 0.013707293139790544, 0.01196944134965729, 0.0, 0.014626801187321093, 0.007902998360704376, 0.030955949383584726, 0.012264435623583541, 0.0, 0.012569881838808802, 0.00565976244988585, 3.969208086379694e-189, 0.0, 0.012461885663808467, 0.08647354750543947, 0.06065196317479908, 0.029984224634325193, 0.013581225447703333, 0.011481473448004322, 0.011274773313668527, 0.03246381056769163, 0.015715666020919478, 0.0, 0.010525882915759493, 0.012477574520274587, 0.012502458953323534, 0.010700216640682252, 0.06958617689862336, 3.725682617363946e-52, 0.012359963472079289, 1.8393661603212865e-116, 0.01391231657843182, 0.048549344811802016, 0.013272884483188549, 0.00907003712187167, 1.935813012959891e-210, 0.018782494849081628, 0.019963267462894528, 0.03170568901308038, 0.0, 0.013023824759158637, 0.016321694465796673, 0.06352640155435196, 0.0013185280824816723, 0.012113810980948637]
[0.01262777060563961, 0.07534084609922165, 9.792913408842811e-34, 0.0, 0.10714864224114697, 0.03034565724469691, 0.013787442815166804, 0.012044428447275528, 0.0, 0.014709285299978468, 0.007961052060388654, 0.031021061601707946, 0.012340413191744882, 0.0, 0.01264684892194288, 0.005704680860817032, 2.915214429271194e-151, 0.0, 0.01253850161472658, 0.08595938207330667, 0.060480593644999456, 0.030053177276284804, 0.013661262661078992, 0.011554778019372073, 0.01134701421942335, 0.03252255730773843, 0.015800302637424216, 0.0, 0.010595554088840768, 0.012554191451396671, 0.01257920487721278, 0.010770540207454174, 0.06931447174356745, 2.417856027341262e-53, 0.012436251224378206, 2.9180721469193495e-92, 0.013992959741946882, 0.04850028778332923, 0.013351921759530271, 0.009133515096652245, 2.099091963206505e-194, 0.0188707611271902, 0.020051668490065764, 0.03176779409290585, 0.0, 0.013102114918960584, 0.016407252228815634, 0.06332297398815605, 0.0014635599854025583, 0.012189278205807605]
[0.012548018612181746, 0.07573448070645512, 2.0062255067241843e-28, 0.0, 0.10805827932471761, 0.03022100960826909, 0.013699226882974284, 0.01196900809426996, 0.0, 0.014614949173408292, 0.007917384858203662, 0.0308974774388843, 0.012262775282531486, 0.0, 0.012566948613634867, 0.005677341702391561, 4.357202165717696e-118, 0.0, 0.012459391001066548, 0.08652238398215362, 0.06064237538698266, 0.029927014943776607, 0.013574283924369017, 0.011483054352816543, 0.011276702130919984, 0.032404423585989044, 0.015699136562977188, 2.8512256510631213e-196, 0.010531221346379387, 0.012474954424949981, 0.01249980417089197, 0.010704859921694948, 0.06962565138270466, 1.2110001941989069e-47, 0.012357909907397959, 1.2843856263233606e-70, 0.013903474123838138, 0.04851265530714387, 0.01326691024834615, 0.00908061750731313, 6.806490771177779e-158, 0.018753184582033386, 0.0199296051761206, 0.03164498427172406, 0.0, 0.013018896219935695, 0.016302543219240472, 0.06352842773668478, 0.0015958636099203298, 0.012112770538910366]
[0.012505387487693961, 0.07590781800857846, 2.0551814641767192e-33, 0.0, 0.10846920866318185, 0.03022870990509111, 0.013659024205741024, 0.011925565968279218, 0.0, 0.014576319675273995, 0.007872455623413578, 0.030907931598984462, 0.012219745417887805, 0.0, 0.012524375371788146, 0.005636935569074532, 2.4322398867533494e-173, 0.0, 0.012416672076867669, 0.08676376605521824, 0.06075035134360312, 0.029934145589196246, 0.013533243051864227, 0.011439094530117976, 0.011232687721831301, 0.0324195712925321, 0.015662931336311758, 0.0, 0.010486354313731447, 0.012432252320285365, 0.01245710675142351, 0.010659949861038881, 0.06975640013638897, 6.810300095360454e-52, 0.012315019351028408, 2.0860749516679608e-106, 0.013863286829421501, 0.0485742659370691, 0.013225506628186688, 0.009035274618046001, 1.291992139406481e-200, 0.018725633297642427, 0.019905329265793765, 0.031659067420802746, 0.0, 0.01297704030327172, 0.016267810442167224, 0.06364562718073417, 0.001358613182719854, 0.012069521519351483]
[0.012513165758365072, 0.0758661540589008, 6.680362944189203e-31, 0.0, 0.10837489957063433, 0.030231534054475866, 0.013667038641436183, 0.01193309790228302, 0.0, 0.014584779730162225, 0.007878067748825573, 0.030909983191357553, 0.012227386492069227, 0.0, 0.012532131369738329, 0.005641802388085526, 1.673596909349213e-154, 0.0, 0.012424376787844733, 0.08670624575542078, 0.060722978715405294, 0.02993705587020418, 0.01354147927480569, 0.011446320970738475, 0.011239989645865535, 0.03242036604488804, 0.015671719879940486, 0.0, 0.01049320428276996, 0.012440020006372302, 0.012464859526642887, 0.010667065146180413, 0.0697285197306777, 1.0397461542220429e-49, 0.012322704989654305, 1.3350100794828846e-91, 0.013871683734840372, 0.04856113623325732, 0.013233575380692713, 0.009041451857411505, 3.992680899740576e-187, 0.01873419659016861, 0.019913835554251847, 0.03166005727211212, 0.0, 0.012985052195040953, 0.016276751573157066, 0.06361642796359832, 0.0014417623372963372, 0.012077121632483109]
[0.012518244405598683, 0.07588986749177952, 7.580535128530643e-32, 0.0, 0.10848468585152195, 0.030186031590899158, 0.01366867961942501, 0.011939953913455547, 0.0, 0.014582818142359552, 0.007893798458824219, 0.03086387149191782, 0.012233408457855335, 0.0, 0.012537234731455528, 0.005656924623066907, 7.266496103250567e-147, 0.0, 0.012429833390966712, 0.08675923373690445, 0.06070679727442803, 0.029892166535537574, 0.013543021921086232, 0.01145485144439235, 0.011248361366987262, 0.03237277860884596, 0.01566551496155327, 0.0, 0.010504061167889352, 0.012445223615084582, 0.01247010559962947, 0.010676988579654927, 0.06973716281033142, 9.669087381514408e-51, 0.01232840925829347, 2.3768407720506427e-90, 0.0138717289559112, 0.04852096441042553, 0.013236240832987448, 0.00905533846296419, 1.296842742392832e-180, 0.01871780695643723, 0.01989286555660978, 0.03161341359193923, 0.0, 0.012988425115571033, 0.016268060185632247, 0.06360751466484574, 0.001454086323632696, 0.012083525751507257]
[0.013178770070071105, 0.0729792188018614, 3.2292866408311204e-20, 0.0, 0.10140943761965439, 0.030727678101912907, 0.014350544861019433, 0.01258662749366816, 0.0, 0.015280723759730247, 0.008403389577362464, 0.03138422668777251, 0.01288724474514659, 0.0, 0.013198113990841871, 0.006054636098311555, 1.2903717471743106e-91, 0.0, 0.013088185777627957, 0.08257461882366013, 0.059339393409126875, 0.03044390235694412, 0.014225082069033168, 0.012088689595948193, 0.011875281526055659, 0.032841425686999284, 0.01637689724860572, 1.2802495649057198e-152, 0.011110262390462334, 0.013103811051717715, 0.013129521149688676, 0.01128906823471534, 0.0674687075004556, 1.7842961802156106e-38, 0.012984450047845344, 5.2728763765384876e-48, 0.014558338841185141, 0.0481245097765537, 0.01391171138471608, 0.009611606119587232, 3.291149101106456e-125, 0.019444432227134753, 0.020617908122718707, 0.03210821172468892, 1.459247935395676e-214, 0.013658897935004471, 0.01698492045883596, 0.06197059565239205, 0.0018952279070132583, 0.012733731031997568]
[0.01378827926729577, 0.07046945177263104, 5.614790702251841e-23, 0.0, 0.09605320978173965, 0.030957430665910973, 0.014932510798616466, 0.013200986745229334, 3.977571151494418e-213, 0.015861336162757228, 0.008999678956362726, 0.03156371271354252, 0.01349829323076671, 0.0, 0.013806008461997614, 0.006568161726947279, 6.6561031442995186e-52, 0.0, 0.013696526085838604, 0.07914035397387002, 0.05781289735503602, 0.030667582479276985, 0.01483223633088599, 0.012702670131984655, 0.012490012834184544, 0.032962175529987106, 0.01694654350987784, 1.1404741131296822e-136, 0.011729593747906955, 0.0137137257489241, 0.013739065622591303, 0.011915148629212734, 0.06570628685291986, 1.721976997440319e-44, 0.013595091516061768, 1.9677747821992202e-34, 0.01515579237455545, 0.047493057138913886, 0.014513014781945041, 0.010224421105362891, 3.6285653875534934e-111, 0.01993637422062367, 0.021101035645699304, 0.032211434841561214, 2.8406660472517372e-167, 0.014264572237874987, 0.01754875967941678, 0.06030299549462977, 0.0025525260448619343, 0.013347045620443879]
[0.012798600817247072, 0.07471095727748825, 1.5561285722275326e-30, 0.0, 0.10598369123949264, 0.030330472172501864, 0.013954141090605847, 0.012216605340075142, 0.0, 0.01487008006526586, 0.008122347887018988, 0.03099793586774123, 0.012512119077704092, 0.0, 0.012817780860491965, 0.005840124947030571, 2.6305593756255e-126, 0.0, 0.0127097736399503, 0.08515825305031938, 0.06006933380417807, 0.03004232775373226, 0.013827038887991548, 0.011728022959065455, 0.011519401732259548, 0.03248034589282838, 0.01595269354900791, 3.031639064484633e-204, 0.010768233589641163, 0.012725064932545372, 0.012750233333777047, 0.01094266559208794, 0.06878044037327428, 3.2264077114786465e-49, 0.012607607455059342, 1.3445171896761642e-79, 0.014157017737928539, 0.04825287842207558, 0.013520023732943491, 0.00930187410357751, 5.435208642451799e-161, 0.01899649473310041, 0.020163647029601876, 0.03173599710593086, 0.0, 0.013271009349476079, 0.016554223734483956, 0.06287230214567745, 0.001597093305794506, 0.012361145264390317]
[0.012555158166655896, 0.07567821393939465, 2.642336620446071e-34, 0.0, 0.10795813349597402, 0.03028387186463057, 0.013711789020457615, 0.011973624632585845, 0.0, 0.014631435037815303, 0.007906259884223504, 0.03096173244984503, 0.01226867379040098, 0.0, 0.012574178371076205, 0.0056622172617343935, 3.3276889481475614e-188, 0.0, 0.012466162511823635, 0.08644229660820404, 0.06064523796285625, 0.02999007668231335, 0.013585698136134642, 0.011485572661063247, 0.011278791697585621, 0.03246946392345156, 0.01572045719547303, 0.0, 0.010529780401080125, 0.012481846646819592, 0.01250674175953769, 0.010704129102395349, 0.06957121060530541, 2.1915966078699954e-52, 0.012364218890626125, 2.7455943316794577e-116, 0.0139168197689148, 0.0485500368281884, 0.013277296647409368, 0.009073595753330247, 2.6675012504423212e-210, 0.018787732837646686, 0.01996864557001101, 0.03171142515339131, 0.0, 0.013028187345302613, 0.016326569234122075, 0.06351736016029906, 0.0013173380419052394, 0.012118019804697148]
[0.01339876709008788, 0.07217874581368909, 1.7058868746325054e-31, 0.0, 0.10095644520550082, 0.030606650304413757, 0.014566765112159066, 0.012807320314818307, 0.0, 0.015490120384457637, 0.008602523339138283, 0.03124825295743123, 0.013107835471709647, 0.0, 0.013418191108603584, 0.006222811974659606, 5.492601944243858e-78, 0.0, 0.013308519746733777, 0.08181865087159176, 0.058603347059185726, 0.030332877778443852, 0.014439320760431418, 0.012309451336737564, 0.01209600672292664, 0.03266540833003089, 0.01657535170994139, 1.5628919862528994e-174, 0.011328611450596672, 0.01332394085582274, 0.01334970117100544, 0.01150785179504936, 0.0666902673441829, 9.985622776000333e-53, 0.01320473778467256, 1.781375040312676e-54, 0.014771931680609226, 0.04756783406321169, 0.014129416148961807, 0.009821802938194214, 1.5790062479283922e-141, 0.01960205572927503, 0.02075203762736459, 0.03195753768548462, 0.0, 0.013877400603284767, 0.0171758986568777, 0.06120953212239585, 0.0020217540379374147, 0.012954324751143468]
[0.012517780677988003, 0.07588323761753707, 9.195255018228252e-34, 0.0, 0.10841152688574815, 0.03021404875348266, 0.013668912977251617, 0.011938995302617866, 0.0, 0.01458451069554149, 0.007890376717101771, 0.030891786930205656, 0.012232651099176222, 0.0, 0.012536728583564447, 0.005652893563224934, 1.0213036871626688e-176, 0.0, 0.012429212492683011, 0.08673099896181531, 0.06072353278876128, 0.029919197429250505, 0.01354394019294685, 0.011453366795081622, 0.011246884715622671, 0.03240221986458529, 0.015668918630177282, 0.0, 0.010502030497500547, 0.012444715606982697, 0.012469580901502112, 0.010675335447026079, 0.06974562632574287, 5.227848569726769e-52, 0.012327760314532569, 6.83848757571294e-110, 0.013872911607179295, 0.0485531083116981, 0.013236476149324137, 0.009052486865040888, 2.5883707953851753e-200, 0.018725115298451417, 0.0199028999783314, 0.03164056337281508, 0.0, 0.012988485516201884, 0.016272552998155183, 0.06362101490571752, 0.0013449236929785394, 0.012082690385250939]
[0.013149174939955894, 0.07314643655131711, 7.37618308123996e-32, 0.0, 0.10242820856742244, 0.03060782887855885, 0.014311519284373157, 0.012560510419457003, 0.0, 0.015238587670947134, 0.008400746297778896, 0.03125598377075223, 0.012859138050205998, 0.0, 0.013168086700008828, 0.0060613268107053905, 3.6214934779313906e-93, 0.0, 0.013058699742168766, 0.08296458555238853, 0.059241665431592545, 0.030321956799882824, 0.014191020822413265, 0.012064680784307126, 0.011853292294682504, 0.03270588191615547, 0.01632994547181668, 2.4468974113819362e-191, 0.01109263246428374, 0.013074733769338794, 0.013100129560117418, 0.011272001276036005, 0.06761783457779405, 1.6989690793759754e-53, 0.012955869879184085, 8.93632303621661e-59, 0.014521945924764907, 0.047981328842411415, 0.013877851886203869, 0.009602586408912997, 4.567069314632025e-158, 0.019376244244356924, 0.020546354886454, 0.03196693294588943, 0.0, 0.013626876881477496, 0.016935627791760846, 0.061922239378880285, 0.001902754748043344, 0.012706777624471019]
[0.014732517629791688, 0.066256564236504, 1.2081705431474493e-34, 0.0, 0.08723341808229315, 0.03169952129527233, 0.015905221581814698, 0.014124634695793855, 0.0, 0.01686237226022153, 0.009725725929649412, 0.03226217280330443, 0.01443218032105296, 0.0, 0.014750235107322252, 0.0071346866373163025, 1.286057228511976e-77, 0.0, 0.01463682065225243, 0.07340734378480843, 0.055564470755353874, 0.03142216940166145, 0.01581156987421442, 0.013605993421968287, 0.013385066564394648, 0.03357053014308083, 0.017971469240722165, 2.7915566720642743e-192, 0.012593787351877573, 0.014655320295307975, 0.014681500917613041, 0.012790563160675679, 0.06239878800927652, 6.21539993497908e-59, 0.014532441178579247, 3.9693227614105906e-48, 0.01614212700147491, 0.046701512423103435, 0.01547992270736919, 0.011017026577717635, 4.533803622920131e-163, 0.020980649839141902, 0.02214842832057958, 0.03285389977437485, 0.0, 0.015224555647630839, 0.01858460055292846, 0.05770390311647469, 0.002740300050242241, 0.014275988441479554]
[0.012555911795821068, 0.07567514648628344, 3.1475880324634963e-34, 0.0, 0.10795224514014053, 0.030284140557740546, 0.013712555329185902, 0.011974364307279326, 0.0, 0.01463220880137495, 0.007906854630121968, 0.030961973515458745, 0.012269422859169325, 0.0, 0.01257492932443886, 0.005662689169312586, 9.47313468548038e-188, 0.0, 0.012466912040627522, 0.08643830286746194, 0.06064336792621987, 0.029990373523077717, 0.013586463017227643, 0.011486303248609792, 0.011279516585329486, 0.032469620051827026, 0.015721231697829244, 0.0, 0.010530481431132334, 0.012482599200424865, 0.01250749156233489, 0.010704837021810772, 0.06956868385263137, 2.7930518248972623e-52, 0.012364967156862897, 5.491716698283023e-116, 0.013917588876909397, 0.048549105739616724, 0.013278060830923505, 0.00907424387793458, 9.964280884869749e-210, 0.01878847013609095, 0.019969358902904164, 0.03171162347543041, 0.0, 0.013028949651410882, 0.0163273417690278, 0.06351527509568078, 0.0013176244662280881, 0.012118763922765726]
[0.012969437957051033, 0.0739160846543695, 2.685071451796122e-28, 0.0, 0.1038804826059529, 0.030508521701145815, 0.014122356331281375, 0.012385597163186442, 0.0, 0.015045857768710051, 0.008271423524637504, 0.031160873243372418, 0.012681565402768597, 0.0, 0.012988003098060363, 0.005964091034251758, 4.194683124086993e-93, 0.0, 0.012879410490998913, 0.08396016637780104, 0.05967236556249621, 0.030215662698992497, 0.014005473805768215, 0.01189371224804355, 0.011684781242420407, 0.03263080940742707, 0.016134254658420215, 1.1103994298331106e-181, 0.010931615439333558, 0.012895651977295143, 0.012920706431290929, 0.011109965419528972, 0.06829610940306886, 2.7762908228229723e-49, 0.012777615662725806, 5.4042593508277134e-55, 0.014334019816072121, 0.048186682936875856, 0.013692901417578042, 0.009458289000602122, 1.315709593573758e-150, 0.01917578894861845, 0.020351475166773943, 0.0318737244204424, 0.0, 0.013443892203312574, 0.016739360297720367, 0.06242162332260868, 0.001889002484248313, 0.012530644527648103]
[0.014004518312427675, 0.06946276709106593, 4.159490756041556e-31, 0.0, 0.09409355997841032, 0.031170284093544744, 0.015163166629110145, 0.013408934928929113, 0.0, 0.01610349349758262, 0.009141341982278775, 0.03176712294612304, 0.013710427275565276, 0.0, 0.014022411944706223, 0.006669199823999817, 9.073245734880173e-73, 0.0, 0.013911386633824173, 0.0778007270418196, 0.057262213667616774, 0.030884698088542027, 0.015062459118686417, 0.012903094028955718, 0.012687600725206933, 0.03314245084893451, 0.017200144317611733, 5.201074184144199e-177, 0.011915403690829602, 0.013928964906148403, 0.013954607001805515, 0.012104312766275955, 0.06491387422194073, 2.087158041508079e-54, 0.013808601861673103, 1.3088008326540926e-45, 0.01539007177298529, 0.04730598370443309, 0.014738981001500976, 0.010386258295164152, 1.645812573675891e-148, 0.02021010052228052, 0.021378870966492925, 0.03240349812671338, 0.0, 0.014487366099432498, 0.01780792739884024, 0.059667915555995266, 0.002468162411525389, 0.013557096533321841]
[0.012887090776193686, 0.07423563491661066, 1.6616753890340032e-22, 0.0, 0.1043050354569042, 0.030512344566175603, 0.014046719835513833, 0.012301740501424735, 0.0, 0.014970882822546609, 0.008185434446881995, 0.031176152700162753, 0.012598685778671586, 0.0, 0.01290603986584698, 0.0058891745834765245, 2.1881062604480977e-90, 0.0, 0.012797275138393394, 0.08433647667242311, 0.05995006031861492, 0.030221417602576753, 0.013924135613085038, 0.011809551510387376, 0.011600094398808429, 0.032658202073479047, 0.01606198754129571, 1.0795978773755372e-158, 0.01084519906897321, 0.0128131341578077, 0.012838325098062122, 0.011022223635369017, 0.06849275628308972, 2.0285926104290937e-41, 0.012694879059581547, 3.679863418745909e-50, 0.014254925269214775, 0.04833627886902241, 0.013612778137080157, 0.0093710999633909, 6.504828620134076e-130, 0.01912171999135979, 0.02029951674735392, 0.03190673306698849, 0.0, 0.01336264008328129, 0.016668484585431683, 0.06269953302499308, 0.0018385068825094806, 0.012447128818593861]
[0.012887936517618562, 0.07433374561250508, 7.685072558812461e-31, 0.0, 0.104949665176205, 0.030414108880272888, 0.014041952116217551, 0.012305637820136075, 0.0, 0.014959274574886865, 0.00820279700183271, 0.03107584828036899, 0.012601206078791418, 0.0, 0.012906964222724165, 0.005905879044522615, 3.574126506267604e-145, 0.0, 0.01279884370399657, 0.0845786996179395, 0.059898807764526156, 0.030124058602880168, 0.013917903861435621, 0.011816343721713968, 0.011607209960615074, 0.03255367679906007, 0.01604256264981412, 0.0, 0.010855697489560152, 0.012814300592165427, 0.012839495406175712, 0.011031026963598005, 0.06854495749891062, 1.0695341525935746e-48, 0.012696800213329919, 2.4369883988677258e-91, 0.014247004082134262, 0.048234836098646545, 0.0136094746537451, 0.009386217006872222, 1.59015490915213e-167, 0.019083010757753878, 0.020252142477343114, 0.03180427773173228, 0.0, 0.013360576839737391, 0.016644587141839466, 0.06267250191349312, 0.0015497046115050207, 0.012450266357740698]
[0.012957180887959814, 0.07391421757162993, 7.785782279497244e-33, 0.0, 0.10393194013714799, 0.030565688970344656, 0.014121537112842903, 0.012369017986982866, 0.0, 0.01504960633279627, 0.0082300427902541, 0.031224718881534615, 0.012667373688397434, 0.0, 0.01297616749352444, 0.005920122917683501, 2.0366169255450356e-116, 0.0, 0.012866876999588769, 0.0839681570119867, 0.059721453372682504, 0.030276415543460007, 0.01399896999759108, 0.011874217188930416, 0.011663898047778343, 0.03269620746739687, 0.01614445999900674, 2.8601335990892558e-213, 0.01090490874992763, 0.01288290194401091, 0.012908175611131806, 0.011083169031168266, 0.06823469552521953, 8.136697301956113e-54, 0.012764038093573593, 8.594931143779172e-71, 0.014331168179770233, 0.04822939549346748, 0.013686157541433158, 0.009422611842693964, 1.226072631582296e-175, 0.019209470085012042, 0.02038804301974378, 0.03194936025829204, 0.0, 0.013434977202237203, 0.016752750871878157, 0.06245171484886331, 0.0017130671606553427, 0.012515123993818964]
[0.012540880810679398, 0.07579997609985155, 3.264581758718732e-33, 0.0, 0.10826923827737697, 0.03020498704863422, 0.013691627381126122, 0.011962292456191499, 0.0, 0.014606082722246203, 0.007912160247260495, 0.03088188172238313, 0.012255902210250908, 0.0, 0.012559878453208856, 0.005670860322964018, 2.5475998531511477e-161, 0.0, 0.012452419689112626, 0.08662984414214718, 0.060663973000670786, 0.02991118214651505, 0.013566180143293857, 0.011476908756360255, 0.011270109133562405, 0.03238929529531723, 0.01568897885464614, 0.0, 0.010525407949697654, 0.012467798454014724, 0.012492716577165696, 0.01069845225182467, 0.06967066485978782, 8.72584776756491e-52, 0.012350954273038848, 1.5190327722601923e-100, 0.013894813771676534, 0.048510939660882, 0.013259151148078097, 0.009075213274059262, 1.7089960673796768e-190, 0.01874114338127749, 0.019916216415509044, 0.03163004382463562, 0.0, 0.013011238744562002, 0.016291593261669315, 0.06355677692167493, 0.0013962773055411892, 0.01210593886389195]
[0.01269872638324465, 0.07516674981579052, 4.337628715585035e-33, 0.0, 0.10696000528201245, 0.03025851621663146, 0.013850195551725055, 0.012119060816409243, 0.0, 0.014763810579262687, 0.008046922619177695, 0.030928722504825354, 0.012413336627228861, 0.0, 0.012717823136576566, 0.005779545159890329, 3.267597969909996e-151, 0.0, 0.012610213834569261, 0.08578208414474228, 0.060298814956100434, 0.029967976229732497, 0.013724349901275964, 0.011632623382254454, 0.011424458486668532, 0.032420387149341805, 0.015844372227533998, 0.0, 0.010677419718771163, 0.012625411630244611, 0.012650517508269928, 0.010850860680494661, 0.06915851034793902, 1.071024941662564e-51, 0.012508499649969761, 8.443290579597982e-96, 0.014052648851646886, 0.04833810950675491, 0.013417549498825747, 0.009219013058723144, 1.0527409000312972e-181, 0.01888572117173034, 0.020054003790288547, 0.0316691335169551, 0.0, 0.013169382680368009, 0.016445069246041298, 0.0631440808126309, 0.0014623769817156077, 0.012262996193427092]
[0.012561066453747749, 0.07563560774748952, 2.3519129987957394e-33, 0.0, 0.10783742453890996, 0.03029697374776074, 0.013718961655077567, 0.01197896066908673, 0.0, 0.014639395127304618, 0.007908197417016528, 0.03097502343485465, 0.012274308441175335, 0.0, 0.012580116328355647, 0.005663111789278033, 2.988706130015911e-167, 0.0, 0.01247199824468127, 0.08637622507308443, 0.060630365540124846, 0.030003471421031516, 0.013592549070864789, 0.01149045913943377, 0.011283483123729529, 0.03248236422590221, 0.015729350305630527, 0.0, 0.010533752346588184, 0.012487683612145691, 0.012512603540772656, 0.01070821881310444, 0.0695399065844837, 4.47641275062394e-52, 0.012369944432713819, 6.64963719928371e-102, 0.013924033331088796, 0.04855077781917451, 0.013283924221063908, 0.00907634080438912, 1.0886322509582658e-199, 0.018799229536452702, 0.01998065763744484, 0.031725103581852765, 0.0, 0.013034557781765002, 0.016335932583325004, 0.06349756586913775, 0.0013868566242156203, 0.012123497238074633]
[0.01258604456214203, 0.07552573649171575, 2.670903948928244e-34, 0.0, 0.1075735685580097, 0.030319387974103, 0.013745147547947244, 0.012003316741471403, 0.0, 0.014666161523500816, 0.007926781210965038, 0.030997041955787515, 0.012299004159372455, 0.0, 0.012605138485257942, 0.005677050306859531, 2.745711992132713e-167, 0.0, 0.012496914719010422, 0.08621899099063184, 0.06058137728136428, 0.030026486729232717, 0.013618416502824554, 0.011514326793748857, 0.011306917476715268, 0.03250255775529423, 0.015756686091988072, 0.0, 0.010556359824869504, 0.012512561095174967, 0.012537538062720423, 0.01073091762526556, 0.06945062759126512, 3.5322190506859088e-53, 0.012394732998296723, 3.8917978018760895e-103, 0.013950103411016282, 0.04853759018980057, 0.013309581680692774, 0.009096821677091584, 6.995269327474244e-202, 0.018827972008670476, 0.02000926855989879, 0.03174685626691059, 0.0, 0.013059948594142692, 0.01636347865129174, 0.06343736856856634, 0.0013832123205076389, 0.012148006867414522]
[0.012538643483308496, 0.07581618340153952, 8.6101927704e-32, 0.0, 0.10822411295565561, 0.03020619971991113, 0.013686975924435582, 0.011960902074715146, 0.0, 0.01460106283107455, 0.00791649461166856, 0.030881696654354054, 0.012254010681498291, 0.0, 0.012557521227452085, 0.005676393227544884, 7.578479795714178e-166, 0.0, 0.012450183422525686, 0.0866296071750533, 0.06067677301718699, 0.029910770936243492, 0.013563201523528306, 0.011476028423871638, 0.011269589950051414, 0.032390391729576834, 0.015683349562441756, 0.0, 0.01052614752488909, 0.012465663466191896, 0.01249051875756323, 0.01069933908418106, 0.06971256199378417, 9.93358185727907e-50, 0.012348959054548294, 1.8907501748480223e-102, 0.013891096390824715, 0.04852917108408557, 0.013255902638942017, 0.009078062499562799, 5.716559060417338e-186, 0.01873237860567616, 0.019908464779449932, 0.0316268300984032, 0.0, 0.013008431647177294, 0.0162858233895508, 0.06357393103165086, 0.0013922842337052814, 0.01210434103665211]
[0.012907678175696784, 0.07401816319939111, 3.361461634908274e-23, 0.0, 0.10363082888794346, 0.03066858181529786, 0.014081240051251274, 0.012316548904422076, 0.0, 0.01501352694148216, 0.00816737091587969, 0.031339397722873585, 0.012616540797494443, 0.0, 0.012926973924485496, 0.005866628951882929, 1.9636922392836523e-102, 0.0, 0.012817215385980105, 0.08396947835238329, 0.059972652373136995, 0.03037954641627081, 0.013953262144640774, 0.01181993396749613, 0.011609745906187338, 0.03282544887854331, 0.01611542349473922, 2.7768030538111547e-162, 0.01084659126178109, 0.012833196423169334, 0.012858504161293718, 0.011024603304781878, 0.06828995152416405, 1.4446786540160868e-40, 0.012713587816501488, 1.704523911574585e-59, 0.014289510077596088, 0.04844874153283384, 0.013640937803825465, 0.009360920193855352, 1.2327127327512124e-128, 0.019209044051728377, 0.020396056267014094, 0.03208147759075253, 0.0, 0.013388106466780385, 0.016727920674990685, 0.0626718143486384, 0.0017394748312577436, 0.012463374322209243]
[0.012621235908478851, 0.07536384894518705, 1.033579040919496e-34, 0.0, 0.10719358633746283, 0.030355098348730673, 0.01378232427641649, 0.01203741799949079, 0.0, 0.014704678881172413, 0.007951624672891887, 0.031031928671766122, 0.012333671645808113, 0.0, 0.012640369610237411, 0.005695682547487987, 5.10314052192021e-166, 0.0, 0.0125319506873413, 0.08598849875832197, 0.06050770408627869, 0.030062888432237797, 0.013655292468720041, 0.011547480574988592, 0.011339628034165047, 0.03253471271180189, 0.015796560468134498, 0.0, 0.0105874912920628, 0.012547611399440892, 0.012572644411559298, 0.010762409478221073, 0.06932186177559956, 1.0055141011335574e-53, 0.012429572043055224, 1.1421061736770265e-102, 0.013987524998998207, 0.04851934297370314, 0.013346024287441895, 0.009124597161016946, 9.134452434935912e-203, 0.01887062271993939, 0.020052314023695162, 0.03178092598863566, 0.0, 0.013095961351987801, 0.016403989189305666, 0.06334763028408871, 0.0013909091440489022, 0.012182383261152533]
[0.015111445812822812, 0.06481582406030037, 5.852230290117256e-29, 0.0, 0.08441043739772221, 0.03172873183096014, 0.01626233100530534, 0.014510122046657392, 0.0, 0.017208352463027713, 0.010112880988533123, 0.03226405731876922, 0.014814217241171459, 0.0, 0.015128498716410331, 0.0074695170121963595, 3.230821598856653e-85, 0.0, 0.015016213569840835, 0.07151169886104337, 0.05464006157152638, 0.03145093886116908, 0.01617861964996086, 0.013995119322564578, 0.013774954106739581, 0.03353541495139095, 0.018299654382238066, 1.610881377515386e-184, 0.012989680728903167, 0.015034891167337614, 0.01506092152039784, 0.01318767482125119, 0.06130827545690766, 5.895221764845729e-52, 0.014913403668020056, 1.2775074459503217e-44, 0.016502057843175922, 0.04623585429355902, 0.01584880691006267, 0.011413178609364102, 4.214032006403718e-159, 0.021239404293658663, 0.022388539030049268, 0.032816620558932766, 0.0, 0.01559739565806919, 0.018902718083833214, 0.056700101749281376, 0.002961445624145065, 0.01465993857944059]
[0.012859252913844554, 0.07434887065598927, 4.733273757380295e-25, 0.0, 0.10486012799705005, 0.030461328952366626, 0.014018078406882281, 0.012274600838510143, 0.0, 0.014940831737013415, 0.008164632019446784, 0.03112607577495851, 0.012571223692634732, 0.0, 0.012878198226471462, 0.005876236549781077, 8.433872181810517e-82, 0.0, 0.012769592766158794, 0.08456821882602467, 0.05996189606136382, 0.03017137721057845, 0.013894110832818485, 0.011782994264971033, 0.011574745874037753, 0.03260713991829474, 0.016030578998713227, 1.8551253395888203e-157, 0.010819944396574835, 0.012785524072802585, 0.01281057874317794, 0.010996820541195936, 0.0685376823218262, 2.348791987454595e-44, 0.012667248197475903, 1.2849969171687745e-50, 0.014225710986805872, 0.04829565713358485, 0.013584210594811769, 0.009348283766027258, 2.353947640822269e-127, 0.01908722941975884, 0.020263029842018443, 0.03185911087746566, 7.313583388044183e-212, 0.013334365501418336, 0.01663640050303883, 0.0627240633572504, 0.0018641983130327936, 0.012419828772501779]
[0.012502609502066133, 0.07592608732164154, 9.018446755611827e-28, 0.0, 0.10839857025505917, 0.030218933253002865, 0.013655219135831335, 0.011923269996659077, 0.0, 0.014571822006524529, 0.00787357606258224, 0.03089820656428249, 0.012217200696096856, 0.0, 0.012521580316823145, 0.005639040380093403, 5.511932743517444e-147, 0.0, 0.01241396136114211, 0.08676504398144183, 0.06076792313874931, 0.029924217405229298, 0.01352978247443383, 0.011437214062866437, 0.01123078453170266, 0.03241055183925772, 0.015657564293141454, 6.620886617006094e-215, 0.010485272986613519, 0.012429503515350701, 0.012454363889096832, 0.010658710728908755, 0.06978235277948994, 1.2335840370710646e-45, 0.012312402583148073, 6.575894430880778e-86, 0.013859322514233819, 0.04858181609040554, 0.013222110795472643, 0.00903539086613165, 4.7032340757019965e-169, 0.018718074912628217, 0.01989699855888624, 0.03164923337715291, 0.0, 0.012973843062037735, 0.016261933197649542, 0.06366557058055693, 0.0014628377629096942, 0.012067103080946074]
[0.012548900718944482, 0.07572923669867655, 2.5241237146735126e-33, 0.0, 0.10809421406187561, 0.030242494688820468, 0.013703353599172985, 0.011968601719697125, 0.0, 0.014620435571025917, 0.007908518301015514, 0.030920349129804785, 0.012263078736492246, 0.0, 0.012567957175451552, 0.005665441415670335, 3.9932366369674945e-155, 0.0, 0.012460187055066314, 0.0865247473694062, 0.06064854728940172, 0.029949325375174262, 0.013577064932486425, 0.011481786308267137, 0.011274734791343215, 0.03242744654995415, 0.01570648305618149, 0.0, 0.010527672864285726, 0.012475652068326114, 0.012500598639766138, 0.010701238573297366, 0.0696073568510941, 2.648537583268778e-52, 0.012358406753649666, 6.362920759010836e-96, 0.013907027385960604, 0.04852340192340481, 0.013269380133064801, 0.009073958857544308, 7.828802583232307e-191, 0.018767146395797338, 0.019944576792927222, 0.03167028378972007, 0.0, 0.013020722982692426, 0.016310793982002202, 0.06352965853136351, 0.001416543012123939, 0.012112675774420672]
[0.012548789919723491, 0.07571381659457524, 5.280434903467351e-27, 0.0, 0.10790354509128099, 0.030249201562390127, 0.01370163974172819, 0.011969084080792202, 0.0, 0.014618556635050284, 0.007913899217740876, 0.03092682554985611, 0.012263205899495635, 0.0, 0.012567752034694402, 0.005673422936323277, 1.1875827705569078e-119, 0.0, 0.012460068092078898, 0.08646399681091468, 0.06066513790267158, 0.029954984470468175, 0.013576286335904254, 0.011482596392275066, 0.011276107204333361, 0.03243558486007186, 0.015704342958932284, 4.8634751423345466e-191, 0.010529759478544712, 0.012475652517568055, 0.012500519805219415, 0.010703526852825426, 0.06961497409715342, 1.6520949351859545e-45, 0.012358452354570301, 9.495197437230186e-71, 0.013906051506132042, 0.04854779688874944, 0.01326861783751516, 0.0090779105068517, 1.3004653378627309e-152, 0.018763481749932462, 0.01994182432875565, 0.031675842953037395, 0.0, 0.013020273822616314, 0.016308686149692535, 0.06354371979390251, 0.0015810479029455251, 0.012113017027044237]
[0.012566861848310662, 0.0756376767098964, 1.345379473276601e-32, 0.0, 0.10793263845673612, 0.030276361966191545, 0.013723633650596522, 0.011985177204072888, 0.0, 0.014643142952013811, 0.007915291135082422, 0.03095339310111461, 0.012280316820621726, 0.0, 0.012585887656921877, 0.005669458450286091, 1.595856771645379e-186, 0.0, 0.01247785069832988, 0.08640445927103038, 0.06060598410770383, 0.029983225036268636, 0.01359737164674059, 0.011496945946771486, 0.011290182926227948, 0.032458740475046044, 0.015731787048604597, 0.0, 0.010540705675081509, 0.012493547008514407, 0.012518439653138728, 0.010715181907148165, 0.06953115991459707, 2.93891494561542e-50, 0.01237587603313098, 1.8480038502524324e-113, 0.013928603635158633, 0.04851850433127692, 0.013289104566720538, 0.009083598756342038, 3.487355850480889e-204, 0.01879712305503136, 0.019976699096100434, 0.03170231999440706, 0.0, 0.013039971725534578, 0.016337587700581704, 0.06347723566597363, 0.0013283378171666449, 0.012129616199943287]
[0.012641301562100749, 0.07533061012993414, 1.851024680684342e-25, 0.0, 0.10705418234177022, 0.030304433025408434, 0.013797228317300653, 0.012059551671238006, 0.0, 0.014716105843388895, 0.007983076194000037, 0.0309781674667681, 0.012354744512839756, 0.0, 0.012660332007269888, 0.005725292172911562, 3.336925155496765e-126, 0.0, 0.012552280386351715, 0.08593775221432311, 0.06045493003453506, 0.030012205844624797, 0.013671897212510763, 0.011571178561065008, 0.011363459668062927, 0.03247763500511191, 0.0158032071038851, 8.889713218420524e-195, 0.01061405451004392, 0.012567853760413708, 0.012592868877400609, 0.010788632312031025, 0.06931283788624655, 7.159596383570076e-44, 0.012450319929604537, 1.9211585026455858e-70, 0.014002062711362187, 0.04846138063477489, 0.013363237967305177, 0.009154372921333, 3.468710032099412e-157, 0.018862165113083907, 0.020038650535239542, 0.03172254741750369, 0.0, 0.013114168175003556, 0.016407834296229763, 0.06330310060517888, 0.0015903338357799912, 0.01220400709901313]
[0.012494452870524043, 0.07596418722176408, 2.987888274505561e-32, 0.0, 0.10860640595419035, 0.030211827185035844, 0.013646933177165105, 0.011915171655577138, 0.0, 0.014563545426583308, 0.007866002539011232, 0.030890935842548185, 0.012209065872709793, 0.0, 0.012513408233568904, 0.005632547874125119, 2.8826619335080094e-172, 0.0, 0.012405800963024053, 0.08684585522273548, 0.060770829987795476, 0.02991695579509052, 0.013521481592597341, 0.011429130682200188, 0.011222930282887216, 0.03240316425153815, 0.01564935129927124, 0.0, 0.010477337586121661, 0.012421383492693758, 0.012446211161284483, 0.010650827110596311, 0.06980323454060369, 2.559086792933323e-50, 0.012304256079223625, 4.77404777560566e-105, 0.013851183798539519, 0.048574943148642524, 0.013213915623035928, 0.009027681580870894, 2.509682567969161e-195, 0.018709794778640383, 0.019889019182339034, 0.03164173920245426, 0.0, 0.012965689031951232, 0.016253821881226465, 0.06367304185155821, 0.0013569414533210625, 0.012058994418262454]
[0.012564656401045862, 0.07563609753461942, 2.5950020952049133e-34, 0.0, 0.10785401781254028, 0.0302928162634562, 0.013721655069977405, 0.011982913606963082, 0.0, 0.014641521408176072, 0.007913534430852248, 0.030970467669426925, 0.012278074733294094, 0.0, 0.012583685645956548, 0.005667786855157648, 9.375424116988661e-186, 0.0, 0.012475635407989367, 0.08638106733218863, 0.060626764242974085, 0.029999172663256506, 0.013595511003647556, 0.011494688161693491, 0.011287770590270427, 0.03247756293165059, 0.01573075733088081, 0.0, 0.01053847287369647, 0.012491311922679525, 0.012516224084071282, 0.010712871740194014, 0.06953832135299663, 2.5370887799808663e-52, 0.012373651464768551, 3.6811461047950517e-115, 0.01392669546871524, 0.0485459318957523, 0.013287020783966952, 0.0090815509954288, 2.254031971343686e-208, 0.01879846213551279, 0.019979399667035592, 0.031719914224473504, 0.0, 0.013037829058375562, 0.01633695740228496, 0.06349468921538896, 0.0013171787039129778, 0.012127359759142416]
[0.013092004780977514, 0.07341823619444515, 6.085441071182744e-32, 0.0, 0.10319143463549023, 0.030534586172838583, 0.014255290432863683, 0.012503925355904765, 0.0, 0.015179643631486049, 0.00835034783754987, 0.03118760578441334, 0.012802424552685196, 0.0, 0.01311113207587632, 0.00601926335253742, 5.849494610881829e-95, 0.0, 0.013001938043444277, 0.08338883126771153, 0.059361847643006886, 0.03025093040366037, 0.01413127709917073, 0.012009173432379608, 0.011797813676753881, 0.032640354659025914, 0.016268719399551986, 4.840742243930018e-191, 0.011037769855595818, 0.01301763505393382, 0.013043080355837573, 0.011215831158981424, 0.06777529336031696, 3.90128694369418e-53, 0.01289897372778829, 6.726138634255652e-61, 0.01446260398967741, 0.04798216733791239, 0.013819995636188364, 0.009549852608802813, 7.082614752931051e-157, 0.019314577482685218, 0.020480707575157825, 0.03190707406211112, 0.0, 0.013569009004415244, 0.01687290567582761, 0.06206288963292519, 0.0018428214852137478, 0.012650031414216344]
[0.013767275575699043, 0.07040621665529757, 7.653715135125942e-36, 0.0, 0.09632334047328243, 0.031111514662167043, 0.014951737383002109, 0.013164354250956162, 0.0, 0.01589639164157583, 0.008869091120065608, 0.03173651912213202, 0.013470277738879193, 0.0, 0.013786476119876538, 0.006423280665416522, 6.992445911625029e-97, 0.0, 0.013674461640708629, 0.0791518486508413, 0.05785971400686661, 0.03083556206649104, 0.01483193542337917, 0.01265522670854422, 0.012437362045452652, 0.03313193873524429, 0.017003073404213767, 4.3681224037392044e-207, 0.011655551541518237, 0.01369092154646029, 0.013717060905805455, 0.011841181321374818, 0.06546027242485421, 1.949441207130513e-58, 0.0135693158958307, 4.177487109526532e-62, 0.01516804101778584, 0.04753029247087568, 0.014511633659592732, 0.01011624617410266, 8.245778005259349e-173, 0.020067599385684434, 0.021237936211446144, 0.03241938024626228, 0.0, 0.014255517623912965, 0.01761539870749051, 0.06029796575350755, 0.002043828406878655, 0.013314258445716305]
[0.012572980724263919, 0.07559865400519963, 1.2464822902203708e-34, 0.0, 0.10775808477053404, 0.03030155330262022, 0.013730361870010479, 0.011991035218313526, 0.0, 0.014650448213269428, 0.007919795621856466, 0.030979071136150997, 0.01228630610821957, 0.0, 0.012592023887427936, 0.005672509360381483, 2.1772735222883676e-185, 0.0, 0.012483935865581778, 0.086325755171906, 0.06061149368549287, 0.03000804347254241, 0.013604148609988851, 0.011502648638011002, 0.011295589384621073, 0.03248568722369053, 0.015739910153361947, 0.0, 0.010546029133445026, 0.012499601300243062, 0.012524530786589712, 0.01072046365219654, 0.06950900696707142, 1.073350599330157e-52, 0.012381914667723983, 2.288819038639122e-115, 0.01393539600150516, 0.04854350489479003, 0.013295570282120769, 0.009088423112161102, 5.832794599619838e-209, 0.018808183963451304, 0.01998919126353651, 0.031728396665647016, 0.0, 0.013046292533815734, 0.016346209850360612, 0.06347546146002127, 0.001316252776981975, 0.012135534109097897]
[0.013767563737249952, 0.07040506463127046, 8.194968920100562e-36, 0.0, 0.09632127434553946, 0.031111583040701035, 0.014952027015216125, 0.013164639730661492, 0.0, 0.015896679864183142, 0.008869334151398674, 0.03173657431088028, 0.01347056479803876, 0.0, 0.013786764295157175, 0.006423476500890872, 8.626496353667268e-97, 0.0, 0.013674749378379014, 0.07915038851069225, 0.05785899668532836, 0.030835637503829293, 0.014832223969102774, 0.012655510010964648, 0.012437643325831652, 0.03313196154992896, 0.017003356708082985, 7.03445672047697e-207, 0.011655827685791395, 0.013691209102844486, 0.013717348652960756, 0.011841458513669021, 0.06545928837251645, 2.146966530230966e-58, 0.013569603085654573, 4.751907315778902e-62, 0.01516832942028401, 0.04752990917814918, 0.014511922806181798, 0.010116506533168895, 1.2204688852405923e-172, 0.020067861114297827, 0.021238183572567213, 0.03241942136764986, 0.0, 0.014255806106946153, 0.017615678436649768, 0.06029716649017751, 0.0020439206989000766, 0.013314544627444008]
[0.0127662065416655, 0.07478480088057755, 7.685109811472491e-27, 0.0, 0.10600146026719497, 0.030358896249475034, 0.013922543057477513, 0.012183543033811571, 0.0, 0.014841777124103003, 0.00809151642054976, 0.031027212901248203, 0.012479226687094695, 0.0, 0.012785215351366523, 0.005817224565560871, 9.141063591537987e-93, 0.0, 0.012677011628493167, 0.08522018970586921, 0.060145355192108105, 0.030068946877656835, 0.013797254886375772, 0.011694024077761662, 0.011486253110140718, 0.03251393819860882, 0.015928231273783174, 1.935747978178659e-170, 0.010734429723330685, 0.0126927006508986, 0.012717723033992729, 0.010909932661008405, 0.06885839912233489, 3.621124842003646e-46, 0.012574900271458392, 2.003301042114038e-57, 0.014128033210501132, 0.048320576250530475, 0.013488863150083604, 0.009269161869464065, 1.1074164052048629e-137, 0.018980499945998836, 0.02015354346617422, 0.03176546363419074, 0.0, 0.013239653164117376, 0.016532253131616007, 0.0629497179163577, 0.0017650636216001486, 0.01232825700560708]
[0.01340832482902778, 0.07173643654325579, 2.0224228475811622e-19, 0.0, 0.09814164092552834, 0.031176391308314663, 0.014612326621865882, 0.012800958230829166, 0.0, 0.015563802291243226, 0.00851471877396164, 0.03183767215793696, 0.013109463593816859, 0.0, 0.013428349062843325, 0.006122604119017627, 4.6619557600264694e-104, 0.0, 0.013315701133786054, 0.08069568020866798, 0.05896080872217793, 0.03089878889681251, 0.014478958885337845, 0.012290542420223557, 0.012072964332532188, 0.03328546677374922, 0.01668521149407798, 8.4223380153208e-150, 0.011286885093529857, 0.013331661937595527, 0.013357901171879922, 0.011469623313193511, 0.06645801953562121, 2.0465506293091885e-35, 0.01320905644104035, 1.162821405814871e-55, 0.014822761826667023, 0.04820212515755008, 0.014160212132728753, 0.009751361368863367, 2.185414003803824e-118, 0.01982131374228142, 0.021012545157177164, 0.032571970350374374, 0.0, 0.01390079109001455, 0.017306557142088345, 0.06142754750001649, 0.001820991889249167, 0.012951863680787839]
[0.012558613347478343, 0.07566644916653117, 1.8014976086072326e-33, 0.0, 0.10795237365671546, 0.030281273519194782, 0.013715219227148091, 0.011977058956430075, 0.0, 0.01463480744625655, 0.007909078829569332, 0.030958840270673797, 0.012272121887085357, 0.0, 0.012577631874335034, 0.0056645501861068955, 2.4216580110631844e-185, 0.0, 0.01246961382134633, 0.08643167191063075, 0.0606331308448977, 0.029987645639552866, 0.01358911626258141, 0.01148896515515185, 0.011282208691005501, 0.03246584477206703, 0.01572369268137073, 0.0, 0.010533080561533178, 0.01248530603357752, 0.012510196907751221, 0.010707475327471825, 0.06955999534282813, 2.739871546224441e-51, 0.012367668221690971, 5.7402056090678755e-114, 0.013920258952691368, 0.048540320149825913, 0.013280756750120803, 0.009076672290674551, 1.0448899159316388e-205, 0.018790253415957938, 0.01997077388759267, 0.0317082080756975, 0.0, 0.013031653358012846, 0.01632970071829474, 0.06350518881433828, 0.0013211213219786748, 0.012121461568401456]
[0.012580797760513414, 0.07559904619912775, 1.4796094480352468e-28, 0.0, 0.1076249018709248, 0.03027909544256606, 0.013734301875273306, 0.012000377793900471, 0.0, 0.01465244723283335, 0.007937655349600805, 0.030954411089750923, 0.01229483141849273, 0.0, 0.012599737203720277, 0.005689683373724099, 1.241536579288442e-165, 0.0, 0.012491900709950968, 0.0862975474238246, 0.06060219499940302, 0.029984613725922482, 0.013610002720465654, 0.011513152252676075, 0.011306041580766448, 0.03246054883112524, 0.015739215239372134, 0.0, 0.01055892112342872, 0.01250751893070979, 0.012532445794070873, 0.010733110857329791, 0.06954414777881969, 1.10894801276205e-45, 0.012390226117764224, 1.8357069649004607e-98, 0.013939509689140228, 0.0485337257946607, 0.013301366121023648, 0.009104286774060288, 2.3965404919551455e-176, 0.018798790743962547, 0.019977838180130034, 0.03169973315217962, 0.0, 0.013052800580511925, 0.016344021457068616, 0.06347361267527352, 0.0014109500565062754, 0.012144489930347405]
[0.013390617210312305, 0.0721403467263894, 1.4443411305330896e-31, 0.0, 0.1003810568359765, 0.030714984035254196, 0.014555358865809106, 0.012799222523665141, 0.0, 0.01548430192788331, 0.008601513000225807, 0.03135178568185667, 0.013099282281594524, 0.0, 0.01340954609672671, 0.006223386728548526, 2.1624021595818855e-80, 0.0, 0.013299666896032708, 0.08162349049780332, 0.05866209236910195, 0.030433681471222725, 0.014435934908330856, 0.012300471294180776, 0.012087346099048739, 0.03277657307620587, 0.016575348922540083, 1.5791879865717263e-179, 0.01132175086022886, 0.013315761490981947, 0.013341361779352565, 0.011502899303622287, 0.06680495265978834, 1.7978326991143188e-53, 0.013196427102942668, 5.333818254455422e-53, 0.014767010122532832, 0.04771739708905772, 0.01412166597618447, 0.009817780097535745, 4.040490852102326e-148, 0.019610593429645877, 0.02077386745423626, 0.032049049139828825, 0.0, 0.013869978290229994, 0.017180031266597867, 0.061266446583805874, 0.0020508069197286436, 0.012946212823676771]
[0.012795110166978861, 0.07457905816310102, 3.951167889119429e-34, 0.0, 0.10537167912664999, 0.030505344998768537, 0.01396200289027434, 0.01220732635358755, 0.0, 0.014889761724877347, 0.008084413293346887, 0.031175005503630764, 0.012505567550883416, 0.0, 0.012814268879806278, 0.005799473689702548, 5.788684862218317e-144, 0.0, 0.012705099893447909, 0.08487658114173004, 0.060118631015055525, 0.03021510711856568, 0.01383584710337102, 0.011713561096891438, 0.011504116920270199, 0.03266306843782154, 0.01598639878130089, 0.0, 0.010746089497958793, 0.01272097587252962, 0.012746177802559329, 0.010923015211909217, 0.06872571744996787, 5.42564800372372e-54, 0.012602126403387637, 6.080913907014466e-88, 0.014169534545533675, 0.04840498313912134, 0.01352431034509048, 0.009269751789470104, 1.1018423510910807e-192, 0.019065813517203434, 0.020248654667464876, 0.03191461699438448, 0.0, 0.013272865291760841, 0.016596043779102614, 0.0628905073524093, 0.001518084313507449, 0.012353308029068925]
[0.01260091635656538, 0.0755024021471781, 6.092002842707175e-35, 0.0, 0.10755771851741967, 0.030293104696534283, 0.013757728068541718, 0.012019283648578832, 0.0, 0.014676312686156693, 0.007946708398683163, 0.030969757778990442, 0.01231446550258681, 0.0, 0.012620031361535066, 0.005694088276141145, 9.095404832469544e-170, 0.0, 0.012512027381130025, 0.08620064627658312, 0.06054750150130378, 0.030000781268101847, 0.013631076250636798, 0.011531319245564083, 0.011323600907016798, 0.032473204588039095, 0.01576383244803947, 0.0, 0.010574582805602797, 0.012527482586587648, 0.012552514093793956, 0.010748551505879549, 0.06942616589665114, 1.443707419129158e-53, 0.012409999819317506, 8.995604118077265e-107, 0.013961606222139667, 0.04850004263735307, 0.013322878279986329, 0.009116319947522954, 2.7841853603955287e-201, 0.01882741230391625, 0.020005183298538263, 0.03171840473004889, 0.0, 0.013073697955587701, 0.016368811410344887, 0.06340569666607877, 0.0013604470480599372, 0.012163695335996495]
[0.012545547686354306, 0.075771306498273, 4.686899054267733e-33, 0.0, 0.10820927223344357, 0.030215048345837024, 0.013697468762244272, 0.011966430938116411, 0.0, 0.014612600150740215, 0.007912903835563659, 0.030892227396919766, 0.012260318288774899, 0.0, 0.012564573098140745, 0.00567061858145702, 1.1159791168072649e-157, 0.0, 0.012457023661085889, 0.08659078373160166, 0.06065361236915811, 0.029921618034634345, 0.01357163993916454, 0.011480625640110494, 0.011273701592088115, 0.03239920405393169, 0.01569630333363568, 0.0, 0.010528253121711116, 0.012472408931007931, 0.012497344027858506, 0.010701416321178693, 0.06964311467674739, 1.2005889278780774e-51, 0.012355450522161662, 3.363417075038333e-98, 0.013900667669792487, 0.048509785322266914, 0.013264475715335428, 0.00907684164032852, 1.4220117049381533e-188, 0.01875072951931597, 0.019926178577144946, 0.03164102653511549, 0.0, 0.01301632898411491, 0.0162993193398789, 0.06354233724943505, 0.001401282817764782, 0.01211021071106006]
[0.012572364211989196, 0.0756018797679464, 2.045032447951728e-34, 0.0, 0.10776933717356822, 0.030300137326265526, 0.013729680658255475, 0.011990446304990408, 0.0, 0.014649732135975483, 0.007919394755228465, 0.030977624038422816, 0.012285703331652915, 0.0, 0.012591404828169946, 0.0056722494262857566, 1.5841690727862858e-184, 0.0, 0.012483321192773532, 0.08633132540578056, 0.06061187400403273, 0.030006621379245625, 0.013603482331393846, 0.01150207688391007, 0.011295043389005971, 0.032484214093853485, 0.01573914184327921, 0.0, 0.010545505716580958, 0.012498992242955318, 0.012523918512430041, 0.010719944228851447, 0.06951143051363348, 2.0727123776247586e-52, 0.012381305925087027, 1.0325196162595252e-114, 0.013934722167940023, 0.0485426346656859, 0.013294919664487473, 0.009087969519010532, 1.112002954086621e-207, 0.018807239615145823, 0.019988189366243407, 0.03172690574745542, 0.0, 0.013045657771378352, 0.016345418948196862, 0.06347634005275386, 0.0013169134481036571, 0.012134937256242016]
[0.012576017455251666, 0.07560039667550392, 3.440655664667976e-32, 0.0, 0.10786204362749931, 0.030279601606489872, 0.013733061867730847, 0.011994158764092155, 0.0, 0.014652665940730447, 0.007922301693033339, 0.030956272415497914, 0.012289395324021062, 0.0, 0.01259505208723814, 0.005674906396489692, 4.555631325560434e-185, 0.0, 0.01248698841951848, 0.08635639510625463, 0.060583475816776276, 0.029986754596409475, 0.013606709676848232, 0.01150576902403381, 0.011298925597007984, 0.032460542400908926, 0.015741328124689234, 0.0, 0.01054913772507337, 0.012502677657232864, 0.012527583119867488, 0.010723680547215576, 0.06949952096432858, 1.0314468730362531e-49, 0.012384976480398777, 2.704537916192388e-112, 0.01393801368186006, 0.04850687800792831, 0.013298429194237068, 0.009091307322233323, 6.936685430575323e-202, 0.018806376923507003, 0.019985573884281533, 0.03170484300861198, 0.0, 0.013049239217228384, 0.01634709019658482, 0.06345190887982824, 0.001331354944002998, 0.012138645473736573]
[0.012578031548584319, 0.07557660311302458, 1.3461482423684021e-34, 0.0, 0.10770604864288533, 0.03030572412776907, 0.01373560483296212, 0.011995976555545462, 0.0, 0.014655795071263555, 0.007923659017698273, 0.030983117132809886, 0.012291307425597767, 0.0, 0.012597080427103332, 0.005675471778513407, 2.7076762237522026e-184, 0.0, 0.01248897254908515, 0.08629439566392828, 0.06060114776916264, 0.030012312731223192, 0.013609355488583242, 0.01150749791738236, 0.011300372439632696, 0.032489341288896065, 0.015745348587912083, 0.0, 0.010550655578765182, 0.012504633931167705, 0.012529573593367416, 0.010725118615569705, 0.06949148335972957, 1.2713740273978126e-52, 0.012386931009537895, 8.092540985578819e-115, 0.013940635696623526, 0.048540474512759266, 0.01330073668277179, 0.009092652642161709, 5.396437940298712e-208, 0.018813782799624788, 0.019994750015740807, 0.031732301824823686, 0.0, 0.013051416598090658, 0.016351680824353912, 0.06346301089204481, 0.0013164974325003231, 0.012140499724869249]
[0.012583212493313196, 0.07555361514573528, 9.406652019614811e-35, 0.0, 0.10764928939966717, 0.030310629878639788, 0.013741018453497452, 0.012001036335904465, 0.0, 0.014661332870394813, 0.007927555893793185, 0.03098792088251479, 0.01229643255385448, 0.0, 0.012602271183480783, 0.0056784186123168025, 3.683318444808802e-184, 0.0, 0.012494143648035106, 0.08626106500368748, 0.06059117206693284, 0.030017316393230298, 0.013614720148307643, 0.01151245726939019, 0.011305248567686136, 0.03249380073224496, 0.015751006822918266, 0.0, 0.010555363971468829, 0.01250979806831299, 0.012534748161449167, 0.010729851565775423, 0.06947323116953148, 8.328503294196421e-53, 0.012392076090342844, 6.126880384919165e-115, 0.013946042177564864, 0.04853819008077741, 0.013306055232043127, 0.009096935849360773, 2.5799097667795934e-208, 0.0188197259565109, 0.02000070070947294, 0.031737029673836424, 0.0, 0.013056683514595484, 0.016357391575036306, 0.0634506927840957, 0.001316228853964193, 0.012145590054252097]
[0.015091473528436523, 0.06486693924631119, 2.023950215873176e-35, 0.0, 0.08493459721703073, 0.031706072663579374, 0.016264279862810815, 0.014481750740957165, 0.0, 0.017217638811333272, 0.01003633932992977, 0.03225243366920442, 0.014790497729256565, 0.0, 0.015109385467725195, 0.007388279350652079, 8.73698059582411e-59, 0.0, 0.014995733834595328, 0.07171451439012014, 0.05462956662418436, 0.03144161859589705, 0.01616990590443206, 0.013961051987138021, 0.01373709227416852, 0.03351394294893656, 0.018318151249185868, 1.6077042009805793e-176, 0.012941268056575793, 0.01501379586653399, 0.015040401407927988, 0.013139130460684495, 0.061156228127638934, 2.959358873544733e-60, 0.0148909245133686, 3.417964228122703e-43, 0.01649883730604045, 0.04612312125661101, 0.01583917037308628, 0.0113470081133095, 1.3449363555037355e-146, 0.021291424186781968, 0.02243514731499755, 0.03282852104569634, 2.0270593742284204e-210, 0.015583557673893902, 0.01892444527551275, 0.05667690512166243, 0.0030152318823802203, 0.014633616354649706]
[0.012625012558737625, 0.07534547863402703, 3.06747910073181e-34, 0.0, 0.10715283603913807, 0.03035924826515722, 0.0137862681495655, 0.012041074837681773, 0.0, 0.01470883449911471, 0.007954289117197788, 0.031035865242282877, 0.012337385380959163, 0.0, 0.012644143456087845, 0.0056977939450008706, 1.444439571647352e-163, 0.0, 0.012535700098036472, 0.08596267172733547, 0.06049846581697375, 0.030067036151714573, 0.013659284497109814, 0.011551008480572117, 0.011343161179997776, 0.03253831545124087, 0.015800917830623918, 0.0, 0.010590820882330739, 0.012551380493831773, 0.012576410855854208, 0.01076582822903297, 0.06930843417769313, 4.162182834788486e-53, 0.012433305869475617, 6.374108336738044e-101, 0.013991600332563922, 0.0485171223004279, 0.013349949279187005, 0.009127577873173932, 9.009812059993986e-200, 0.018875226175532493, 0.02005706647616274, 0.03178456495498292, 0.0, 0.01309984757924986, 0.016408460222874684, 0.06333685354958066, 0.0013946881109190919, 0.012186071129670387]
[0.012546086244580227, 0.07575427067300028, 8.970033428120889e-29, 0.0, 0.10807181935002182, 0.030223325122276348, 0.013697139856607525, 0.011967262839315826, 0.0, 0.014612373667318523, 0.007916439326176075, 0.030900255920146117, 0.012260961301302149, 0.0, 0.01256504750970046, 0.0056758905357816, 5.609704735029573e-134, 0.0, 0.01245753507571307, 0.08654058287757131, 0.060661656863303846, 0.029929076598418314, 0.013571902754040813, 0.011481573096580565, 0.011275074555443545, 0.032408351071404544, 0.015696168050203012, 8.289234039422563e-206, 0.010529915341886993, 0.012473021670880567, 0.012497895807825858, 0.010703273112260065, 0.06964584149564812, 5.719697785215653e-47, 0.012356055073097187, 4.1246080858336993e-81, 0.013900942829591409, 0.04852777495308934, 0.013264726639774368, 0.009079561887243475, 2.624079130281524e-162, 0.01875015532524236, 0.019926544268787604, 0.03164825279163726, 0.0, 0.013016750642884505, 0.01629937648007769, 0.06354820134763245, 0.0015079434602388608, 0.012110973443202885]
[0.013086829368260946, 0.07338528863150899, 1.248750141734683e-34, 0.0, 0.10296151454301304, 0.030615695796905807, 0.014258562528403334, 0.012495343586596474, 0.0, 0.015187537631568137, 0.008322838651762329, 0.0312733874753069, 0.012795654314441615, 0.0, 0.013106212033832691, 0.0059884204023507226, 1.2883912209746964e-116, 0.0, 0.012996429408683858, 0.08329713045356722, 0.0594219748296828, 0.03033303557269084, 0.014131587939927482, 0.011998171174067498, 0.011785563048800135, 0.03273003865057412, 0.01628284326549308, 0.0, 0.011021364212233417, 0.013012036635396487, 0.013037654226564652, 0.011199603736867049, 0.06774023593719503, 1.4879908886645745e-55, 0.012892733752227752, 6.186694405169182e-74, 0.014465361403297959, 0.0480661754762679, 0.013819225112064588, 0.00952662344765459, 3.0271541772467105e-177, 0.019349525378437576, 0.020520963130416313, 0.03200001029350927, 0.0, 0.013566565673021181, 0.01689036795460237, 0.062102860034375575, 0.0016923540327490366, 0.012642280104816508]
